u,v,key,line,length_m,spatial,transfer,edge_type,structure,geometry_wkt,source_line,target_line,transfer_distance_m,transfer_basis,travel_time_s,time_source,projection_method,projection_distance,projection_quality,reference_count,temporal_rate_s_per_m,observed
LIM-0001,LIM-0002,0,BRT,2414.418383261667,True,False,in_line,At Grade,"LINESTRING (-77.03741 -11.89639, -77.04804 -11.91545)",,,,,284.25875007058676,projected_lima_scenario,knn_inverse_distance_rate,0.5051585875349189,mode_fallback,12,0.1177338410116718,False
LIM-0002,LIM-0001,0,BRT,2414.418383261667,True,False,in_line,At Grade,"LINESTRING (-77.04804 -11.91545, -77.03741 -11.89639)",,,,,284.25875007058676,projected_lima_scenario,knn_inverse_distance_rate,0.5051585875349189,mode_fallback,12,0.1177338410116718,False
LIM-0002,LIM-0003,0,BRT,2361.591350179554,True,False,in_line,At Grade,"LINESTRING (-77.04804 -11.91545, -77.0564 -11.93505)",,,,,192.91634035807354,projected_lima_scenario,knn_inverse_distance_rate,0.5076060865625637,mode_fallback,12,0.08168912896103127,False
LIM-0003,LIM-0002,0,BRT,2361.591350179554,True,False,in_line,At Grade,"LINESTRING (-77.0564 -11.93505, -77.04804 -11.91545)",,,,,192.91634035807354,projected_lima_scenario,knn_inverse_distance_rate,0.5076060865625637,mode_fallback,12,0.08168912896103127,False
LIM-0003,LIM-0004,0,BRT,1366.9861853646648,True,False,in_line,At Grade,"LINESTRING (-77.0564 -11.93505, -77.06059 -11.94664)",,,,,151.77267944348844,projected_lima_scenario,knn_inverse_distance_rate,0.5212058552058498,mode_fallback,12,0.11102722256333607,False
LIM-0004,LIM-0003,0,BRT,1366.9861853646648,True,False,in_line,At Grade,"LINESTRING (-77.06059 -11.94664, -77.0564 -11.93505)",,,,,151.77267944348844,projected_lima_scenario,knn_inverse_distance_rate,0.5212058552058498,mode_fallback,12,0.11102722256333607,False
LIM-0004,LIM-0005,0,BRT,919.140598994212,True,False,in_line,At Grade,"LINESTRING (-77.06059 -11.94664, -77.05992 -11.95488)",,,,,141.67722726510104,projected_lima_scenario,knn_inverse_distance_rate,0.5035329255472134,mode_fallback,12,0.15414097410138794,False
LIM-0005,LIM-0004,0,BRT,919.140598994212,True,False,in_line,At Grade,"LINESTRING (-77.05992 -11.95488, -77.06059 -11.94664)",,,,,141.67722726510104,projected_lima_scenario,knn_inverse_distance_rate,0.5035329255472134,mode_fallback,12,0.15414097410138794,False
LIM-0005,LIM-0006,0,BRT,916.415479698198,True,False,in_line,At Grade,"LINESTRING (-77.05992 -11.95488, -77.06232 -11.96278)",,,,,113.1439594776661,projected_lima_scenario,knn_inverse_distance_rate,0.5055419083962842,mode_fallback,12,0.12346360573800833,False
LIM-0006,LIM-0005,0,BRT,916.415479698198,True,False,in_line,At Grade,"LINESTRING (-77.06232 -11.96278, -77.05992 -11.95488)",,,,,113.1439594776661,projected_lima_scenario,knn_inverse_distance_rate,0.5055419083962842,mode_fallback,12,0.12346360573800833,False
LIM-0006,LIM-0007,0,BRT,2185.483841116344,True,False,in_line,At Grade,"LINESTRING (-77.06232 -11.96278, -77.05874 -11.98212)",,,,,228.78378412559445,projected_lima_scenario,knn_inverse_distance_rate,0.5196525666043662,mode_fallback,12,0.10468335652792188,False
LIM-0007,LIM-0006,0,BRT,2185.483841116344,True,False,in_line,At Grade,"LINESTRING (-77.05874 -11.98212, -77.06232 -11.96278)",,,,,228.78378412559445,projected_lima_scenario,knn_inverse_distance_rate,0.5196525666043662,mode_fallback,12,0.10468335652792188,False
LIM-0007,LIM-0008,0,BRT,849.6438981090232,True,False,in_line,At Grade,"LINESTRING (-77.05874 -11.98212, -77.05696 -11.98956)",,,,,128.98896896138052,projected_lima_scenario,knn_inverse_distance_rate,0.5011391379361548,mode_fallback,12,0.15181533022064866,False
LIM-0008,LIM-0007,0,BRT,849.6438981090232,True,False,in_line,At Grade,"LINESTRING (-77.05696 -11.98956, -77.05874 -11.98212)",,,,,128.98896896138052,projected_lima_scenario,knn_inverse_distance_rate,0.5011391379361548,mode_fallback,12,0.15181533022064866,False
LIM-0008,LIM-0009,0,BRT,602.3716345710933,True,False,in_line,At Grade,"LINESTRING (-77.05696 -11.98956, -77.05597 -11.99489)",,,,,96.48277566520808,projected_lima_scenario,knn_inverse_distance_rate,0.5029978280627359,mode_fallback,12,0.16017151228229184,False
LIM-0009,LIM-0008,0,BRT,602.3716345710933,True,False,in_line,At Grade,"LINESTRING (-77.05597 -11.99489, -77.05696 -11.98956)",,,,,96.48277566520808,projected_lima_scenario,knn_inverse_distance_rate,0.5029978280627359,mode_fallback,12,0.16017151228229184,False
LIM-0009,LIM-0010,0,BRT,408.9812760153765,True,False,in_line,At Grade,"LINESTRING (-77.05597 -11.99489, -77.05525 -11.9985)",,,,,102.1908297900439,projected_lima_scenario,knn_inverse_distance_rate,0.6365549181378286,mode_fallback,12,0.24986676843905642,False
LIM-0010,LIM-0009,0,BRT,408.9812760153765,True,False,in_line,At Grade,"LINESTRING (-77.05525 -11.9985, -77.05597 -11.99489)",,,,,102.1908297900439,projected_lima_scenario,knn_inverse_distance_rate,0.6365549181378286,mode_fallback,12,0.24986676843905642,False
LIM-0010,LIM-0011,0,BRT,384.8091702571375,True,False,in_line,At Grade,"LINESTRING (-77.05525 -11.9985, -77.05478 -12.00193)",,,,,98.1023597034531,projected_lima_scenario,knn_inverse_distance_rate,0.6394354088266252,mode_fallback,12,0.2549376867445728,False
LIM-0011,LIM-0010,0,BRT,384.8091702571375,True,False,in_line,At Grade,"LINESTRING (-77.05478 -12.00193, -77.05525 -11.9985)",,,,,98.1023597034531,projected_lima_scenario,knn_inverse_distance_rate,0.6394354088266252,mode_fallback,12,0.2549376867445728,False
LIM-0011,LIM-0012,0,BRT,474.815994022367,True,False,in_line,At Grade,"LINESTRING (-77.05478 -12.00193, -77.05405 -12.00614)",,,,,95.81964150998989,projected_lima_scenario,knn_inverse_distance_rate,0.5087798272400168,mode_fallback,12,0.20180373600784002,False
LIM-0012,LIM-0011,0,BRT,474.815994022367,True,False,in_line,At Grade,"LINESTRING (-77.05405 -12.00614, -77.05478 -12.00193)",,,,,95.81964150998989,projected_lima_scenario,knn_inverse_distance_rate,0.5087798272400168,mode_fallback,12,0.20180373600784002,False
LIM-0012,LIM-0013,0,BRT,630.5575581351814,True,False,in_line,At Grade,"LINESTRING (-77.05405 -12.00614, -77.05286 -12.01169)",,,,,98.02498098974453,projected_lima_scenario,knn_inverse_distance_rate,0.5058338493424231,mode_fallback,12,0.15545762591387344,False
LIM-0013,LIM-0012,0,BRT,630.5575581351814,True,False,in_line,At Grade,"LINESTRING (-77.05286 -12.01169, -77.05405 -12.00614)",,,,,98.02498098974453,projected_lima_scenario,knn_inverse_distance_rate,0.5058338493424231,mode_fallback,12,0.15545762591387344,False
LIM-0013,LIM-0014,0,BRT,671.4328158231026,True,False,in_line,At Grade,"LINESTRING (-77.05286 -12.01169, -77.0515 -12.01758)",,,,,90.14438785989744,projected_lima_scenario,knn_inverse_distance_rate,0.505507454249846,mode_fallback,12,0.13425675024446093,False
LIM-0014,LIM-0013,0,BRT,671.4328158231026,True,False,in_line,At Grade,"LINESTRING (-77.0515 -12.01758, -77.05286 -12.01169)",,,,,90.14438785989744,projected_lima_scenario,knn_inverse_distance_rate,0.505507454249846,mode_fallback,12,0.13425675024446093,False
LIM-0014,LIM-0015,0,BRT,788.6924926845619,True,False,in_line,At Grade,"LINESTRING (-77.0515 -12.01758, -77.04887 -12.02419)",,,,,94.70162586279335,projected_lima_scenario,knn_inverse_distance_rate,0.5089758431524546,mode_fallback,12,0.1200742073002961,False
LIM-0014,LIM-0241,0,TRANSFER,186.3501850102103,False,True,transfer,Transfer,"LINESTRING (-77.0515 -12.01758, -77.0518 -12.01593)",BRT,L9,186.3501850102103,proximity,200.29182084184194,projected_lima_scenario,transfer_walk_rule,0.0,rule_based_transfer,0,1.0748141775704045,False
LIM-0015,LIM-0014,0,BRT,788.6924926845619,True,False,in_line,At Grade,"LINESTRING (-77.04887 -12.02419, -77.0515 -12.01758)",,,,,94.70162586279335,projected_lima_scenario,knn_inverse_distance_rate,0.5089758431524546,mode_fallback,12,0.1200742073002961,False
LIM-0015,LIM-0016,0,BRT,782.086667816918,True,False,in_line,At Grade,"LINESTRING (-77.04887 -12.02419, -77.04425 -12.02958)",,,,,89.75016227597341,projected_lima_scenario,knn_inverse_distance_rate,0.5120589345123515,mode_fallback,12,0.11475731011563978,False
LIM-0016,LIM-0015,0,BRT,782.086667816918,True,False,in_line,At Grade,"LINESTRING (-77.04425 -12.02958, -77.04887 -12.02419)",,,,,89.75016227597341,projected_lima_scenario,knn_inverse_distance_rate,0.5120589345123515,mode_fallback,12,0.11475731011563978,False
LIM-0016,LIM-0017,0,BRT,749.8874029044266,True,False,in_line,At Grade,"LINESTRING (-77.04425 -12.02958, -77.04367 -12.0363)",,,,,102.64222657445895,projected_lima_scenario,knn_inverse_distance_rate,0.5058017198751258,mode_fallback,12,0.1368768513471625,False
LIM-0017,LIM-0016,0,BRT,749.8874029044266,True,False,in_line,At Grade,"LINESTRING (-77.04367 -12.0363, -77.04425 -12.02958)",,,,,102.64222657445895,projected_lima_scenario,knn_inverse_distance_rate,0.5058017198751258,mode_fallback,12,0.1368768513471625,False
LIM-0017,LIM-0018,0,BRT,1137.3896346514284,True,False,in_line,At Grade,"LINESTRING (-77.04367 -12.0363, -77.04276 -12.04649)",,,,,142.4943775484707,projected_lima_scenario,knn_inverse_distance_rate,0.5146662223926032,mode_fallback,12,0.125281937875353,False
LIM-0017,LIM-0116,0,TRANSFER,188.84393680276,False,True,transfer,Transfer,"LINESTRING (-77.04367 -12.0363, -77.04207 -12.03696)",BRT,L3,188.84393680276,matching_name_and_proximity,202.36994733563333,projected_lima_scenario,transfer_walk_rule,0.0,rule_based_transfer,0,1.0716253365709099,False
LIM-0018,LIM-0017,0,BRT,1137.3896346514284,True,False,in_line,At Grade,"LINESTRING (-77.04276 -12.04649, -77.04367 -12.0363)",,,,,142.4943775484707,projected_lima_scenario,knn_inverse_distance_rate,0.5146662223926032,mode_fallback,12,0.125281937875353,False
LIM-0018,LIM-0019,0,BRT,607.0558046153114,True,False,in_line,At Grade,"LINESTRING (-77.04276 -12.04649, -77.04229 -12.05193)",,,,,101.33245230529252,projected_lima_scenario,knn_inverse_distance_rate,0.5037725152036969,mode_fallback,12,0.1669244434117658,False
LIM-0019,LIM-0018,0,BRT,607.0558046153114,True,False,in_line,At Grade,"LINESTRING (-77.04229 -12.05193, -77.04276 -12.04649)",,,,,101.33245230529252,projected_lima_scenario,knn_inverse_distance_rate,0.5037725152036969,mode_fallback,12,0.1669244434117658,False
LIM-0019,LIM-0020,0,BRT,652.2274090601945,True,False,in_line,At Grade,"LINESTRING (-77.04229 -12.05193, -77.04173 -12.05777)",,,,,95.6585093019777,projected_lima_scenario,knn_inverse_distance_rate,0.5040852068669872,mode_fallback,12,0.14666435045993187,False
LIM-0020,LIM-0019,0,BRT,652.2274090601945,True,False,in_line,At Grade,"LINESTRING (-77.04173 -12.05777, -77.04229 -12.05193)",,,,,95.6585093019777,projected_lima_scenario,knn_inverse_distance_rate,0.5040852068669872,mode_fallback,12,0.14666435045993187,False
LIM-0020,LIM-0021,0,BRT,1533.6386807834378,True,False,in_line,At Grade,"LINESTRING (-77.04173 -12.05777, -77.04147 -12.04398)",,,,,137.92138723859807,projected_lima_scenario,knn_inverse_distance_rate,0.5157870536058629,mode_fallback,12,0.08993082201613672,False
LIM-0021,LIM-0020,0,BRT,1533.6386807834378,True,False,in_line,At Grade,"LINESTRING (-77.04147 -12.04398, -77.04173 -12.05777)",,,,,137.92138723859807,projected_lima_scenario,knn_inverse_distance_rate,0.5157870536058629,mode_fallback,12,0.08993082201613672,False
LIM-0021,LIM-0022,0,BRT,551.3833429173774,True,False,in_line,At Grade,"LINESTRING (-77.04147 -12.04398, -77.03714 -12.04656)",,,,,102.54652525739262,projected_lima_scenario,knn_inverse_distance_rate,0.5233296445079679,mode_fallback,12,0.18598045547552713,False
LIM-0022,LIM-0021,0,BRT,551.3833429173774,True,False,in_line,At Grade,"LINESTRING (-77.03714 -12.04656, -77.04147 -12.04398)",,,,,102.54652525739262,projected_lima_scenario,knn_inverse_distance_rate,0.5233296445079679,mode_fallback,12,0.18598045547552713,False
LIM-0022,LIM-0023,0,BRT,545.7355748762312,True,False,in_line,At Grade,"LINESTRING (-77.03714 -12.04656, -77.03289 -12.04917)",,,,,90.85584963389238,projected_lima_scenario,knn_inverse_distance_rate,0.5141674603579783,mode_fallback,12,0.16648328204460155,False
LIM-0022,LIM-0115,0,TRANSFER,45.44190629520591,False,True,transfer,Transfer,"LINESTRING (-77.03714 -12.04656, -77.03752 -12.04639)",BRT,L3,45.44190629520591,matching_name_and_proximity,82.86825524600494,projected_lima_scenario,transfer_walk_rule,0.0,rule_based_transfer,0,1.8236086907900577,False
LIM-0023,LIM-0022,0,BRT,545.7355748762312,True,False,in_line,At Grade,"LINESTRING (-77.03289 -12.04917, -77.03714 -12.04656)",,,,,90.85584963389238,projected_lima_scenario,knn_inverse_distance_rate,0.5141674603579783,mode_fallback,12,0.16648328204460155,False
LIM-0023,LIM-0024,0,BRT,358.04931515991143,True,False,in_line,At Grade,"LINESTRING (-77.03289 -12.04917, -77.0329 -12.05239)",,,,,93.29722984740667,projected_lima_scenario,knn_inverse_distance_rate,0.6345907571255673,mode_fallback,12,0.2605708931624081,False
LIM-0024,LIM-0023,0,BRT,358.04931515991143,True,False,in_line,At Grade,"LINESTRING (-77.0329 -12.05239, -77.03289 -12.04917)",,,,,93.29722984740667,projected_lima_scenario,knn_inverse_distance_rate,0.6345907571255673,mode_fallback,12,0.2605708931624081,False
LIM-0024,LIM-0025,0,BRT,674.50009029665,True,False,in_line,At Grade,"LINESTRING (-77.0329 -12.05239, -77.03588 -12.05771)",,,,,92.6532403646599,projected_lima_scenario,knn_inverse_distance_rate,0.5021521023974066,mode_fallback,12,0.1373657938635862,False
LIM-0025,LIM-0024,0,BRT,674.50009029665,True,False,in_line,At Grade,"LINESTRING (-77.03588 -12.05771, -77.0329 -12.05239)",,,,,92.6532403646599,projected_lima_scenario,knn_inverse_distance_rate,0.5021521023974066,mode_fallback,12,0.1373657938635862,False
LIM-0025,LIM-0026,0,BRT,1309.995474967902,True,False,in_line,At Grade,"LINESTRING (-77.03588 -12.05771, -77.03199 -12.06886)",,,,,178.14065447903448,projected_lima_scenario,knn_inverse_distance_rate,0.5052032631543429,mode_fallback,12,0.13598570215168057,False
LIM-0025,LIM-0228,0,TRANSFER,125.3164504091732,False,True,transfer,Transfer,"LINESTRING (-77.03588 -12.05771, -77.03526 -12.05866)",BRT,L8,125.3164504091732,proximity,149.43037534097766,projected_lima_scenario,transfer_walk_rule,0.0,rule_based_transfer,0,1.1924242575740824,False
LIM-0026,LIM-0025,0,BRT,1309.995474967902,True,False,in_line,At Grade,"LINESTRING (-77.03199 -12.06886, -77.03588 -12.05771)",,,,,178.14065447903448,projected_lima_scenario,knn_inverse_distance_rate,0.5052032631543429,mode_fallback,12,0.13598570215168057,False
LIM-0026,LIM-0027,0,BRT,923.2462397466912,True,False,in_line,At Grade,"LINESTRING (-77.03199 -12.06886, -77.02897 -12.07662)",,,,,151.54444964303315,projected_lima_scenario,knn_inverse_distance_rate,0.5021437728843803,mode_fallback,12,0.16414304561328302,False
LIM-0027,LIM-0026,0,BRT,923.2462397466912,True,False,in_line,At Grade,"LINESTRING (-77.02897 -12.07662, -77.03199 -12.06886)",,,,,151.54444964303315,projected_lima_scenario,knn_inverse_distance_rate,0.5021437728843803,mode_fallback,12,0.16414304561328302,False
LIM-0027,LIM-0028,0,BRT,673.0989562655673,True,False,in_line,At Grade,"LINESTRING (-77.02897 -12.07662, -77.02667 -12.08224)",,,,,90.39378203338438,projected_lima_scenario,knn_inverse_distance_rate,0.503556053765142,mode_fallback,12,0.13429493715886856,False
LIM-0028,LIM-0027,0,BRT,673.0989562655673,True,False,in_line,At Grade,"LINESTRING (-77.02667 -12.08224, -77.02897 -12.07662)",,,,,90.39378203338438,projected_lima_scenario,knn_inverse_distance_rate,0.503556053765142,mode_fallback,12,0.13429493715886856,False
LIM-0028,LIM-0029,0,BRT,853.590534688295,True,False,in_line,At Grade,"LINESTRING (-77.02667 -12.08224, -77.02354 -12.08928)",,,,,115.48832561127331,projected_lima_scenario,knn_inverse_distance_rate,0.5031259969764643,mode_fallback,12,0.13529710196873973,False
LIM-0029,LIM-0028,0,BRT,853.590534688295,True,False,in_line,At Grade,"LINESTRING (-77.02354 -12.08928, -77.02667 -12.08224)",,,,,115.48832561127331,projected_lima_scenario,knn_inverse_distance_rate,0.5031259969764643,mode_fallback,12,0.13529710196873973,False
LIM-0029,LIM-0030,0,BRT,793.0893107950313,True,False,in_line,At Grade,"LINESTRING (-77.02354 -12.08928, -77.02483 -12.0963)",,,,,97.87922132142049,projected_lima_scenario,knn_inverse_distance_rate,0.5061242661836968,mode_fallback,12,0.12341513117015987,False
LIM-0029,LIM-0136,0,TRANSFER,186.8076426122298,False,True,transfer,Transfer,"LINESTRING (-77.02354 -12.08928, -77.02269 -12.09074)",BRT,L4,186.8076426122298,matching_name_and_proximity,200.6730355101915,projected_lima_scenario,transfer_walk_rule,0.0,rule_based_transfer,0,1.0742228353405385,False
LIM-0030,LIM-0029,0,BRT,793.0893107950313,True,False,in_line,At Grade,"LINESTRING (-77.02483 -12.0963, -77.02354 -12.08928)",,,,,97.87922132142049,projected_lima_scenario,knn_inverse_distance_rate,0.5061242661836968,mode_fallback,12,0.12341513117015987,False
LIM-0030,LIM-0031,0,BRT,714.7102840026258,True,False,in_line,At Grade,"LINESTRING (-77.02483 -12.0963, -77.02724 -12.10228)",,,,,122.18956597144319,projected_lima_scenario,knn_inverse_distance_rate,0.5029124795807303,mode_fallback,12,0.17096377190368547,False
LIM-0031,LIM-0030,0,BRT,714.7102840026258,True,False,in_line,At Grade,"LINESTRING (-77.02724 -12.10228, -77.02483 -12.0963)",,,,,122.18956597144319,projected_lima_scenario,knn_inverse_distance_rate,0.5029124795807303,mode_fallback,12,0.17096377190368547,False
LIM-0031,LIM-0032,0,BRT,652.0031374893533,True,False,in_line,At Grade,"LINESTRING (-77.02724 -12.10228, -77.02651 -12.1081)",,,,,95.62635082620868,projected_lima_scenario,knn_inverse_distance_rate,0.5039646641802134,mode_fallback,12,0.14666547647981246,False
LIM-0032,LIM-0031,0,BRT,652.0031374893533,True,False,in_line,At Grade,"LINESTRING (-77.02651 -12.1081, -77.02724 -12.10228)",,,,,95.62635082620868,projected_lima_scenario,knn_inverse_distance_rate,0.5039646641802134,mode_fallback,12,0.14666547647981246,False
LIM-0032,LIM-0033,0,BRT,548.6666435932573,True,False,in_line,At Grade,"LINESTRING (-77.02651 -12.1081, -77.02601 -12.11301)",,,,,91.34369550741505,projected_lima_scenario,knn_inverse_distance_rate,0.519524017242663,mode_fallback,12,0.16648304863076532,False
LIM-0033,LIM-0032,0,BRT,548.6666435932573,True,False,in_line,At Grade,"LINESTRING (-77.02601 -12.11301, -77.02651 -12.1081)",,,,,91.34369550741505,projected_lima_scenario,knn_inverse_distance_rate,0.519524017242663,mode_fallback,12,0.16648304863076532,False
LIM-0033,LIM-0034,0,BRT,640.5418282943797,True,False,in_line,At Grade,"LINESTRING (-77.02601 -12.11301, -77.02593 -12.11877)",,,,,93.58705795692586,projected_lima_scenario,knn_inverse_distance_rate,0.5135445574624996,mode_fallback,12,0.14610608366689706,False
LIM-0033,LIM-0182,0,TRANSFER,127.86184556938596,False,True,transfer,Transfer,"LINESTRING (-77.02601 -12.11301, -77.0249 -12.11339)",BRT,L6,127.86184556938596,proximity,151.55153797448833,projected_lima_scenario,transfer_walk_rule,0.0,rule_based_transfer,0,1.1852756958075255,False
LIM-0034,LIM-0033,0,BRT,640.5418282943797,True,False,in_line,At Grade,"LINESTRING (-77.02593 -12.11877, -77.02601 -12.11301)",,,,,93.58705795692586,projected_lima_scenario,knn_inverse_distance_rate,0.5135445574624996,mode_fallback,12,0.14610608366689706,False
LIM-0034,LIM-0035,0,BRT,695.4412795824239,True,False,in_line,At Grade,"LINESTRING (-77.02593 -12.11877, -77.02427 -12.12481)",,,,,109.66929494670725,projected_lima_scenario,knn_inverse_distance_rate,0.5124091741028965,mode_fallback,12,0.1576974191301355,False
LIM-0035,LIM-0034,0,BRT,695.4412795824239,True,False,in_line,At Grade,"LINESTRING (-77.02427 -12.12481, -77.02593 -12.11877)",,,,,109.66929494670725,projected_lima_scenario,knn_inverse_distance_rate,0.5124091741028965,mode_fallback,12,0.1576974191301355,False
LIM-0035,LIM-0036,0,BRT,535.235922294273,True,False,in_line,At Grade,"LINESTRING (-77.02427 -12.12481, -77.02282 -12.12941)",,,,,88.02051266825504,projected_lima_scenario,knn_inverse_distance_rate,0.5043468566468121,mode_fallback,12,0.16445180340467005,False
LIM-0035,LIM-0105,0,TRANSFER,80.2961676321965,False,True,transfer,Transfer,"LINESTRING (-77.02427 -12.12481, -77.02383 -12.12539)",BRT,L3,80.2961676321965,proximity,111.91347302683042,projected_lima_scenario,transfer_walk_rule,0.0,rule_based_transfer,0,1.3937585855835575,False
LIM-0036,LIM-0035,0,BRT,535.235922294273,True,False,in_line,At Grade,"LINESTRING (-77.02282 -12.12941, -77.02427 -12.12481)",,,,,88.02051266825504,projected_lima_scenario,knn_inverse_distance_rate,0.5043468566468121,mode_fallback,12,0.16445180340467005,False
LIM-0036,LIM-0037,0,BRT,829.8404521582181,True,False,in_line,At Grade,"LINESTRING (-77.02282 -12.12941, -77.01868 -12.13568)",,,,,110.64886757136547,projected_lima_scenario,knn_inverse_distance_rate,0.5041776613221053,mode_fallback,12,0.13333751962030052,False
LIM-0037,LIM-0036,0,BRT,829.8404521582181,True,False,in_line,At Grade,"LINESTRING (-77.01868 -12.13568, -77.02282 -12.12941)",,,,,110.64886757136547,projected_lima_scenario,knn_inverse_distance_rate,0.5041776613221053,mode_fallback,12,0.13333751962030052,False
LIM-0037,LIM-0038,0,BRT,616.7603946858806,True,False,in_line,At Grade,"LINESTRING (-77.01868 -12.13568, -77.01774 -12.14115)",,,,,103.7410708086575,projected_lima_scenario,knn_inverse_distance_rate,0.5055260229385873,mode_fallback,12,0.16820319803688658,False
LIM-0037,LIM-0165,0,TRANSFER,227.02893880724704,False,True,transfer,Transfer,"LINESTRING (-77.01868 -12.13568, -77.01789 -12.13379)",BRT,L5,227.02893880724704,proximity,234.19078233937253,projected_lima_scenario,transfer_walk_rule,0.0,rule_based_transfer,0,1.031545949911725,False
LIM-0038,LIM-0037,0,BRT,616.7603946858806,True,False,in_line,At Grade,"LINESTRING (-77.01774 -12.14115, -77.01868 -12.13568)",,,,,103.7410708086575,projected_lima_scenario,knn_inverse_distance_rate,0.5055260229385873,mode_fallback,12,0.16820319803688658,False
LIM-0038,LIM-0039,0,BRT,847.3283789540509,True,False,in_line,At Grade,"LINESTRING (-77.01774 -12.14115, -77.02014 -12.1484)",,,,,118.85885641010447,projected_lima_scenario,knn_inverse_distance_rate,0.5008445908604027,mode_fallback,12,0.1402748442779939,False
LIM-0038,LIM-0164,0,TRANSFER,62.269158920965786,False,True,transfer,Transfer,"LINESTRING (-77.01774 -12.14115, -77.01774 -12.14171)",BRT,L5,62.269158920965786,matching_name_and_proximity,96.8909657674715,projected_lima_scenario,transfer_walk_rule,0.0,rule_based_transfer,0,1.5560024809464494,False
LIM-0039,LIM-0038,0,BRT,847.3283789540509,True,False,in_line,At Grade,"LINESTRING (-77.02014 -12.1484, -77.01774 -12.14115)",,,,,118.85885641010447,projected_lima_scenario,knn_inverse_distance_rate,0.5008445908604027,mode_fallback,12,0.1402748442779939,False
LIM-0039,LIM-0040,0,BRT,497.0202817199788,True,False,in_line,At Grade,"LINESTRING (-77.02014 -12.1484, -77.01971 -12.15285)",,,,,84.6098304915408,projected_lima_scenario,knn_inverse_distance_rate,0.5123641388457925,mode_fallback,12,0.17023416066391026,False
LIM-0040,LIM-0039,0,BRT,497.0202817199788,True,False,in_line,At Grade,"LINESTRING (-77.01971 -12.15285, -77.02014 -12.1484)",,,,,84.6098304915408,projected_lima_scenario,knn_inverse_distance_rate,0.5123641388457925,mode_fallback,12,0.17023416066391026,False
LIM-0040,LIM-0041,0,BRT,741.3575721649931,True,False,in_line,At Grade,"LINESTRING (-77.01971 -12.15285, -77.0189 -12.15947)",,,,,84.56068170096616,projected_lima_scenario,knn_inverse_distance_rate,0.5027634520840945,mode_fallback,12,0.11406193836264847,False
LIM-0041,LIM-0040,0,BRT,741.3575721649931,True,False,in_line,At Grade,"LINESTRING (-77.0189 -12.15947, -77.01971 -12.15285)",,,,,84.56068170096616,projected_lima_scenario,knn_inverse_distance_rate,0.5027634520840945,mode_fallback,12,0.11406193836264847,False
LIM-0041,LIM-0042,0,BRT,1039.1071189158936,True,False,in_line,At Grade,"LINESTRING (-77.0189 -12.15947, -77.01859 -12.16881)",,,,,124.84359690208622,projected_lima_scenario,knn_inverse_distance_rate,0.5022804457695708,mode_fallback,12,0.12014506938643271,False
LIM-0042,LIM-0041,0,BRT,1039.1071189158936,True,False,in_line,At Grade,"LINESTRING (-77.01859 -12.16881, -77.0189 -12.15947)",,,,,124.84359690208622,projected_lima_scenario,knn_inverse_distance_rate,0.5022804457695708,mode_fallback,12,0.12014506938643271,False
LIM-0042,LIM-0043,0,BRT,555.4298210303917,True,False,in_line,At Grade,"LINESTRING (-77.01859 -12.16881, -77.01541 -12.17272)",,,,,100.00118738474322,projected_lima_scenario,knn_inverse_distance_rate,0.5262323623493309,mode_fallback,12,0.18004288498451254,False
LIM-0043,LIM-0042,0,BRT,555.4298210303917,True,False,in_line,At Grade,"LINESTRING (-77.01541 -12.17272, -77.01859 -12.16881)",,,,,100.00118738474322,projected_lima_scenario,knn_inverse_distance_rate,0.5262323623493309,mode_fallback,12,0.18004288498451254,False
LIM-0043,LIM-0044,0,BRT,913.6097858378027,True,False,in_line,At Grade,"LINESTRING (-77.01541 -12.17272, -77.00993 -12.17895)",,,,,112.82985781778835,projected_lima_scenario,knn_inverse_distance_rate,0.5055426848331127,mode_fallback,12,0.12349895936624693,False
LIM-0044,LIM-0043,0,BRT,913.6097858378027,True,False,in_line,At Grade,"LINESTRING (-77.00993 -12.17895, -77.01541 -12.17272)",,,,,112.82985781778835,projected_lima_scenario,knn_inverse_distance_rate,0.5055426848331127,mode_fallback,12,0.12349895936624693,False
LIM-0045,LIM-0046,0,L1,1356.1815067641,True,False,in_line,At Grade,"LINESTRING (-76.93360671401024 -12.207291133469996, -76.93944320082664 -12.196511052959696)",,,,,149.0221015036853,projected_lima_scenario,knn_inverse_distance_rate,0.518870024672535,mode_fallback,12,0.1098835965248174,False
LIM-0046,LIM-0045,0,L1,1356.1815067641,True,False,in_line,At Grade,"LINESTRING (-76.93944320082664 -12.196511052959696, -76.93360671401024 -12.207291133469996)",,,,,149.0221015036853,projected_lima_scenario,knn_inverse_distance_rate,0.518870024672535,mode_fallback,12,0.1098835965248174,False
LIM-0046,LIM-0047,0,L1,1772.7145693460316,True,False,in_line,At Grade,"LINESTRING (-76.93944320082664 -12.196511052959696, -76.94688498973846 -12.18232482670772)",,,,,179.07005960692237,projected_lima_scenario,knn_inverse_distance_rate,0.5199861744909617,mode_fallback,12,0.10101460364991682,False
LIM-0047,LIM-0046,0,L1,1772.7145693460316,True,False,in_line,At Grade,"LINESTRING (-76.94688498973846 -12.18232482670772, -76.93944320082664 -12.196511052959696)",,,,,179.07005960692237,projected_lima_scenario,knn_inverse_distance_rate,0.5199861744909617,mode_fallback,12,0.10101460364991682,False
LIM-0047,LIM-0048,0,L1,1497.5308231302497,True,False,in_line,At Grade,"LINESTRING (-76.94688498973846 -12.18232482670772, -76.9503504037857 -12.169290186006762)",,,,,118.20198158665798,projected_lima_scenario,knn_inverse_distance_rate,0.5229710220838094,mode_fallback,12,0.07893125120428804,False
LIM-0048,LIM-0047,0,L1,1497.5308231302497,True,False,in_line,At Grade,"LINESTRING (-76.9503504037857 -12.169290186006762, -76.94688498973846 -12.18232482670772)",,,,,118.20198158665798,projected_lima_scenario,knn_inverse_distance_rate,0.5229710220838094,mode_fallback,12,0.07893125120428804,False
LIM-0048,LIM-0049,0,L1,1110.9293441259765,True,False,in_line,At Grade,"LINESTRING (-76.9503504037857 -12.169290186006762, -76.95633441209793 -12.16119089872191)",,,,,109.05780795018975,projected_lima_scenario,knn_inverse_distance_rate,0.5086680570818779,mode_fallback,12,0.09816808650057846,False
LIM-0049,LIM-0048,0,L1,1110.9293441259765,True,False,in_line,At Grade,"LINESTRING (-76.95633441209793 -12.16119089872191, -76.9503504037857 -12.169290186006762)",,,,,109.05780795018975,projected_lima_scenario,knn_inverse_distance_rate,0.5086680570818779,mode_fallback,12,0.09816808650057846,False
LIM-0049,LIM-0050,0,L1,1142.2635978822532,True,False,in_line,At Grade,"LINESTRING (-76.95633441209793 -12.16119089872191, -76.96568459272385 -12.156502690902522)",,,,,124.58059264114021,projected_lima_scenario,knn_inverse_distance_rate,0.513306122024925,mode_fallback,12,0.10906466149504507,False
LIM-0050,LIM-0049,0,L1,1142.2635978822532,True,False,in_line,At Grade,"LINESTRING (-76.96568459272385 -12.156502690902522, -76.95633441209793 -12.16119089872191)",,,,,124.58059264114021,projected_lima_scenario,knn_inverse_distance_rate,0.513306122024925,mode_fallback,12,0.10906466149504507,False
LIM-0050,LIM-0051,0,L1,1631.4759445004383,True,False,in_line,At Grade,"LINESTRING (-76.96568459272385 -12.156502690902522, -76.97953552007675 -12.150852084524784)",,,,,107.73224755752751,projected_lima_scenario,knn_inverse_distance_rate,0.5081514412927045,mode_fallback,12,0.0660336108054081,False
LIM-0051,LIM-0050,0,L1,1631.4759445004383,True,False,in_line,At Grade,"LINESTRING (-76.97953552007675 -12.150852084524784, -76.96568459272385 -12.156502690902522)",,,,,107.73224755752751,projected_lima_scenario,knn_inverse_distance_rate,0.5081514412927045,mode_fallback,12,0.0660336108054081,False
LIM-0051,LIM-0052,0,L1,1550.7662924687995,True,False,in_line,At Grade,"LINESTRING (-76.97953552007675 -12.150852084524784, -76.99098855257034 -12.142537215398118)",,,,,123.87573145479631,projected_lima_scenario,knn_inverse_distance_rate,0.509941678673631,mode_fallback,12,0.07988033532608435,False
LIM-0052,LIM-0051,0,L1,1550.7662924687995,True,False,in_line,At Grade,"LINESTRING (-76.99098855257034 -12.142537215398118, -76.97953552007675 -12.150852084524784)",,,,,123.87573145479631,projected_lima_scenario,knn_inverse_distance_rate,0.509941678673631,mode_fallback,12,0.07988033532608435,False
LIM-0052,LIM-0053,0,L1,1085.445621194478,True,False,in_line,At Grade,"LINESTRING (-76.99098855257034 -12.142537215398118, -76.9970154762268 -12.134754409500156)",,,,,125.99838226992945,projected_lima_scenario,knn_inverse_distance_rate,0.5038387891076519,mode_fallback,12,0.11607986601049125,False
LIM-0053,LIM-0052,0,L1,1085.445621194478,True,False,in_line,At Grade,"LINESTRING (-76.9970154762268 -12.134754409500156, -76.99098855257034 -12.142537215398118)",,,,,125.99838226992945,projected_lima_scenario,knn_inverse_distance_rate,0.5038387891076519,mode_fallback,12,0.11607986601049125,False
LIM-0053,LIM-0054,0,L1,878.3882065612611,True,False,in_line,At Grade,"LINESTRING (-76.9970154762268 -12.134754409500156, -77.00062572956085 -12.127687277979916)",,,,,120.7571250955811,projected_lima_scenario,knn_inverse_distance_rate,0.5031480788246833,mode_fallback,12,0.13747580419860655,False
LIM-0054,LIM-0053,0,L1,878.3882065612611,True,False,in_line,At Grade,"LINESTRING (-77.00062572956085 -12.127687277979916, -76.9970154762268 -12.134754409500156)",,,,,120.7571250955811,projected_lima_scenario,knn_inverse_distance_rate,0.5031480788246833,mode_fallback,12,0.13747580419860655,False
LIM-0054,LIM-0055,0,L1,1846.5195665890528,True,False,in_line,At Grade,"LINESTRING (-77.00062572956085 -12.127687277979916, -77.0002743601799 -12.111084682396855)",,,,,177.17492928219374,projected_lima_scenario,knn_inverse_distance_rate,0.5075862137450712,mode_fallback,12,0.09595074565577265,False
LIM-0054,LIM-0102,0,TRANSFER,142.451773577302,False,True,transfer,Transfer,"LINESTRING (-77.00062572956085 -12.127687277979916, -77.0009 -12.12894)",L1,L3,142.451773577302,matching_name_and_proximity,163.70981131441835,projected_lima_scenario,transfer_walk_rule,0.0,rule_based_transfer,0,1.1492297161578027,False
LIM-0055,LIM-0054,0,L1,1846.5195665890528,True,False,in_line,At Grade,"LINESTRING (-77.0002743601799 -12.111084682396855, -77.00062572956085 -12.127687277979916)",,,,,177.17492928219374,projected_lima_scenario,knn_inverse_distance_rate,0.5075862137450712,mode_fallback,12,0.09595074565577265,False
LIM-0055,LIM-0056,0,L1,1135.4147140611774,True,False,in_line,At Grade,"LINESTRING (-77.0002743601799 -12.111084682396855, -77.00169190764427 -12.100968157748332)",,,,,106.4368140561672,projected_lima_scenario,knn_inverse_distance_rate,0.5145564356305666,mode_fallback,12,0.09374267634374893,False
LIM-0055,LIM-0180,0,TRANSFER,74.10154430737344,False,True,transfer,Transfer,"LINESTRING (-77.0002743601799 -12.111084682396855, -77.00051 -12.11171)",L1,L6,74.10154430737344,proximity,106.7512869228112,projected_lima_scenario,transfer_walk_rule,0.0,rule_based_transfer,0,1.4406081265999873,False
LIM-0056,LIM-0055,0,L1,1135.4147140611774,True,False,in_line,At Grade,"LINESTRING (-77.00169190764427 -12.100968157748332, -77.0002743601799 -12.111084682396855)",,,,,106.4368140561672,projected_lima_scenario,knn_inverse_distance_rate,0.5145564356305666,mode_fallback,12,0.09374267634374893,False
LIM-0056,LIM-0057,0,L1,1515.3211442051283,True,False,in_line,At Grade,"LINESTRING (-77.00169190764427 -12.100968157748332, -77.00367875397205 -12.087479736764962)",,,,,119.4596987641234,projected_lima_scenario,knn_inverse_distance_rate,0.5174336456554284,mode_fallback,12,0.07883457524562344,False
LIM-0057,LIM-0056,0,L1,1515.3211442051283,True,False,in_line,At Grade,"LINESTRING (-77.00367875397205 -12.087479736764962, -77.00169190764427 -12.100968157748332)",,,,,119.4596987641234,projected_lima_scenario,knn_inverse_distance_rate,0.5174336456554284,mode_fallback,12,0.07883457524562344,False
LIM-0057,LIM-0058,0,L1,1339.588993580081,True,False,in_line,At Grade,"LINESTRING (-77.00367875397205 -12.087479736764962, -77.01064109802246 -12.077540672115926)",,,,,156.20898603461228,projected_lima_scenario,knn_inverse_distance_rate,0.5172471627073454,mode_fallback,12,0.11660963682385919,False
LIM-0057,LIM-0134,0,TRANSFER,63.85198728709647,False,True,transfer,Transfer,"LINESTRING (-77.00367875397205 -12.087479736764962, -77.00355 -12.08804)",L1,L4,63.85198728709647,matching_name_and_proximity,98.20998940591372,projected_lima_scenario,transfer_walk_rule,0.0,rule_based_transfer,0,1.538088218998322,False
LIM-0058,LIM-0057,0,L1,1339.588993580081,True,False,in_line,At Grade,"LINESTRING (-77.01064109802246 -12.077540672115926, -77.00367875397205 -12.087479736764962)",,,,,156.20898603461228,projected_lima_scenario,knn_inverse_distance_rate,0.5172471627073454,mode_fallback,12,0.11660963682385919,False
LIM-0058,LIM-0059,0,L1,1392.595488415681,True,False,in_line,At Grade,"LINESTRING (-77.01064109802246 -12.077540672115926, -77.01241135597229 -12.06513697835038)",,,,,124.5849990783405,projected_lima_scenario,knn_inverse_distance_rate,0.5171755300445363,mode_fallback,12,0.08946244628443939,False
LIM-0059,LIM-0058,0,L1,1392.595488415681,True,False,in_line,At Grade,"LINESTRING (-77.01241135597229 -12.06513697835038, -77.01064109802246 -12.077540672115926)",,,,,124.5849990783405,projected_lima_scenario,knn_inverse_distance_rate,0.5171755300445363,mode_fallback,12,0.08946244628443939,False
LIM-0059,LIM-0060,0,L1,984.283670361866,True,False,in_line,At Grade,"LINESTRING (-77.01241135597229 -12.06513697835038, -77.01433651149273 -12.05648762614546)",,,,,100.74902601817905,projected_lima_scenario,knn_inverse_distance_rate,0.5030714771888238,mode_fallback,12,0.10235771358590078,False
LIM-0060,LIM-0059,0,L1,984.283670361866,True,False,in_line,At Grade,"LINESTRING (-77.01433651149273 -12.05648762614546, -77.01241135597229 -12.06513697835038)",,,,,100.74902601817905,projected_lima_scenario,knn_inverse_distance_rate,0.5030714771888238,mode_fallback,12,0.10235771358590078,False
LIM-0060,LIM-0061,0,L1,1249.565492040851,True,False,in_line,At Grade,"LINESTRING (-77.01433651149273 -12.05648762614546, -77.009676 -12.0462158)",,,,,127.00590027173867,projected_lima_scenario,knn_inverse_distance_rate,0.5094950359845435,mode_fallback,12,0.1016400509462745,False
LIM-0061,LIM-0060,0,L1,1249.565492040851,True,False,in_line,At Grade,"LINESTRING (-77.009676 -12.0462158, -77.01433651149273 -12.05648762614546)",,,,,127.00590027173867,projected_lima_scenario,knn_inverse_distance_rate,0.5094950359845435,mode_fallback,12,0.1016400509462745,False
LIM-0061,LIM-0062,0,L1,586.6776849457555,True,False,in_line,At Grade,"LINESTRING (-77.009676 -12.0462158, -77.0124116 -12.0416683)",,,,,97.8635695139554,projected_lima_scenario,knn_inverse_distance_rate,0.5068557798938139,mode_fallback,12,0.16680976970004222,False
LIM-0062,LIM-0061,0,L1,586.6776849457555,True,False,in_line,At Grade,"LINESTRING (-77.0124116 -12.0416683, -77.009676 -12.0462158)",,,,,97.8635695139554,projected_lima_scenario,knn_inverse_distance_rate,0.5068557798938139,mode_fallback,12,0.16680976970004222,False
LIM-0062,LIM-0063,0,L1,1520.7588598268794,True,False,in_line,At Grade,"LINESTRING (-77.0124116 -12.0416683, -77.0114031 -12.0280274)",,,,,119.85316121205683,projected_lima_scenario,knn_inverse_distance_rate,0.516426826277107,mode_fallback,12,0.07881141736415773,False
LIM-0063,LIM-0062,0,L1,1520.7588598268794,True,False,in_line,At Grade,"LINESTRING (-77.0114031 -12.0280274, -77.0124116 -12.0416683)",,,,,119.85316121205683,projected_lima_scenario,knn_inverse_distance_rate,0.516426826277107,mode_fallback,12,0.07881141736415773,False
LIM-0063,LIM-0064,0,L1,1436.6246460225775,True,False,in_line,At Grade,"LINESTRING (-77.0114031 -12.0280274, -77.0028844 -12.018153)",,,,,137.76148945539603,projected_lima_scenario,knn_inverse_distance_rate,0.5124995639859643,mode_fallback,12,0.09589247256532937,False
LIM-0063,LIM-0234,0,TRANSFER,49.27895158875209,False,True,transfer,Transfer,"LINESTRING (-77.0114031 -12.0280274, -77.01138 -12.02847)",L1,L8,49.27895158875209,matching_name_and_proximity,86.06579299062675,projected_lima_scenario,transfer_walk_rule,0.0,rule_based_transfer,0,1.7465021112638939,False
LIM-0064,LIM-0063,0,L1,1436.6246460225775,True,False,in_line,At Grade,"LINESTRING (-77.0028844 -12.018153, -77.0114031 -12.0280274)",,,,,137.76148945539603,projected_lima_scenario,knn_inverse_distance_rate,0.5124995639859643,mode_fallback,12,0.09589247256532937,False
LIM-0064,LIM-0065,0,L1,1337.8758676924208,True,False,in_line,At Grade,"LINESTRING (-77.0028844 -12.018153, -77.0062425 -12.0065782)",,,,,150.39867848150217,projected_lima_scenario,knn_inverse_distance_rate,0.5170644959265672,mode_fallback,12,0.11241601864073611,False
LIM-0065,LIM-0064,0,L1,1337.8758676924208,True,False,in_line,At Grade,"LINESTRING (-77.0062425 -12.0065782, -77.0028844 -12.018153)",,,,,150.39867848150217,projected_lima_scenario,knn_inverse_distance_rate,0.5170644959265672,mode_fallback,12,0.11241601864073611,False
LIM-0065,LIM-0066,0,L1,1034.8531152897642,True,False,in_line,At Grade,"LINESTRING (-77.0062425 -12.0065782, -77.0096896 -11.9979038)",,,,,106.01324083386022,projected_lima_scenario,knn_inverse_distance_rate,0.5031131470664066,mode_fallback,12,0.10244279044777864,False
LIM-0066,LIM-0065,0,L1,1034.8531152897642,True,False,in_line,At Grade,"LINESTRING (-77.0096896 -11.9979038, -77.0062425 -12.0065782)",,,,,106.01324083386022,projected_lima_scenario,knn_inverse_distance_rate,0.5031131470664066,mode_fallback,12,0.10244279044777864,False
LIM-0066,LIM-0067,0,L1,1454.8861873067192,True,False,in_line,At Grade,"LINESTRING (-77.0096896 -11.9979038, -77.0065139 -11.9851938)",,,,,137.10256935859283,projected_lima_scenario,knn_inverse_distance_rate,0.5237943579479467,mode_fallback,12,0.09423594130919387,False
LIM-0067,LIM-0066,0,L1,1454.8861873067192,True,False,in_line,At Grade,"LINESTRING (-77.0065139 -11.9851938, -77.0096896 -11.9979038)",,,,,137.10256935859283,projected_lima_scenario,knn_inverse_distance_rate,0.5237943579479467,mode_fallback,12,0.09423594130919387,False
LIM-0067,LIM-0068,0,L1,1348.004375602025,True,False,in_line,At Grade,"LINESTRING (-77.0065139 -11.9851938, -76.9999081 -11.9749367)",,,,,148.7817936130473,projected_lima_scenario,knn_inverse_distance_rate,0.5173594634197493,mode_fallback,12,0.11037189218811005,False
LIM-0068,LIM-0067,0,L1,1348.004375602025,True,False,in_line,At Grade,"LINESTRING (-76.9999081 -11.9749367, -77.0065139 -11.9851938)",,,,,148.7817936130473,projected_lima_scenario,knn_inverse_distance_rate,0.5173594634197493,mode_fallback,12,0.11037189218811005,False
LIM-0068,LIM-0069,0,L1,1020.8492046921812,True,False,in_line,At Grade,"LINESTRING (-76.9999081 -11.9749367, -76.9934924 -11.9682363)",,,,,122.59528058149006,projected_lima_scenario,knn_inverse_distance_rate,0.504661857257003,mode_fallback,12,0.1200914689632897,False
LIM-0069,LIM-0068,0,L1,1020.8492046921812,True,False,in_line,At Grade,"LINESTRING (-76.9934924 -11.9682363, -76.9999081 -11.9749367)",,,,,122.59528058149006,projected_lima_scenario,knn_inverse_distance_rate,0.504661857257003,mode_fallback,12,0.1200914689632897,False
LIM-0069,LIM-0070,0,L1,1157.708843333079,True,False,in_line,At Grade,"LINESTRING (-76.9934924 -11.9682363, -76.9871422 -11.9598812)",,,,,129.35417082799734,projected_lima_scenario,knn_inverse_distance_rate,0.5065200414932607,mode_fallback,12,0.11173290380643784,False
LIM-0070,LIM-0069,0,L1,1157.708843333079,True,False,in_line,At Grade,"LINESTRING (-76.9871422 -11.9598812, -76.9934924 -11.9682363)",,,,,129.35417082799734,projected_lima_scenario,knn_inverse_distance_rate,0.5065200414932607,mode_fallback,12,0.11173290380643784,False
LIM-0071,LIM-0072,0,L2,1006.4623378348842,True,False,in_line,At Grade,"LINESTRING (-76.91979 -12.02599, -76.92671 -12.032)",,,,,120.83784296772912,projected_lima_scenario,knn_inverse_distance_rate,0.5164670649861159,mode_fallback,12,0.12006196200811366,False
LIM-0072,LIM-0071,0,L2,1006.4623378348842,True,False,in_line,At Grade,"LINESTRING (-76.92671 -12.032, -76.91979 -12.02599)",,,,,120.83784296772912,projected_lima_scenario,knn_inverse_distance_rate,0.5164670649861159,mode_fallback,12,0.12006196200811366,False
LIM-0072,LIM-0073,0,L2,842.7879047336213,True,False,in_line,At Grade,"LINESTRING (-76.92671 -12.032, -76.9316 -12.03788)",,,,,99.50677757799038,projected_lima_scenario,knn_inverse_distance_rate,0.5029515119364116,mode_fallback,12,0.11806858762340845,False
LIM-0073,LIM-0072,0,L2,842.7879047336213,True,False,in_line,At Grade,"LINESTRING (-76.9316 -12.03788, -76.92671 -12.032)",,,,,99.50677757799038,projected_lima_scenario,knn_inverse_distance_rate,0.5029515119364116,mode_fallback,12,0.11806858762340845,False
LIM-0073,LIM-0074,0,L2,1034.2951377269787,True,False,in_line,At Grade,"LINESTRING (-76.9316 -12.03788, -76.93869 -12.04408)",,,,,105.95683852820221,projected_lima_scenario,knn_inverse_distance_rate,0.5033845705094856,mode_fallback,12,0.10244352377123082,False
LIM-0074,LIM-0073,0,L2,1034.2951377269787,True,False,in_line,At Grade,"LINESTRING (-76.93869 -12.04408, -76.9316 -12.03788)",,,,,105.95683852820221,projected_lima_scenario,knn_inverse_distance_rate,0.5033845705094856,mode_fallback,12,0.10244352377123082,False
LIM-0074,LIM-0075,0,L2,940.7712410428006,True,False,in_line,At Grade,"LINESTRING (-76.93869 -12.04408, -76.94669 -12.0473)",,,,,105.67036675871239,projected_lima_scenario,knn_inverse_distance_rate,0.5020383078385857,mode_fallback,12,0.1123231261210555,False
LIM-0074,LIM-0126,0,TRANSFER,94.63314984621272,False,True,transfer,Transfer,"LINESTRING (-76.93869 -12.04408, -76.93783 -12.04421)",L2,L4,94.63314984621272,matching_name_and_proximity,123.86095820517727,projected_lima_scenario,transfer_walk_rule,0.0,rule_based_transfer,0,1.3088538044698115,False
LIM-0075,LIM-0074,0,L2,940.7712410428006,True,False,in_line,At Grade,"LINESTRING (-76.94669 -12.0473, -76.93869 -12.04408)",,,,,105.67036675871239,projected_lima_scenario,knn_inverse_distance_rate,0.5020383078385857,mode_fallback,12,0.1123231261210555,False
LIM-0075,LIM-0076,0,L2,1133.189587242145,True,False,in_line,At Grade,"LINESTRING (-76.94669 -12.0473, -76.95633 -12.05117)",,,,,115.78687820740598,projected_lima_scenario,knn_inverse_distance_rate,0.5137228142304641,mode_fallback,12,0.10217785224200451,False
LIM-0076,LIM-0075,0,L2,1133.189587242145,True,False,in_line,At Grade,"LINESTRING (-76.95633 -12.05117, -76.94669 -12.0473)",,,,,115.78687820740598,projected_lima_scenario,knn_inverse_distance_rate,0.5137228142304641,mode_fallback,12,0.10217785224200451,False
LIM-0076,LIM-0077,0,L2,903.6531564788744,True,False,in_line,At Grade,"LINESTRING (-76.95633 -12.05117, -76.96402 -12.05425)",,,,,99.92639719612708,projected_lima_scenario,knn_inverse_distance_rate,0.5081657268395696,mode_fallback,12,0.1105804771218803,False
LIM-0077,LIM-0076,0,L2,903.6531564788744,True,False,in_line,At Grade,"LINESTRING (-76.96402 -12.05425, -76.95633 -12.05117)",,,,,99.92639719612708,projected_lima_scenario,knn_inverse_distance_rate,0.5081657268395696,mode_fallback,12,0.1105804771218803,False
LIM-0077,LIM-0078,0,L2,1185.904240146849,True,False,in_line,At Grade,"LINESTRING (-76.96402 -12.05425, -76.97404 -12.05846)",,,,,132.5459262805931,projected_lima_scenario,knn_inverse_distance_rate,0.5188225652918732,mode_fallback,12,0.11176781547233537,False
LIM-0077,LIM-0171,0,TRANSFER,110.5742877903532,False,True,transfer,Transfer,"LINESTRING (-76.96402 -12.05425, -76.96443 -12.05516)",L2,L6,110.5742877903532,proximity,137.14523982529434,projected_lima_scenario,transfer_walk_rule,0.0,rule_based_transfer,0,1.2402995539552484,False
LIM-0078,LIM-0077,0,L2,1185.904240146849,True,False,in_line,At Grade,"LINESTRING (-76.97404 -12.05846, -76.96402 -12.05425)",,,,,132.5459262805931,projected_lima_scenario,knn_inverse_distance_rate,0.5188225652918732,mode_fallback,12,0.11176781547233537,False
LIM-0078,LIM-0079,0,L2,1170.284735755887,True,False,in_line,At Grade,"LINESTRING (-76.97404 -12.05846, -76.98357 -12.06335)",,,,,130.80304732788522,projected_lima_scenario,knn_inverse_distance_rate,0.5069163979480716,mode_fallback,12,0.11177027549914982,False
LIM-0079,LIM-0078,0,L2,1170.284735755887,True,False,in_line,At Grade,"LINESTRING (-76.98357 -12.06335, -76.97404 -12.05846)",,,,,130.80304732788522,projected_lima_scenario,knn_inverse_distance_rate,0.5069163979480716,mode_fallback,12,0.11177027549914982,False
LIM-0079,LIM-0080,0,L2,1824.713441553541,True,False,in_line,At Grade,"LINESTRING (-76.98357 -12.06335, -77.00035 -12.06349)",,,,,180.90805825139103,projected_lima_scenario,knn_inverse_distance_rate,0.514739971402725,mode_fallback,12,0.0991432704618912,False
LIM-0080,LIM-0079,0,L2,1824.713441553541,True,False,in_line,At Grade,"LINESTRING (-77.00035 -12.06349, -76.98357 -12.06335)",,,,,180.90805825139103,projected_lima_scenario,knn_inverse_distance_rate,0.514739971402725,mode_fallback,12,0.0991432704618912,False
LIM-0080,LIM-0081,0,L2,818.1376693913388,True,False,in_line,At Grade,"LINESTRING (-77.00035 -12.06349, -77.00712 -12.06028)",,,,,99.3001257066877,projected_lima_scenario,knn_inverse_distance_rate,0.5052099235763325,mode_fallback,12,0.12137336957062857,False
LIM-0081,LIM-0080,0,L2,818.1376693913388,True,False,in_line,At Grade,"LINESTRING (-77.00712 -12.06028, -77.00035 -12.06349)",,,,,99.3001257066877,projected_lima_scenario,knn_inverse_distance_rate,0.5052099235763325,mode_fallback,12,0.12137336957062857,False
LIM-0081,LIM-0082,0,L2,679.0601927428072,True,False,in_line,At Grade,"LINESTRING (-77.00712 -12.06028, -77.01332 -12.06101)",,,,,76.60291085671656,projected_lima_scenario,knn_inverse_distance_rate,0.5031464537273899,mode_fallback,12,0.11280724695009442,False
LIM-0082,LIM-0081,0,L2,679.0601927428072,True,False,in_line,At Grade,"LINESTRING (-77.01332 -12.06101, -77.00712 -12.06028)",,,,,76.60291085671656,projected_lima_scenario,knn_inverse_distance_rate,0.5031464537273899,mode_fallback,12,0.11280724695009442,False
LIM-0082,LIM-0083,0,L2,860.6321595093234,True,False,in_line,At Grade,"LINESTRING (-77.01332 -12.06101, -77.02116 -12.06207)",,,,,122.49697778538398,projected_lima_scenario,knn_inverse_distance_rate,0.502565956317877,mode_fallback,12,0.1423337211279948,False
LIM-0083,LIM-0082,0,L2,860.6321595093234,True,False,in_line,At Grade,"LINESTRING (-77.02116 -12.06207, -77.01332 -12.06101)",,,,,122.49697778538398,projected_lima_scenario,knn_inverse_distance_rate,0.502565956317877,mode_fallback,12,0.1423337211279948,False
LIM-0083,LIM-0084,0,L2,955.7162326547534,True,False,in_line,At Grade,"LINESTRING (-77.02116 -12.06207, -77.02987 -12.06322)",,,,,116.08935269599897,projected_lima_scenario,knn_inverse_distance_rate,0.5028929617730313,mode_fallback,12,0.12146843250064952,False
LIM-0084,LIM-0083,0,L2,955.7162326547534,True,False,in_line,At Grade,"LINESTRING (-77.02987 -12.06322, -77.02116 -12.06207)",,,,,116.08935269599897,projected_lima_scenario,knn_inverse_distance_rate,0.5028929617730313,mode_fallback,12,0.12146843250064952,False
LIM-0084,LIM-0085,0,L2,641.7800166434002,True,False,in_line,At Grade,"LINESTRING (-77.02987 -12.06322, -77.03507 -12.06049)",,,,,81.50944039872182,projected_lima_scenario,knn_inverse_distance_rate,0.5130643753993068,mode_fallback,12,0.12700526392988623,False
LIM-0085,LIM-0084,0,L2,641.7800166434002,True,False,in_line,At Grade,"LINESTRING (-77.03507 -12.06049, -77.02987 -12.06322)",,,,,81.50944039872182,projected_lima_scenario,knn_inverse_distance_rate,0.5130643753993068,mode_fallback,12,0.12700526392988623,False
LIM-0085,LIM-0086,0,L2,692.7499156570691,True,False,in_line,At Grade,"LINESTRING (-77.03507 -12.06049, -77.04144 -12.0604)",,,,,94.99633603537507,projected_lima_scenario,knn_inverse_distance_rate,0.5085313128935666,mode_fallback,12,0.13712933612596923,False
LIM-0085,LIM-0228,0,TRANSFER,204.53291023484064,False,True,transfer,Transfer,"LINESTRING (-77.03507 -12.06049, -77.03526 -12.05866)",L2,L8,204.53291023484064,proximity,215.4440918623672,projected_lima_scenario,transfer_walk_rule,0.0,rule_based_transfer,0,1.0533468262637957,False
LIM-0086,LIM-0085,0,L2,692.7499156570691,True,False,in_line,At Grade,"LINESTRING (-77.04144 -12.0604, -77.03507 -12.06049)",,,,,94.99633603537507,projected_lima_scenario,knn_inverse_distance_rate,0.5085313128935666,mode_fallback,12,0.13712933612596923,False
LIM-0086,LIM-0087,0,L2,1191.3624702494162,True,False,in_line,At Grade,"LINESTRING (-77.04144 -12.0604, -77.05186 -12.05709)",,,,,117.56634390898151,projected_lima_scenario,knn_inverse_distance_rate,0.5210334112443766,mode_fallback,12,0.09868226240530185,False
LIM-0087,LIM-0086,0,L2,1191.3624702494162,True,False,in_line,At Grade,"LINESTRING (-77.05186 -12.05709, -77.04144 -12.0604)",,,,,117.56634390898151,projected_lima_scenario,knn_inverse_distance_rate,0.5210334112443766,mode_fallback,12,0.09868226240530185,False
LIM-0087,LIM-0088,0,L2,627.8398136724948,True,False,in_line,At Grade,"LINESTRING (-77.05186 -12.05709, -77.0574 -12.0555)",,,,,87.57273741661325,projected_lima_scenario,knn_inverse_distance_rate,0.5037288676935324,mode_fallback,12,0.13948261245868446,False
LIM-0088,LIM-0087,0,L2,627.8398136724948,True,False,in_line,At Grade,"LINESTRING (-77.0574 -12.0555, -77.05186 -12.05709)",,,,,87.57273741661325,projected_lima_scenario,knn_inverse_distance_rate,0.5037288676935324,mode_fallback,12,0.13948261245868446,False
LIM-0088,LIM-0089,0,L2,1035.7054054194175,True,False,in_line,At Grade,"LINESTRING (-77.0574 -12.0555, -77.0667 -12.05751)",,,,,108.15983833604275,projected_lima_scenario,knn_inverse_distance_rate,0.502822542669963,mode_fallback,12,0.10443108413848871,False
LIM-0089,LIM-0088,0,L2,1035.7054054194175,True,False,in_line,At Grade,"LINESTRING (-77.0667 -12.05751, -77.0574 -12.0555)",,,,,108.15983833604275,projected_lima_scenario,knn_inverse_distance_rate,0.502822542669963,mode_fallback,12,0.10443108413848871,False
LIM-0089,LIM-0090,0,L2,721.3082922770984,True,False,in_line,At Grade,"LINESTRING (-77.0667 -12.05751, -77.07323 -12.05865)",,,,,116.19604834052059,projected_lima_scenario,knn_inverse_distance_rate,0.5013085220878885,mode_fallback,12,0.1610906869983447,False
LIM-0090,LIM-0089,0,L2,721.3082922770984,True,False,in_line,At Grade,"LINESTRING (-77.07323 -12.05865, -77.0667 -12.05751)",,,,,116.19604834052059,projected_lima_scenario,knn_inverse_distance_rate,0.5013085220878885,mode_fallback,12,0.1610906869983447,False
LIM-0090,LIM-0091,0,L2,962.6987698064772,True,False,in_line,At Grade,"LINESTRING (-77.07323 -12.05865, -77.0815 -12.05556)",,,,,102.20351984985642,projected_lima_scenario,knn_inverse_distance_rate,0.5007202550086107,mode_fallback,12,0.10616355090014448,False
LIM-0091,LIM-0090,0,L2,962.6987698064772,True,False,in_line,At Grade,"LINESTRING (-77.0815 -12.05556, -77.07323 -12.05865)",,,,,102.20351984985642,projected_lima_scenario,knn_inverse_distance_rate,0.5007202550086107,mode_fallback,12,0.10616355090014448,False
LIM-0091,LIM-0092,0,L2,963.4024661857544,True,False,in_line,At Grade,"LINESTRING (-77.0815 -12.05556, -77.08964 -12.05214)",,,,,102.28736540327205,projected_lima_scenario,knn_inverse_distance_rate,0.5011490200060822,mode_fallback,12,0.10617303670421573,False
LIM-0091,LIM-0192,0,TRANSFER,82.65184029288073,False,True,transfer,Transfer,"LINESTRING (-77.0815 -12.05556, -77.08074 -12.05557)",L2,L6,82.65184029288073,matching_name_and_proximity,113.87653357740062,projected_lima_scenario,transfer_walk_rule,0.0,rule_based_transfer,0,1.377785820302049,False
LIM-0092,LIM-0091,0,L2,963.4024661857544,True,False,in_line,At Grade,"LINESTRING (-77.08964 -12.05214, -77.0815 -12.05556)",,,,,102.28736540327205,projected_lima_scenario,knn_inverse_distance_rate,0.5011490200060822,mode_fallback,12,0.10617303670421573,False
LIM-0092,LIM-0093,0,L2,938.7568049191156,True,False,in_line,At Grade,"LINESTRING (-77.08964 -12.05214, -77.09816 -12.0535)",,,,,110.89213788120225,projected_lima_scenario,knn_inverse_distance_rate,0.5024732264256726,mode_fallback,12,0.11812658752525032,False
LIM-0093,LIM-0092,0,L2,938.7568049191156,True,False,in_line,At Grade,"LINESTRING (-77.09816 -12.0535, -77.08964 -12.05214)",,,,,110.89213788120225,projected_lima_scenario,knn_inverse_distance_rate,0.5024732264256726,mode_fallback,12,0.11812658752525032,False
LIM-0093,LIM-0094,0,L2,854.6229275371079,True,False,in_line,At Grade,"LINESTRING (-77.09816 -12.0535, -77.10587 -12.05499)",,,,,100.54470030864299,projected_lima_scenario,knn_inverse_distance_rate,0.502116056774815,mode_fallback,12,0.11764802589417696,False
LIM-0093,LIM-0146,0,TRANSFER,43.70554519351277,False,True,transfer,Transfer,"LINESTRING (-77.09816 -12.0535, -77.09811 -12.05311)",L2,L4,43.70554519351277,matching_name_and_proximity,81.42128766126064,projected_lima_scenario,transfer_walk_rule,0.0,rule_based_transfer,0,1.8629509665365307,False
LIM-0094,LIM-0093,0,L2,854.6229275371079,True,False,in_line,At Grade,"LINESTRING (-77.10587 -12.05499, -77.09816 -12.0535)",,,,,100.54470030864299,projected_lima_scenario,knn_inverse_distance_rate,0.502116056774815,mode_fallback,12,0.11764802589417696,False
LIM-0094,LIM-0095,0,L2,997.0320732785592,True,False,in_line,At Grade,"LINESTRING (-77.10587 -12.05499, -77.11485 -12.0568)",,,,,102.06599126625419,projected_lima_scenario,knn_inverse_distance_rate,0.51395122413002,mode_fallback,12,0.10236981738273342,False
LIM-0095,LIM-0094,0,L2,997.0320732785592,True,False,in_line,At Grade,"LINESTRING (-77.11485 -12.0568, -77.10587 -12.05499)",,,,,102.06599126625419,projected_lima_scenario,knn_inverse_distance_rate,0.51395122413002,mode_fallback,12,0.10236981738273342,False
LIM-0095,LIM-0096,0,L2,1415.3190266168374,True,False,in_line,At Grade,"LINESTRING (-77.11485 -12.0568, -77.12763 -12.05921)",,,,,135.41056855106132,projected_lima_scenario,knn_inverse_distance_rate,0.5057127740024158,mode_fallback,12,0.09567494395574205,False
LIM-0095,LIM-0249,0,TRANSFER,84.7743566590924,False,True,transfer,Transfer,"LINESTRING (-77.11485 -12.0568, -77.11471 -12.05755)",L2,L9,84.7743566590924,proximity,115.64529721591035,projected_lima_scenario,transfer_walk_rule,0.0,rule_based_transfer,0,1.3641542298098572,False
LIM-0096,LIM-0095,0,L2,1415.3190266168374,True,False,in_line,At Grade,"LINESTRING (-77.12763 -12.05921, -77.11485 -12.0568)",,,,,135.41056855106132,projected_lima_scenario,knn_inverse_distance_rate,0.5057127740024158,mode_fallback,12,0.09567494395574205,False
LIM-0096,LIM-0097,0,L2,1450.0978587446891,True,False,in_line,At Grade,"LINESTRING (-77.12763 -12.05921, -77.13899 -12.05238)",,,,,136.5862866705007,projected_lima_scenario,knn_inverse_distance_rate,0.5210293920100896,mode_fallback,12,0.09419108224098738,False
LIM-0097,LIM-0096,0,L2,1450.0978587446891,True,False,in_line,At Grade,"LINESTRING (-77.13899 -12.05238, -77.12763 -12.05921)",,,,,136.5862866705007,projected_lima_scenario,knn_inverse_distance_rate,0.5210293920100896,mode_fallback,12,0.09419108224098738,False
LIM-0098,LIM-0099,0,L3,1038.197462526085,True,False,in_line,At Grade,"LINESTRING (-76.98121 -12.15726, -76.98265 -12.14803)",,,,,108.45167681393785,projected_lima_scenario,knn_inverse_distance_rate,0.5020169408905564,mode_fallback,12,0.10446151211934114,False
LIM-0099,LIM-0098,0,L3,1038.197462526085,True,False,in_line,At Grade,"LINESTRING (-76.98265 -12.14803, -76.98121 -12.15726)",,,,,108.45167681393785,projected_lima_scenario,knn_inverse_distance_rate,0.5020169408905564,mode_fallback,12,0.10446151211934114,False
LIM-0099,LIM-0100,0,L3,1872.1327405595312,True,False,in_line,At Grade,"LINESTRING (-76.98265 -12.14803, -76.97854 -12.13168)",,,,,177.80471974521433,projected_lima_scenario,knn_inverse_distance_rate,0.5055169927630926,mode_fallback,12,0.09497441922418022,False
LIM-0100,LIM-0099,0,L3,1872.1327405595312,True,False,in_line,At Grade,"LINESTRING (-76.97854 -12.13168, -76.98265 -12.14803)",,,,,177.80471974521433,projected_lima_scenario,knn_inverse_distance_rate,0.5055169927630926,mode_fallback,12,0.09497441922418022,False
LIM-0100,LIM-0101,0,L3,1079.7124491389125,True,False,in_line,At Grade,"LINESTRING (-76.97854 -12.13168, -76.98764 -12.12779)",,,,,125.27069730921293,projected_lima_scenario,knn_inverse_distance_rate,0.5040048635784601,mode_fallback,12,0.11602227742128775,False
LIM-0101,LIM-0100,0,L3,1079.7124491389125,True,False,in_line,At Grade,"LINESTRING (-76.98764 -12.12779, -76.97854 -12.13168)",,,,,125.27069730921293,projected_lima_scenario,knn_inverse_distance_rate,0.5040048635784601,mode_fallback,12,0.11602227742128775,False
LIM-0101,LIM-0102,0,L3,1447.194704365407,True,False,in_line,At Grade,"LINESTRING (-76.98764 -12.12779, -77.0009 -12.12894)",,,,,136.2737145079149,projected_lima_scenario,knn_inverse_distance_rate,0.5193425492318174,mode_fallback,12,0.09416405000436395,False
LIM-0102,LIM-0101,0,L3,1447.194704365407,True,False,in_line,At Grade,"LINESTRING (-77.0009 -12.12894, -76.98764 -12.12779)",,,,,136.2737145079149,projected_lima_scenario,knn_inverse_distance_rate,0.5193425492318174,mode_fallback,12,0.09416405000436395,False
LIM-0102,LIM-0103,0,L3,969.4369490802518,True,False,in_line,At Grade,"LINESTRING (-77.0009 -12.12894, -77.0097 -12.12753)",,,,,119.14060470999478,projected_lima_scenario,knn_inverse_distance_rate,0.5037687497653447,mode_fallback,12,0.1228967028985524,False
LIM-0102,LIM-0054,0,TRANSFER,142.451773577302,False,True,transfer,Transfer,"LINESTRING (-77.0009 -12.12894, -77.00062572956085 -12.127687277979916)",L3,L1,142.451773577302,matching_name_and_proximity,163.70981131441835,projected_lima_scenario,transfer_walk_rule,0.0,rule_based_transfer,0,1.1492297161578027,False
LIM-0103,LIM-0102,0,L3,969.4369490802518,True,False,in_line,At Grade,"LINESTRING (-77.0097 -12.12753, -77.0009 -12.12894)",,,,,119.14060470999478,projected_lima_scenario,knn_inverse_distance_rate,0.5037687497653447,mode_fallback,12,0.1228967028985524,False
LIM-0103,LIM-0104,0,L3,899.5647042674765,True,False,in_line,At Grade,"LINESTRING (-77.0097 -12.12753, -77.01788 -12.12631)",,,,,99.45940214045127,projected_lima_scenario,knn_inverse_distance_rate,0.5081482173934804,mode_fallback,12,0.11056392238226148,False
LIM-0104,LIM-0103,0,L3,899.5647042674765,True,False,in_line,At Grade,"LINESTRING (-77.01788 -12.12631, -77.0097 -12.12753)",,,,,99.45940214045127,projected_lima_scenario,knn_inverse_distance_rate,0.5081482173934804,mode_fallback,12,0.11056392238226148,False
LIM-0104,LIM-0105,0,L3,654.8877304648105,True,False,in_line,At Grade,"LINESTRING (-77.01788 -12.12631, -77.02383 -12.12539)",,,,,83.51298282089411,projected_lima_scenario,knn_inverse_distance_rate,0.5054805693842729,mode_fallback,12,0.12752259499749716,False
LIM-0104,LIM-0166,0,TRANSFER,34.00401279472245,False,True,transfer,Transfer,"LINESTRING (-77.01788 -12.12631, -77.01814 -12.12614)",L3,L5,34.00401279472245,proximity,73.33667732893538,projected_lima_scenario,transfer_walk_rule,0.0,rule_based_transfer,0,2.1567065561249734,False
LIM-0105,LIM-0104,0,L3,654.8877304648105,True,False,in_line,At Grade,"LINESTRING (-77.02383 -12.12539, -77.01788 -12.12631)",,,,,83.51298282089411,projected_lima_scenario,knn_inverse_distance_rate,0.5054805693842729,mode_fallback,12,0.12752259499749716,False
LIM-0105,LIM-0106,0,L3,778.0190908933492,True,False,in_line,At Grade,"LINESTRING (-77.02383 -12.12539, -77.02915 -12.12071)",,,,,93.5588190739594,projected_lima_scenario,knn_inverse_distance_rate,0.5104099775664938,mode_fallback,12,0.12025260069972298,False
LIM-0105,LIM-0035,0,TRANSFER,80.2961676321965,False,True,transfer,Transfer,"LINESTRING (-77.02383 -12.12539, -77.02427 -12.12481)",L3,BRT,80.2961676321965,proximity,111.91347302683042,projected_lima_scenario,transfer_walk_rule,0.0,rule_based_transfer,0,1.3937585855835575,False
LIM-0106,LIM-0105,0,L3,778.0190908933492,True,False,in_line,At Grade,"LINESTRING (-77.02915 -12.12071, -77.02383 -12.12539)",,,,,93.5588190739594,projected_lima_scenario,knn_inverse_distance_rate,0.5104099775664938,mode_fallback,12,0.12025260069972298,False
LIM-0106,LIM-0107,0,L3,1017.8120125464068,True,False,in_line,At Grade,"LINESTRING (-77.02915 -12.12071, -77.03025 -12.11162)",,,,,122.27381062628916,projected_lima_scenario,knn_inverse_distance_rate,0.506105738385841,mode_fallback,12,0.1201339826206012,False
LIM-0107,LIM-0106,0,L3,1017.8120125464068,True,False,in_line,At Grade,"LINESTRING (-77.03025 -12.11162, -77.02915 -12.12071)",,,,,122.27381062628916,projected_lima_scenario,knn_inverse_distance_rate,0.506105738385841,mode_fallback,12,0.1201339826206012,False
LIM-0107,LIM-0108,0,L3,902.6838123266156,True,False,in_line,At Grade,"LINESTRING (-77.03025 -12.11162, -77.0316 -12.10361)",,,,,99.81566939027255,projected_lima_scenario,knn_inverse_distance_rate,0.5081688933733385,mode_fallback,12,0.11057655851056351,False
LIM-0108,LIM-0107,0,L3,902.6838123266156,True,False,in_line,At Grade,"LINESTRING (-77.0316 -12.10361, -77.03025 -12.11162)",,,,,99.81566939027255,projected_lima_scenario,knn_inverse_distance_rate,0.5081688933733385,mode_fallback,12,0.11057655851056351,False
LIM-0108,LIM-0109,0,L3,1270.9902938141597,True,False,in_line,At Grade,"LINESTRING (-77.0316 -12.10361, -77.03336 -12.09231)",,,,,129.34029715124348,projected_lima_scenario,knn_inverse_distance_rate,0.5184314159958813,mode_fallback,12,0.10176340274251947,False
LIM-0109,LIM-0108,0,L3,1270.9902938141597,True,False,in_line,At Grade,"LINESTRING (-77.03336 -12.09231, -77.0316 -12.10361)",,,,,129.34029715124348,projected_lima_scenario,knn_inverse_distance_rate,0.5184314159958813,mode_fallback,12,0.10176340274251947,False
LIM-0109,LIM-0110,0,L3,994.1858216395826,True,False,in_line,At Grade,"LINESTRING (-77.03336 -12.09231, -77.03473 -12.08347)",,,,,101.77477194641713,projected_lima_scenario,knn_inverse_distance_rate,0.5110922892515044,mode_fallback,12,0.10236996920613202,False
LIM-0109,LIM-0137,0,TRANSFER,28.356533947636382,False,True,transfer,Transfer,"LINESTRING (-77.03336 -12.09231, -77.03362 -12.09229)",L3,L4,28.356533947636382,matching_name_and_proximity,68.63044495636365,projected_lima_scenario,transfer_walk_rule,0.0,rule_based_transfer,0,2.420269172639283,False
LIM-0110,LIM-0109,0,L3,994.1858216395826,True,False,in_line,At Grade,"LINESTRING (-77.03473 -12.08347, -77.03336 -12.09231)",,,,,101.77477194641713,projected_lima_scenario,knn_inverse_distance_rate,0.5110922892515044,mode_fallback,12,0.10236996920613202,False
LIM-0110,LIM-0111,0,L3,768.3683660758263,True,False,in_line,At Grade,"LINESTRING (-77.03473 -12.08347, -77.03566 -12.07662)",,,,,92.32653294303088,projected_lima_scenario,knn_inverse_distance_rate,0.502246721288072,mode_fallback,12,0.12015920620802815,False
LIM-0111,LIM-0110,0,L3,768.3683660758263,True,False,in_line,At Grade,"LINESTRING (-77.03566 -12.07662, -77.03473 -12.08347)",,,,,92.32653294303088,projected_lima_scenario,knn_inverse_distance_rate,0.502246721288072,mode_fallback,12,0.12015920620802815,False
LIM-0111,LIM-0112,0,L3,815.308841481463,True,False,in_line,At Grade,"LINESTRING (-77.03566 -12.07662, -77.03671 -12.06936)",,,,,100.21422855812902,projected_lima_scenario,knn_inverse_distance_rate,0.5029876637438246,mode_fallback,12,0.12291566515583716,False
LIM-0112,LIM-0111,0,L3,815.308841481463,True,False,in_line,At Grade,"LINESTRING (-77.03671 -12.06936, -77.03566 -12.07662)",,,,,100.21422855812902,projected_lima_scenario,knn_inverse_distance_rate,0.5029876637438246,mode_fallback,12,0.12291566515583716,False
LIM-0112,LIM-0113,0,L3,1066.7877846308384,True,False,in_line,At Grade,"LINESTRING (-77.03671 -12.06936, -77.03784 -12.05983)",,,,,114.190657618273,projected_lima_scenario,knn_inverse_distance_rate,0.5121332295584434,mode_fallback,12,0.10704158714920854,False
LIM-0113,LIM-0112,0,L3,1066.7877846308384,True,False,in_line,At Grade,"LINESTRING (-77.03784 -12.05983, -77.03671 -12.06936)",,,,,114.190657618273,projected_lima_scenario,knn_inverse_distance_rate,0.5121332295584434,mode_fallback,12,0.10704158714920854,False
LIM-0113,LIM-0114,0,L3,987.716107905598,True,False,in_line,At Grade,"LINESTRING (-77.03784 -12.05983, -77.03873 -12.05099)",,,,,101.11281635611176,projected_lima_scenario,knn_inverse_distance_rate,0.5045631750087799,mode_fallback,12,0.10237032234952244,False
LIM-0114,LIM-0113,0,L3,987.716107905598,True,False,in_line,At Grade,"LINESTRING (-77.03873 -12.05099, -77.03784 -12.05983)",,,,,101.11281635611176,projected_lima_scenario,knn_inverse_distance_rate,0.5045631750087799,mode_fallback,12,0.10237032234952244,False
LIM-0114,LIM-0115,0,L3,528.1501964931966,True,False,in_line,At Grade,"LINESTRING (-77.03873 -12.05099, -77.03752 -12.04639)",,,,,87.73695588481598,projected_lima_scenario,knn_inverse_distance_rate,0.504508712691701,mode_fallback,12,0.1661212217043001,False
LIM-0115,LIM-0114,0,L3,528.1501964931966,True,False,in_line,At Grade,"LINESTRING (-77.03752 -12.04639, -77.03873 -12.05099)",,,,,87.73695588481598,projected_lima_scenario,knn_inverse_distance_rate,0.504508712691701,mode_fallback,12,0.1661212217043001,False
LIM-0115,LIM-0116,0,L3,1159.450954047559,True,False,in_line,At Grade,"LINESTRING (-77.03752 -12.04639, -77.04207 -12.03696)",,,,,129.56449053059197,projected_lima_scenario,knn_inverse_distance_rate,0.5055119844860643,mode_fallback,12,0.11174641762835395,False
LIM-0115,LIM-0022,0,TRANSFER,45.44190629520591,False,True,transfer,Transfer,"LINESTRING (-77.03752 -12.04639, -77.03714 -12.04656)",L3,BRT,45.44190629520591,matching_name_and_proximity,82.86825524600494,projected_lima_scenario,transfer_walk_rule,0.0,rule_based_transfer,0,1.8236086907900577,False
LIM-0116,LIM-0115,0,L3,1159.450954047559,True,False,in_line,At Grade,"LINESTRING (-77.04207 -12.03696, -77.03752 -12.04639)",,,,,129.56449053059197,projected_lima_scenario,knn_inverse_distance_rate,0.5055119844860643,mode_fallback,12,0.11174641762835395,False
LIM-0116,LIM-0117,0,L3,1958.675552439721,True,False,in_line,At Grade,"LINESTRING (-77.04207 -12.03696, -77.05801 -12.02876)",,,,,160.02197848751956,projected_lima_scenario,knn_inverse_distance_rate,0.531368318956423,mode_fallback,12,0.08169907378901861,False
LIM-0116,LIM-0017,0,TRANSFER,188.84393680276,False,True,transfer,Transfer,"LINESTRING (-77.04207 -12.03696, -77.04367 -12.0363)",L3,BRT,188.84393680276,matching_name_and_proximity,202.36994733563333,projected_lima_scenario,transfer_walk_rule,0.0,rule_based_transfer,0,1.0716253365709099,False
LIM-0117,LIM-0116,0,L3,1958.675552439721,True,False,in_line,At Grade,"LINESTRING (-77.05801 -12.02876, -77.04207 -12.03696)",,,,,160.02197848751956,projected_lima_scenario,knn_inverse_distance_rate,0.531368318956423,mode_fallback,12,0.08169907378901861,False
LIM-0117,LIM-0118,0,L3,1494.3421259526867,True,False,in_line,At Grade,"LINESTRING (-77.05801 -12.02876, -77.06005 -12.01547)",,,,,117.94914432225089,projected_lima_scenario,knn_inverse_distance_rate,0.5251049045905378,mode_fallback,12,0.07893048203205465,False
LIM-0118,LIM-0117,0,L3,1494.3421259526867,True,False,in_line,At Grade,"LINESTRING (-77.06005 -12.01547, -77.05801 -12.02876)",,,,,117.94914432225089,projected_lima_scenario,knn_inverse_distance_rate,0.5251049045905378,mode_fallback,12,0.07893048203205465,False
LIM-0118,LIM-0119,0,L3,847.5095247572742,True,False,in_line,At Grade,"LINESTRING (-77.06005 -12.01547, -77.06138 -12.00796)",,,,,103.3792708162757,projected_lima_scenario,knn_inverse_distance_rate,0.50070209086969,mode_fallback,12,0.12198006959967017,False
LIM-0119,LIM-0118,0,L3,847.5095247572742,True,False,in_line,At Grade,"LINESTRING (-77.06138 -12.00796, -77.06005 -12.01547)",,,,,103.3792708162757,projected_lima_scenario,knn_inverse_distance_rate,0.50070209086969,mode_fallback,12,0.12198006959967017,False
LIM-0119,LIM-0120,0,L3,2025.7679921598865,True,False,in_line,At Grade,"LINESTRING (-77.06138 -12.00796, -77.06405 -11.98993)",,,,,219.85850154720524,projected_lima_scenario,knn_inverse_distance_rate,0.515108574211054,mode_fallback,12,0.10853093858630411,False
LIM-0119,LIM-0242,0,TRANSFER,157.19615320483186,False,True,transfer,Transfer,"LINESTRING (-77.06138 -12.00796, -77.06255 -12.00879)",L3,L9,157.19615320483186,matching_name_and_proximity,175.9967943373599,projected_lima_scenario,transfer_walk_rule,0.0,rule_based_transfer,0,1.1195998804629155,False
LIM-0120,LIM-0119,0,L3,2025.7679921598865,True,False,in_line,At Grade,"LINESTRING (-77.06405 -11.98993, -77.06138 -12.00796)",,,,,219.85850154720524,projected_lima_scenario,knn_inverse_distance_rate,0.515108574211054,mode_fallback,12,0.10853093858630411,False
LIM-0120,LIM-0121,0,L3,1430.0983006526046,True,False,in_line,At Grade,"LINESTRING (-77.06405 -11.98993, -77.06606 -11.97722)",,,,,137.1348294829172,projected_lima_scenario,knn_inverse_distance_rate,0.5079454935970981,mode_fallback,12,0.09589189038287628,False
LIM-0121,LIM-0120,0,L3,1430.0983006526046,True,False,in_line,At Grade,"LINESTRING (-77.06606 -11.97722, -77.06405 -11.98993)",,,,,137.1348294829172,projected_lima_scenario,knn_inverse_distance_rate,0.5079454935970981,mode_fallback,12,0.09589189038287628,False
LIM-0121,LIM-0122,0,L3,1693.3905298695322,True,False,in_line,At Grade,"LINESTRING (-77.06606 -11.97722, -77.06844 -11.96217)",,,,,164.79772026129297,projected_lima_scenario,knn_inverse_distance_rate,0.5193929044530233,mode_fallback,12,0.09731820117949393,False
LIM-0122,LIM-0121,0,L3,1693.3905298695322,True,False,in_line,At Grade,"LINESTRING (-77.06844 -11.96217, -77.06606 -11.97722)",,,,,164.79772026129297,projected_lima_scenario,knn_inverse_distance_rate,0.5193929044530233,mode_fallback,12,0.09731820117949393,False
LIM-0122,LIM-0123,0,L3,1891.563950707334,True,False,in_line,At Grade,"LINESTRING (-77.06844 -11.96217, -77.07104 -11.94535)",,,,,168.72793045756043,projected_lima_scenario,knn_inverse_distance_rate,0.507089147050909,mode_fallback,12,0.08920022523926092,False
LIM-0123,LIM-0122,0,L3,1891.563950707334,True,False,in_line,At Grade,"LINESTRING (-77.07104 -11.94535, -77.06844 -11.96217)",,,,,168.72793045756043,projected_lima_scenario,knn_inverse_distance_rate,0.507089147050909,mode_fallback,12,0.08920022523926092,False
LIM-0123,LIM-0124,0,L3,867.0536713906662,True,False,in_line,At Grade,"LINESTRING (-77.07104 -11.94535, -77.07171 -11.93758)",,,,,93.63423111508433,projected_lima_scenario,knn_inverse_distance_rate,0.5021746812894107,mode_fallback,12,0.10799127459422958,False
LIM-0124,LIM-0123,0,L3,867.0536713906662,True,False,in_line,At Grade,"LINESTRING (-77.07171 -11.93758, -77.07104 -11.94535)",,,,,93.63423111508433,projected_lima_scenario,knn_inverse_distance_rate,0.5021746812894107,mode_fallback,12,0.10799127459422958,False
LIM-0124,LIM-0125,0,L3,1668.3921166673929,True,False,in_line,At Grade,"LINESTRING (-77.07171 -11.93758, -77.06393 -11.92465)",,,,,131.9598100394711,projected_lima_scenario,knn_inverse_distance_rate,0.515365015299052,mode_fallback,12,0.0790940023758086,False
LIM-0125,LIM-0124,0,L3,1668.3921166673929,True,False,in_line,At Grade,"LINESTRING (-77.06393 -11.92465, -77.07171 -11.93758)",,,,,131.9598100394711,projected_lima_scenario,knn_inverse_distance_rate,0.515365015299052,mode_fallback,12,0.0790940023758086,False
LIM-0126,LIM-0127,0,L4,1083.3273502183793,True,False,in_line,At Grade,"LINESTRING (-76.93783 -12.04421, -76.93806 -12.05395)",,,,,125.72745302720628,projected_lima_scenario,knn_inverse_distance_rate,0.5038460249710239,mode_fallback,12,0.11605675145362285,False
LIM-0126,LIM-0074,0,TRANSFER,94.63314984621272,False,True,transfer,Transfer,"LINESTRING (-76.93783 -12.04421, -76.93869 -12.04408)",L4,L2,94.63314984621272,matching_name_and_proximity,123.86095820517727,projected_lima_scenario,transfer_walk_rule,0.0,rule_based_transfer,0,1.3088538044698115,False
LIM-0127,LIM-0126,0,L4,1083.3273502183793,True,False,in_line,At Grade,"LINESTRING (-76.93806 -12.05395, -76.93783 -12.04421)",,,,,125.72745302720628,projected_lima_scenario,knn_inverse_distance_rate,0.5038460249710239,mode_fallback,12,0.11605675145362285,False
LIM-0127,LIM-0128,0,L4,2009.9966615365672,True,False,in_line,At Grade,"LINESTRING (-76.93806 -12.05395, -76.94857 -12.06882)",,,,,151.2489684712002,projected_lima_scenario,knn_inverse_distance_rate,0.5224410244311684,mode_fallback,12,0.07524836800254982,False
LIM-0128,LIM-0127,0,L4,2009.9966615365672,True,False,in_line,At Grade,"LINESTRING (-76.94857 -12.06882, -76.93806 -12.05395)",,,,,151.2489684712002,projected_lima_scenario,knn_inverse_distance_rate,0.5224410244311684,mode_fallback,12,0.07524836800254982,False
LIM-0128,LIM-0129,0,L4,931.9182794706056,True,False,in_line,At Grade,"LINESTRING (-76.94857 -12.06882, -76.95668 -12.07153)",,,,,114.46304884066178,projected_lima_scenario,knn_inverse_distance_rate,0.5053553446805717,mode_fallback,12,0.12282519976503171,False
LIM-0129,LIM-0128,0,L4,931.9182794706056,True,False,in_line,At Grade,"LINESTRING (-76.95668 -12.07153, -76.94857 -12.06882)",,,,,114.46304884066178,projected_lima_scenario,knn_inverse_distance_rate,0.5053553446805717,mode_fallback,12,0.12282519976503171,False
LIM-0129,LIM-0130,0,L4,882.6987037086996,True,False,in_line,At Grade,"LINESTRING (-76.95668 -12.07153, -76.96368 -12.07555)",,,,,116.15793389673577,projected_lima_scenario,knn_inverse_distance_rate,0.5011034568074583,mode_fallback,12,0.1315940914025282,False
LIM-0130,LIM-0129,0,L4,882.6987037086996,True,False,in_line,At Grade,"LINESTRING (-76.96368 -12.07555, -76.95668 -12.07153)",,,,,116.15793389673577,projected_lima_scenario,knn_inverse_distance_rate,0.5011034568074583,mode_fallback,12,0.1315940914025282,False
LIM-0130,LIM-0131,0,L4,1403.6933044031284,True,False,in_line,At Grade,"LINESTRING (-76.96368 -12.07555, -76.97338 -12.08388)",,,,,128.8251519449986,projected_lima_scenario,knn_inverse_distance_rate,0.5119595148444076,mode_fallback,12,0.09177585412774837,False
LIM-0131,LIM-0130,0,L4,1403.6933044031284,True,False,in_line,At Grade,"LINESTRING (-76.97338 -12.08388, -76.96368 -12.07555)",,,,,128.8251519449986,projected_lima_scenario,knn_inverse_distance_rate,0.5119595148444076,mode_fallback,12,0.09177585412774837,False
LIM-0131,LIM-0132,0,L4,1222.7057855598082,True,False,in_line,At Grade,"LINESTRING (-76.97338 -12.08388, -76.98455 -12.08515)",,,,,120.83506479578617,projected_lima_scenario,knn_inverse_distance_rate,0.5069110800650843,mode_fallback,12,0.09882595324472321,False
LIM-0132,LIM-0131,0,L4,1222.7057855598082,True,False,in_line,At Grade,"LINESTRING (-76.98455 -12.08515, -76.97338 -12.08388)",,,,,120.83506479578617,projected_lima_scenario,knn_inverse_distance_rate,0.5069110800650843,mode_fallback,12,0.09882595324472321,False
LIM-0132,LIM-0133,0,L4,1327.4964934538953,True,False,in_line,At Grade,"LINESTRING (-76.98455 -12.08515, -76.99661 -12.08701)",,,,,156.36906835409025,projected_lima_scenario,knn_inverse_distance_rate,0.5156543767924558,mode_fallback,12,0.11779245303107916,False
LIM-0133,LIM-0132,0,L4,1327.4964934538953,True,False,in_line,At Grade,"LINESTRING (-76.99661 -12.08701, -76.98455 -12.08515)",,,,,156.36906835409025,projected_lima_scenario,knn_inverse_distance_rate,0.5156543767924558,mode_fallback,12,0.11779245303107916,False
LIM-0133,LIM-0134,0,L4,763.2257348521024,True,False,in_line,At Grade,"LINESTRING (-76.99661 -12.08701, -77.00355 -12.08804)",,,,,91.88061825878142,projected_lima_scenario,knn_inverse_distance_rate,0.5030399619592033,mode_fallback,12,0.12038459142967187,False
LIM-0134,LIM-0133,0,L4,763.2257348521024,True,False,in_line,At Grade,"LINESTRING (-77.00355 -12.08804, -76.99661 -12.08701)",,,,,91.88061825878142,projected_lima_scenario,knn_inverse_distance_rate,0.5030399619592033,mode_fallback,12,0.12038459142967187,False
LIM-0134,LIM-0135,0,L4,1715.7619839621198,True,False,in_line,At Grade,"LINESTRING (-77.00355 -12.08804, -77.01916 -12.0903)",,,,,174.9634475233711,projected_lima_scenario,knn_inverse_distance_rate,0.518718951497189,mode_fallback,12,0.10197419523151871,False
LIM-0134,LIM-0057,0,TRANSFER,63.85198728709647,False,True,transfer,Transfer,"LINESTRING (-77.00355 -12.08804, -77.00367875397205 -12.087479736764962)",L4,L1,63.85198728709647,matching_name_and_proximity,98.20998940591372,projected_lima_scenario,transfer_walk_rule,0.0,rule_based_transfer,0,1.538088218998322,False
LIM-0135,LIM-0134,0,L4,1715.7619839621198,True,False,in_line,At Grade,"LINESTRING (-77.01916 -12.0903, -77.00355 -12.08804)",,,,,174.9634475233711,projected_lima_scenario,knn_inverse_distance_rate,0.518718951497189,mode_fallback,12,0.10197419523151871,False
LIM-0135,LIM-0136,0,L4,386.91702183455016,True,False,in_line,At Grade,"LINESTRING (-77.01916 -12.0903, -77.02269 -12.09074)",,,,,85.61842307466966,projected_lima_scenario,knn_inverse_distance_rate,0.6396582020784454,mode_fallback,12,0.22128368162432774,False
LIM-0136,LIM-0135,0,L4,386.91702183455016,True,False,in_line,At Grade,"LINESTRING (-77.02269 -12.09074, -77.01916 -12.0903)",,,,,85.61842307466966,projected_lima_scenario,knn_inverse_distance_rate,0.6396582020784454,mode_fallback,12,0.22128368162432774,False
LIM-0136,LIM-0137,0,L4,1200.8298865641923,True,False,in_line,At Grade,"LINESTRING (-77.02269 -12.09074, -77.03362 -12.09229)",,,,,114.25942272446282,projected_lima_scenario,knn_inverse_distance_rate,0.5197414934300313,mode_fallback,12,0.09515038225054612,False
LIM-0136,LIM-0029,0,TRANSFER,186.8076426122298,False,True,transfer,Transfer,"LINESTRING (-77.02269 -12.09074, -77.02354 -12.08928)",L4,BRT,186.8076426122298,matching_name_and_proximity,200.6730355101915,projected_lima_scenario,transfer_walk_rule,0.0,rule_based_transfer,0,1.0742228353405385,False
LIM-0137,LIM-0136,0,L4,1200.8298865641923,True,False,in_line,At Grade,"LINESTRING (-77.03362 -12.09229, -77.02269 -12.09074)",,,,,114.25942272446282,projected_lima_scenario,knn_inverse_distance_rate,0.5197414934300313,mode_fallback,12,0.09515038225054612,False
LIM-0137,LIM-0138,0,L4,553.8042145009643,True,False,in_line,At Grade,"LINESTRING (-77.03362 -12.09229, -77.03866 -12.09301)",,,,,89.57878841469906,projected_lima_scenario,knn_inverse_distance_rate,0.526214385320278,mode_fallback,12,0.161751727540425,False
LIM-0137,LIM-0109,0,TRANSFER,28.356533947636382,False,True,transfer,Transfer,"LINESTRING (-77.03362 -12.09229, -77.03336 -12.09231)",L4,L3,28.356533947636382,matching_name_and_proximity,68.63044495636365,projected_lima_scenario,transfer_walk_rule,0.0,rule_based_transfer,0,2.420269172639283,False
LIM-0138,LIM-0137,0,L4,553.8042145009643,True,False,in_line,At Grade,"LINESTRING (-77.03866 -12.09301, -77.03362 -12.09229)",,,,,89.57878841469906,projected_lima_scenario,knn_inverse_distance_rate,0.526214385320278,mode_fallback,12,0.161751727540425,False
LIM-0138,LIM-0139,0,L4,953.4515794292746,True,False,in_line,At Grade,"LINESTRING (-77.03866 -12.09301, -77.04734 -12.09423)",,,,,121.89231991990168,projected_lima_scenario,knn_inverse_distance_rate,0.5031793553372991,mode_fallback,12,0.12784321988628417,False
LIM-0139,LIM-0138,0,L4,953.4515794292746,True,False,in_line,At Grade,"LINESTRING (-77.04734 -12.09423, -77.03866 -12.09301)",,,,,121.89231991990168,projected_lima_scenario,knn_inverse_distance_rate,0.5031793553372991,mode_fallback,12,0.12784321988628417,False
LIM-0139,LIM-0140,0,L4,377.60591288544543,True,False,in_line,At Grade,"LINESTRING (-77.04734 -12.09423, -77.05079 -12.09462)",,,,,84.23711948584912,projected_lima_scenario,knn_inverse_distance_rate,0.6379181301703786,mode_fallback,12,0.22308209858833486,False
LIM-0140,LIM-0139,0,L4,377.60591288544543,True,False,in_line,At Grade,"LINESTRING (-77.05079 -12.09462, -77.04734 -12.09423)",,,,,84.23711948584912,projected_lima_scenario,knn_inverse_distance_rate,0.6379181301703786,mode_fallback,12,0.22308209858833486,False
LIM-0140,LIM-0141,0,L4,1623.9380279684551,True,False,in_line,At Grade,"LINESTRING (-77.05079 -12.09462, -77.06317 -12.08645)",,,,,109.55017639999882,projected_lima_scenario,knn_inverse_distance_rate,0.5071374160986519,mode_fallback,12,0.06745957943792102,False
LIM-0141,LIM-0140,0,L4,1623.9380279684551,True,False,in_line,At Grade,"LINESTRING (-77.06317 -12.08645, -77.05079 -12.09462)",,,,,109.55017639999882,projected_lima_scenario,knn_inverse_distance_rate,0.5071374160986519,mode_fallback,12,0.06745957943792102,False
LIM-0141,LIM-0142,0,L4,597.6251672357325,True,False,in_line,At Grade,"LINESTRING (-77.06317 -12.08645, -77.06741 -12.08303)",,,,,79.04037537810237,projected_lima_scenario,knn_inverse_distance_rate,0.5046580605305344,mode_fallback,12,0.13225744113772403,False
LIM-0142,LIM-0141,0,L4,597.6251672357325,True,False,in_line,At Grade,"LINESTRING (-77.06741 -12.08303, -77.06317 -12.08645)",,,,,79.04037537810237,projected_lima_scenario,knn_inverse_distance_rate,0.5046580605305344,mode_fallback,12,0.13225744113772403,False
LIM-0142,LIM-0143,0,L4,1540.100240849384,True,False,in_line,At Grade,"LINESTRING (-77.06741 -12.08303, -77.08073 -12.07832)",,,,,120.07972269585794,projected_lima_scenario,knn_inverse_distance_rate,0.5137324932039712,mode_fallback,12,0.07796877080522532,False
LIM-0143,LIM-0142,0,L4,1540.100240849384,True,False,in_line,At Grade,"LINESTRING (-77.08073 -12.07832, -77.06741 -12.08303)",,,,,120.07972269585794,projected_lima_scenario,knn_inverse_distance_rate,0.5137324932039712,mode_fallback,12,0.07796877080522532,False
LIM-0143,LIM-0144,0,L4,1383.9516066722608,True,False,in_line,At Grade,"LINESTRING (-77.08073 -12.07832, -77.09342 -12.07736)",,,,,130.40999861549733,projected_lima_scenario,knn_inverse_distance_rate,0.5195308403681392,mode_fallback,12,0.0942301724906919,False
LIM-0143,LIM-0190,0,TRANSFER,83.96178789071674,False,True,transfer,Transfer,"LINESTRING (-77.08073 -12.07832, -77.08128 -12.07779)",L4,L6,83.96178789071674,matching_name_and_proximity,114.96815657559728,projected_lima_scenario,transfer_walk_rule,0.0,rule_based_transfer,0,1.3692914296350849,False
LIM-0144,LIM-0143,0,L4,1383.9516066722608,True,False,in_line,At Grade,"LINESTRING (-77.09342 -12.07736, -77.08073 -12.07832)",,,,,130.40999861549733,projected_lima_scenario,knn_inverse_distance_rate,0.5195308403681392,mode_fallback,12,0.0942301724906919,False
LIM-0144,LIM-0145,0,L4,1701.6091915680158,True,False,in_line,At Grade,"LINESTRING (-77.09342 -12.07736, -77.09724 -12.06252)",,,,,175.2107859699991,projected_lima_scenario,knn_inverse_distance_rate,0.5189662656852254,mode_fallback,12,0.10296770071425397,False
LIM-0145,LIM-0144,0,L4,1701.6091915680158,True,False,in_line,At Grade,"LINESTRING (-77.09724 -12.06252, -77.09342 -12.07736)",,,,,175.2107859699991,projected_lima_scenario,knn_inverse_distance_rate,0.5189662656852254,mode_fallback,12,0.10296770071425397,False
LIM-0145,LIM-0146,0,L4,1050.6124229410775,True,False,in_line,At Grade,"LINESTRING (-77.09724 -12.06252, -77.09811 -12.05311)",,,,,119.6767476469777,projected_lima_scenario,knn_inverse_distance_rate,0.505960178950742,mode_fallback,12,0.11391141493640004,False
LIM-0146,LIM-0145,0,L4,1050.6124229410775,True,False,in_line,At Grade,"LINESTRING (-77.09811 -12.05311, -77.09724 -12.06252)",,,,,119.6767476469777,projected_lima_scenario,knn_inverse_distance_rate,0.505960178950742,mode_fallback,12,0.11391141493640004,False
LIM-0146,LIM-0147,0,L4,1432.3885854699186,True,False,in_line,At Grade,"LINESTRING (-77.09811 -12.05311, -77.09917 -12.04027)",,,,,137.35474377582324,projected_lima_scenario,knn_inverse_distance_rate,0.5095460140134411,mode_fallback,12,0.0958920960199929,False
LIM-0146,LIM-0093,0,TRANSFER,43.70554519351277,False,True,transfer,Transfer,"LINESTRING (-77.09811 -12.05311, -77.09816 -12.0535)",L4,L2,43.70554519351277,matching_name_and_proximity,81.42128766126064,projected_lima_scenario,transfer_walk_rule,0.0,rule_based_transfer,0,1.8629509665365307,False
LIM-0147,LIM-0146,0,L4,1432.3885854699186,True,False,in_line,At Grade,"LINESTRING (-77.09917 -12.04027, -77.09811 -12.05311)",,,,,137.35474377582324,projected_lima_scenario,knn_inverse_distance_rate,0.5095460140134411,mode_fallback,12,0.0958920960199929,False
LIM-0147,LIM-0148,0,L4,488.7316787536692,True,False,in_line,At Grade,"LINESTRING (-77.09917 -12.04027, -77.09939 -12.03588)",,,,,79.77740749491306,projected_lima_scenario,knn_inverse_distance_rate,0.5115427012001158,mode_fallback,12,0.1632335511754754,False
LIM-0148,LIM-0147,0,L4,488.7316787536692,True,False,in_line,At Grade,"LINESTRING (-77.09939 -12.03588, -77.09917 -12.04027)",,,,,79.77740749491306,projected_lima_scenario,knn_inverse_distance_rate,0.5115427012001158,mode_fallback,12,0.1632335511754754,False
LIM-0148,LIM-0149,0,L4,948.7685188810603,True,False,in_line,At Grade,"LINESTRING (-77.09939 -12.03588, -77.10288 -12.02806)",,,,,113.74461904232606,projected_lima_scenario,knn_inverse_distance_rate,0.5013417448569513,mode_fallback,12,0.11988658643150589,False
LIM-0149,LIM-0148,0,L4,948.7685188810603,True,False,in_line,At Grade,"LINESTRING (-77.10288 -12.02806, -77.09939 -12.03588)",,,,,113.74461904232606,projected_lima_scenario,knn_inverse_distance_rate,0.5013417448569513,mode_fallback,12,0.11988658643150589,False
LIM-0149,LIM-0150,0,L4,763.3542623549705,True,False,in_line,At Grade,"LINESTRING (-77.10288 -12.02806, -77.1061 -12.02196)",,,,,91.8960840426633,projected_lima_scenario,knn_inverse_distance_rate,0.5028715721992438,mode_fallback,12,0.12038458232899776,False
LIM-0150,LIM-0149,0,L4,763.3542623549705,True,False,in_line,At Grade,"LINESTRING (-77.1061 -12.02196, -77.10288 -12.02806)",,,,,91.8960840426633,projected_lima_scenario,knn_inverse_distance_rate,0.5028715721992438,mode_fallback,12,0.12038458232899776,False
LIM-0150,LIM-0151,0,L4,1220.2771606262845,True,False,in_line,At Grade,"LINESTRING (-77.1061 -12.02196, -77.11092 -12.01205)",,,,,120.56945104580093,projected_lima_scenario,knn_inverse_distance_rate,0.5068885430691827,mode_fallback,12,0.09880497229327877,False
LIM-0150,LIM-0246,0,TRANSFER,119.72322656847932,False,True,transfer,Transfer,"LINESTRING (-77.1061 -12.02196, -77.10507 -12.02158)",L4,L9,119.72322656847932,matching_name_and_proximity,144.7693554737328,projected_lima_scenario,transfer_walk_rule,0.0,rule_based_transfer,0,1.2092002498022185,False
LIM-0151,LIM-0150,0,L4,1220.2771606262845,True,False,in_line,At Grade,"LINESTRING (-77.11092 -12.01205, -77.1061 -12.02196)",,,,,120.56945104580093,projected_lima_scenario,knn_inverse_distance_rate,0.5068885430691827,mode_fallback,12,0.09880497229327877,False
LIM-0151,LIM-0152,0,L4,1383.182652771635,True,False,in_line,At Grade,"LINESTRING (-77.11092 -12.01205, -77.11678 -12.00101)",,,,,130.37288196607435,projected_lima_scenario,knn_inverse_distance_rate,0.5196298222396885,mode_fallback,12,0.09425572371431341,False
LIM-0152,LIM-0151,0,L4,1383.182652771635,True,False,in_line,At Grade,"LINESTRING (-77.11678 -12.00101, -77.11092 -12.01205)",,,,,130.37288196607435,projected_lima_scenario,knn_inverse_distance_rate,0.5196298222396885,mode_fallback,12,0.09425572371431341,False
LIM-0152,LIM-0153,0,L4,1092.812577327306,True,False,in_line,At Grade,"LINESTRING (-77.11678 -12.00101, -77.12593 -11.99695)",,,,,124.51719784195284,projected_lima_scenario,knn_inverse_distance_rate,0.5068277310807688,mode_fallback,12,0.1139419516441555,False
LIM-0153,LIM-0152,0,L4,1092.812577327306,True,False,in_line,At Grade,"LINESTRING (-77.12593 -11.99695, -77.11678 -12.00101)",,,,,124.51719784195284,projected_lima_scenario,knn_inverse_distance_rate,0.5068277310807688,mode_fallback,12,0.1139419516441555,False
LIM-0153,LIM-0204,0,TRANSFER,85.8690697234941,False,True,transfer,Transfer,"LINESTRING (-77.12593 -11.99695, -77.12607 -11.99619)",L4,L7,85.8690697234941,proximity,116.55755810291176,projected_lima_scenario,transfer_walk_rule,0.0,rule_based_transfer,0,1.3573869901960887,False
LIM-0154,LIM-0155,0,L5,1246.2807617590684,True,False,in_line,At Grade,"LINESTRING (-76.95401 -12.20624, -76.96376 -12.21214)",,,,,127.43808376803281,projected_lima_scenario,knn_inverse_distance_rate,0.5076852374966883,mode_fallback,12,0.10225471473069983,False
LIM-0155,LIM-0154,0,L5,1246.2807617590684,True,False,in_line,At Grade,"LINESTRING (-76.96376 -12.21214, -76.95401 -12.20624)",,,,,127.43808376803281,projected_lima_scenario,knn_inverse_distance_rate,0.5076852374966883,mode_fallback,12,0.10225471473069983,False
LIM-0155,LIM-0156,0,L5,1386.950157488287,True,False,in_line,At Grade,"LINESTRING (-76.96376 -12.21214, -76.97481 -12.2059)",,,,,130.5599858329441,projected_lima_scenario,knn_inverse_distance_rate,0.5191755133042317,mode_fallback,12,0.09413459101470754,False
LIM-0156,LIM-0155,0,L5,1386.950157488287,True,False,in_line,At Grade,"LINESTRING (-76.97481 -12.2059, -76.96376 -12.21214)",,,,,130.5599858329441,projected_lima_scenario,knn_inverse_distance_rate,0.5191755133042317,mode_fallback,12,0.09413459101470754,False
LIM-0156,LIM-0157,0,L5,1090.5972104467626,True,False,in_line,At Grade,"LINESTRING (-76.97481 -12.2059, -76.97837 -12.19673)",,,,,123.53448039289081,projected_lima_scenario,knn_inverse_distance_rate,0.5054829112475072,mode_fallback,12,0.1132723238328154,False
LIM-0157,LIM-0156,0,L5,1090.5972104467626,True,False,in_line,At Grade,"LINESTRING (-76.97837 -12.19673, -76.97481 -12.2059)",,,,,123.53448039289081,projected_lima_scenario,knn_inverse_distance_rate,0.5054829112475072,mode_fallback,12,0.1132723238328154,False
LIM-0157,LIM-0158,0,L5,1462.8519843612237,True,False,in_line,At Grade,"LINESTRING (-76.97837 -12.19673, -76.98831 -12.18786)",,,,,138.80170927495675,projected_lima_scenario,knn_inverse_distance_rate,0.5267739345416362,mode_fallback,12,0.09488431554171668,False
LIM-0158,LIM-0157,0,L5,1462.8519843612237,True,False,in_line,At Grade,"LINESTRING (-76.98831 -12.18786, -76.97837 -12.19673)",,,,,138.80170927495675,projected_lima_scenario,knn_inverse_distance_rate,0.5267739345416362,mode_fallback,12,0.09488431554171668,False
LIM-0158,LIM-0159,0,L5,1323.4394066704117,True,False,in_line,At Grade,"LINESTRING (-76.98831 -12.18786, -76.99587 -12.17853)",,,,,154.49163512402342,projected_lima_scenario,knn_inverse_distance_rate,0.5128685288998177,mode_fallback,12,0.11673495163084402,False
LIM-0159,LIM-0158,0,L5,1323.4394066704117,True,False,in_line,At Grade,"LINESTRING (-76.99587 -12.17853, -76.98831 -12.18786)",,,,,154.49163512402342,projected_lima_scenario,knn_inverse_distance_rate,0.5128685288998177,mode_fallback,12,0.11673495163084402,False
LIM-0159,LIM-0160,0,L5,1210.8580168566366,True,False,in_line,At Grade,"LINESTRING (-76.99587 -12.17853, -76.99863 -12.16798)",,,,,117.15577225312242,projected_lima_scenario,knn_inverse_distance_rate,0.5115217921024221,mode_fallback,12,0.09675434330216229,False
LIM-0160,LIM-0159,0,L5,1210.8580168566366,True,False,in_line,At Grade,"LINESTRING (-76.99863 -12.16798, -76.99587 -12.17853)",,,,,117.15577225312242,projected_lima_scenario,knn_inverse_distance_rate,0.5115217921024221,mode_fallback,12,0.09675434330216229,False
LIM-0160,LIM-0161,0,L5,981.120498465834,True,False,in_line,At Grade,"LINESTRING (-76.99863 -12.16798, -76.99443 -12.16017)",,,,,106.61070873637289,projected_lima_scenario,knn_inverse_distance_rate,0.503270702722058,mode_fallback,12,0.10866219684847961,False
LIM-0161,LIM-0160,0,L5,981.120498465834,True,False,in_line,At Grade,"LINESTRING (-76.99443 -12.16017, -76.99863 -12.16798)",,,,,106.61070873637289,projected_lima_scenario,knn_inverse_distance_rate,0.503270702722058,mode_fallback,12,0.10866219684847961,False
LIM-0161,LIM-0162,0,L5,1650.850630403026,True,False,in_line,At Grade,"LINESTRING (-76.99443 -12.16017, -77.00616 -12.15074)",,,,,129.71694979624027,projected_lima_scenario,knn_inverse_distance_rate,0.5124819999361586,mode_fallback,12,0.07857582473380537,False
LIM-0162,LIM-0161,0,L5,1650.850630403026,True,False,in_line,At Grade,"LINESTRING (-77.00616 -12.15074, -76.99443 -12.16017)",,,,,129.71694979624027,projected_lima_scenario,knn_inverse_distance_rate,0.5124819999361586,mode_fallback,12,0.07857582473380537,False
LIM-0162,LIM-0163,0,L5,727.1224896951824,True,False,in_line,At Grade,"LINESTRING (-77.00616 -12.15074, -77.01171 -12.14709)",,,,,96.84837975750679,projected_lima_scenario,knn_inverse_distance_rate,0.5034275931866029,mode_fallback,12,0.13319403694707158,False
LIM-0163,LIM-0162,0,L5,727.1224896951824,True,False,in_line,At Grade,"LINESTRING (-77.01171 -12.14709, -77.00616 -12.15074)",,,,,96.84837975750679,projected_lima_scenario,knn_inverse_distance_rate,0.5034275931866029,mode_fallback,12,0.13319403694707158,False
LIM-0163,LIM-0164,0,L5,887.4444303171432,True,False,in_line,At Grade,"LINESTRING (-77.01171 -12.14709, -77.01774 -12.14171)",,,,,101.20187078427993,projected_lima_scenario,knn_inverse_distance_rate,0.503386781282689,mode_fallback,12,0.1140374172477636,False
LIM-0164,LIM-0163,0,L5,887.4444303171432,True,False,in_line,At Grade,"LINESTRING (-77.01774 -12.14171, -77.01171 -12.14709)",,,,,101.20187078427993,projected_lima_scenario,knn_inverse_distance_rate,0.503386781282689,mode_fallback,12,0.1140374172477636,False
LIM-0164,LIM-0165,0,L5,880.8147705083475,True,False,in_line,At Grade,"LINESTRING (-77.01774 -12.14171, -77.01789 -12.13379)",,,,,115.89958115963172,projected_lima_scenario,knn_inverse_distance_rate,0.5013543471281174,mode_fallback,12,0.13158224071644736,False
LIM-0164,LIM-0038,0,TRANSFER,62.269158920965786,False,True,transfer,Transfer,"LINESTRING (-77.01774 -12.14171, -77.01774 -12.14115)",L5,BRT,62.269158920965786,matching_name_and_proximity,96.8909657674715,projected_lima_scenario,transfer_walk_rule,0.0,rule_based_transfer,0,1.5560024809464494,False
LIM-0165,LIM-0164,0,L5,880.8147705083475,True,False,in_line,At Grade,"LINESTRING (-77.01789 -12.13379, -77.01774 -12.14171)",,,,,115.89958115963172,projected_lima_scenario,knn_inverse_distance_rate,0.5013543471281174,mode_fallback,12,0.13158224071644736,False
LIM-0165,LIM-0166,0,L5,851.075249497613,True,False,in_line,At Grade,"LINESTRING (-77.01789 -12.13379, -77.01814 -12.12614)",,,,,112.93271832508339,projected_lima_scenario,knn_inverse_distance_rate,0.5028223719289254,mode_fallback,12,0.13269416352049623,False
LIM-0165,LIM-0037,0,TRANSFER,227.02893880724704,False,True,transfer,Transfer,"LINESTRING (-77.01789 -12.13379, -77.01868 -12.13568)",L5,BRT,227.02893880724704,proximity,234.19078233937253,projected_lima_scenario,transfer_walk_rule,0.0,rule_based_transfer,0,1.031545949911725,False
LIM-0166,LIM-0165,0,L5,851.075249497613,True,False,in_line,At Grade,"LINESTRING (-77.01814 -12.12614, -77.01789 -12.13379)",,,,,112.93271832508339,projected_lima_scenario,knn_inverse_distance_rate,0.5028223719289254,mode_fallback,12,0.13269416352049623,False
LIM-0166,LIM-0167,0,L5,1479.2285495149947,True,False,in_line,At Grade,"LINESTRING (-77.01814 -12.12614, -77.01843 -12.11284)",,,,,148.89524560309647,projected_lima_scenario,knn_inverse_distance_rate,0.5279318268102504,mode_fallback,12,0.10065736336140607,False
LIM-0166,LIM-0104,0,TRANSFER,34.00401279472245,False,True,transfer,Transfer,"LINESTRING (-77.01814 -12.12614, -77.01788 -12.12631)",L5,L3,34.00401279472245,proximity,73.33667732893538,projected_lima_scenario,transfer_walk_rule,0.0,rule_based_transfer,0,2.1567065561249734,False
LIM-0167,LIM-0166,0,L5,1479.2285495149947,True,False,in_line,At Grade,"LINESTRING (-77.01843 -12.11284, -77.01814 -12.12614)",,,,,148.89524560309647,projected_lima_scenario,knn_inverse_distance_rate,0.5279318268102504,mode_fallback,12,0.10065736336140607,False
LIM-0168,LIM-0169,0,L6,1439.0769888343675,True,False,in_line,At Grade,"LINESTRING (-76.96643 -12.02474, -76.96271 -12.03716)",,,,,137.99696117855993,projected_lima_scenario,knn_inverse_distance_rate,0.5142054543421627,mode_fallback,12,0.09589268833374617,False
LIM-0168,LIM-0238,0,TRANSFER,93.12827959612063,False,True,transfer,Transfer,"LINESTRING (-76.96643 -12.02474, -76.96697 -12.02409)",L6,L8,93.12827959612063,matching_name_and_proximity,122.60689966343386,projected_lima_scenario,transfer_walk_rule,0.0,rule_based_transfer,0,1.3165377927645212,False
LIM-0169,LIM-0168,0,L6,1439.0769888343675,True,False,in_line,At Grade,"LINESTRING (-76.96271 -12.03716, -76.96643 -12.02474)",,,,,137.99696117855993,projected_lima_scenario,knn_inverse_distance_rate,0.5142054543421627,mode_fallback,12,0.09589268833374617,False
LIM-0169,LIM-0170,0,L6,1069.2549937245092,True,False,in_line,At Grade,"LINESTRING (-76.96271 -12.03716, -76.96988 -12.04374)",,,,,111.14641442760694,projected_lima_scenario,knn_inverse_distance_rate,0.5119279745692514,mode_fallback,12,0.10394752896168707,False
LIM-0170,LIM-0169,0,L6,1069.2549937245092,True,False,in_line,At Grade,"LINESTRING (-76.96988 -12.04374, -76.96271 -12.03716)",,,,,111.14641442760694,projected_lima_scenario,knn_inverse_distance_rate,0.5119279745692514,mode_fallback,12,0.10394752896168707,False
LIM-0170,LIM-0171,0,L6,1401.3406303351137,True,False,in_line,At Grade,"LINESTRING (-76.96988 -12.04374, -76.96443 -12.05516)",,,,,128.62801288684997,projected_lima_scenario,knn_inverse_distance_rate,0.5130733927145501,mode_fallback,12,0.09178925530482203,False
LIM-0171,LIM-0170,0,L6,1401.3406303351137,True,False,in_line,At Grade,"LINESTRING (-76.96443 -12.05516, -76.96988 -12.04374)",,,,,128.62801288684997,projected_lima_scenario,knn_inverse_distance_rate,0.5130733927145501,mode_fallback,12,0.09178925530482203,False
LIM-0171,LIM-0172,0,L6,1849.4051692423943,True,False,in_line,At Grade,"LINESTRING (-76.96443 -12.05516, -76.97252 -12.06979)",,,,,189.52767169234997,projected_lima_scenario,knn_inverse_distance_rate,0.506886255851422,mode_fallback,12,0.10248034062216321,False
LIM-0171,LIM-0077,0,TRANSFER,110.5742877903532,False,True,transfer,Transfer,"LINESTRING (-76.96443 -12.05516, -76.96402 -12.05425)",L6,L2,110.5742877903532,proximity,137.14523982529434,projected_lima_scenario,transfer_walk_rule,0.0,rule_based_transfer,0,1.2402995539552484,False
LIM-0172,LIM-0171,0,L6,1849.4051692423943,True,False,in_line,At Grade,"LINESTRING (-76.97252 -12.06979, -76.96443 -12.05516)",,,,,189.52767169234997,projected_lima_scenario,knn_inverse_distance_rate,0.506886255851422,mode_fallback,12,0.10248034062216321,False
LIM-0172,LIM-0173,0,L6,3877.074376703973,True,False,in_line,At Grade,"LINESTRING (-76.97252 -12.06979, -76.96318 -12.10344)",,,,,195.5508084440998,projected_lima_scenario,knn_inverse_distance_rate,0.5217230974111016,mode_fallback,12,0.050437724284862415,False
LIM-0173,LIM-0172,0,L6,3877.074376703973,True,False,in_line,At Grade,"LINESTRING (-76.96318 -12.10344, -76.97252 -12.06979)",,,,,195.5508084440998,projected_lima_scenario,knn_inverse_distance_rate,0.5217230974111016,mode_fallback,12,0.050437724284862415,False
LIM-0173,LIM-0174,0,L6,2475.4567885077827,True,False,in_line,At Grade,"LINESTRING (-76.96318 -12.10344, -76.97041 -12.08233)",,,,,154.10077744097975,projected_lima_scenario,knn_inverse_distance_rate,0.5128380255313989,mode_fallback,12,0.06225145118928634,False
LIM-0174,LIM-0173,0,L6,2475.4567885077827,True,False,in_line,At Grade,"LINESTRING (-76.97041 -12.08233, -76.96318 -12.10344)",,,,,154.10077744097975,projected_lima_scenario,knn_inverse_distance_rate,0.5128380255313989,mode_fallback,12,0.06225145118928634,False
LIM-0174,LIM-0175,0,L6,1618.8929751316734,True,False,in_line,At Grade,"LINESTRING (-76.97041 -12.08233, -76.97351 -12.09657)",,,,,102.20338825695626,projected_lima_scenario,knn_inverse_distance_rate,0.5077713728836698,mode_fallback,12,0.06313165220118612,False
LIM-0175,LIM-0174,0,L6,1618.8929751316734,True,False,in_line,At Grade,"LINESTRING (-76.97351 -12.09657, -76.97041 -12.08233)",,,,,102.20338825695626,projected_lima_scenario,knn_inverse_distance_rate,0.5077713728836698,mode_fallback,12,0.06313165220118612,False
LIM-0175,LIM-0176,0,L6,1475.0791809243913,True,False,in_line,At Grade,"LINESTRING (-76.97351 -12.09657, -76.97285 -12.10982)",,,,,148.58014051151775,projected_lima_scenario,knn_inverse_distance_rate,0.5280073091386883,mode_fallback,12,0.10072689143263935,False
LIM-0176,LIM-0175,0,L6,1475.0791809243913,True,False,in_line,At Grade,"LINESTRING (-76.97285 -12.10982, -76.97351 -12.09657)",,,,,148.58014051151775,projected_lima_scenario,knn_inverse_distance_rate,0.5280073091386883,mode_fallback,12,0.10072689143263935,False
LIM-0176,LIM-0177,0,L6,584.5222498293156,True,False,in_line,At Grade,"LINESTRING (-76.97285 -12.10982, -76.97821 -12.11023)",,,,,97.50341926318275,projected_lima_scenario,knn_inverse_distance_rate,0.5105365815077337,mode_fallback,12,0.16680873874630847,False
LIM-0177,LIM-0176,0,L6,584.5222498293156,True,False,in_line,At Grade,"LINESTRING (-76.97821 -12.11023, -76.97285 -12.10982)",,,,,97.50341926318275,projected_lima_scenario,knn_inverse_distance_rate,0.5105365815077337,mode_fallback,12,0.16680873874630847,False
LIM-0177,LIM-0178,0,L6,692.1052696747836,True,False,in_line,At Grade,"LINESTRING (-76.97821 -12.11023, -76.98456 -12.11067)",,,,,94.90812832530422,projected_lima_scenario,knn_inverse_distance_rate,0.5076002352682966,mode_fallback,12,0.13712961377956423,False
LIM-0178,LIM-0177,0,L6,692.1052696747836,True,False,in_line,At Grade,"LINESTRING (-76.98456 -12.11067, -76.97821 -12.11023)",,,,,94.90812832530422,projected_lima_scenario,knn_inverse_distance_rate,0.5076002352682966,mode_fallback,12,0.13712961377956423,False
LIM-0178,LIM-0179,0,L6,1001.2167949204872,True,False,in_line,At Grade,"LINESTRING (-76.98456 -12.11067, -76.99375 -12.11125)",,,,,120.06257697565503,projected_lima_scenario,knn_inverse_distance_rate,0.5164913769315725,mode_fallback,12,0.11991666298924794,False
LIM-0179,LIM-0178,0,L6,1001.2167949204872,True,False,in_line,At Grade,"LINESTRING (-76.99375 -12.11125, -76.98456 -12.11067)",,,,,120.06257697565503,projected_lima_scenario,knn_inverse_distance_rate,0.5164913769315725,mode_fallback,12,0.11991666298924794,False
LIM-0179,LIM-0180,0,L6,736.7240412921208,True,False,in_line,At Grade,"LINESTRING (-76.99375 -12.11125, -77.00051 -12.11171)",,,,,82.07838425413455,projected_lima_scenario,knn_inverse_distance_rate,0.5010315770520796,mode_fallback,12,0.11140994409545729,False
LIM-0180,LIM-0179,0,L6,736.7240412921208,True,False,in_line,At Grade,"LINESTRING (-77.00051 -12.11171, -76.99375 -12.11125)",,,,,82.07838425413455,projected_lima_scenario,knn_inverse_distance_rate,0.5010315770520796,mode_fallback,12,0.11140994409545729,False
LIM-0180,LIM-0181,0,L6,1087.8101771909355,True,False,in_line,At Grade,"LINESTRING (-77.00051 -12.11171, -77.01049 -12.11241)",,,,,119.09382933221156,projected_lima_scenario,knn_inverse_distance_rate,0.5038518101024255,mode_fallback,12,0.10948034117473408,False
LIM-0180,LIM-0055,0,TRANSFER,74.10154430737344,False,True,transfer,Transfer,"LINESTRING (-77.00051 -12.11171, -77.0002743601799 -12.111084682396855)",L6,L1,74.10154430737344,proximity,106.7512869228112,projected_lima_scenario,transfer_walk_rule,0.0,rule_based_transfer,0,1.4406081265999873,False
LIM-0181,LIM-0180,0,L6,1087.8101771909355,True,False,in_line,At Grade,"LINESTRING (-77.01049 -12.11241, -77.00051 -12.11171)",,,,,119.09382933221156,projected_lima_scenario,knn_inverse_distance_rate,0.5038518101024255,mode_fallback,12,0.10948034117473408,False
LIM-0181,LIM-0182,0,L6,1570.430164796122,True,False,in_line,At Grade,"LINESTRING (-77.01049 -12.11241, -77.0249 -12.11339)",,,,,139.2161041001952,projected_lima_scenario,knn_inverse_distance_rate,0.5043873951689946,mode_fallback,12,0.08864838897071788,False
LIM-0182,LIM-0181,0,L6,1570.430164796122,True,False,in_line,At Grade,"LINESTRING (-77.0249 -12.11339, -77.01049 -12.11241)",,,,,139.2161041001952,projected_lima_scenario,knn_inverse_distance_rate,0.5043873951689946,mode_fallback,12,0.08864838897071788,False
LIM-0182,LIM-0183,0,L6,528.3678138628766,True,False,in_line,At Grade,"LINESTRING (-77.0249 -12.11339, -77.02974 -12.11382)",,,,,87.78994702628862,projected_lima_scenario,knn_inverse_distance_rate,0.5045767457278391,mode_fallback,12,0.1661530939677414,False
LIM-0182,LIM-0033,0,TRANSFER,127.86184556938596,False,True,transfer,Transfer,"LINESTRING (-77.0249 -12.11339, -77.02601 -12.11301)",L6,BRT,127.86184556938596,proximity,151.55153797448833,projected_lima_scenario,transfer_walk_rule,0.0,rule_based_transfer,0,1.1852756958075255,False
LIM-0183,LIM-0182,0,L6,528.3678138628766,True,False,in_line,At Grade,"LINESTRING (-77.02974 -12.11382, -77.0249 -12.11339)",,,,,87.78994702628862,projected_lima_scenario,knn_inverse_distance_rate,0.5045767457278391,mode_fallback,12,0.1661530939677414,False
LIM-0183,LIM-0184,0,L6,788.7417403669956,True,False,in_line,At Grade,"LINESTRING (-77.02974 -12.11382, -77.03699 -12.11408)",,,,,82.35488307212692,projected_lima_scenario,knn_inverse_distance_rate,0.508965886323587,mode_fallback,12,0.10441298952152299,False
LIM-0184,LIM-0183,0,L6,788.7417403669956,True,False,in_line,At Grade,"LINESTRING (-77.03699 -12.11408, -77.02974 -12.11382)",,,,,82.35488307212692,projected_lima_scenario,knn_inverse_distance_rate,0.508965886323587,mode_fallback,12,0.10441298952152299,False
LIM-0184,LIM-0185,0,L6,1254.178883478003,True,False,in_line,At Grade,"LINESTRING (-77.03699 -12.11408, -77.04849 -12.11319)",,,,,128.23617844668541,projected_lima_scenario,knn_inverse_distance_rate,0.5119273392805013,mode_fallback,12,0.10224711971793818,False
LIM-0185,LIM-0184,0,L6,1254.178883478003,True,False,in_line,At Grade,"LINESTRING (-77.04849 -12.11319, -77.03699 -12.11408)",,,,,128.23617844668541,projected_lima_scenario,knn_inverse_distance_rate,0.5119273392805013,mode_fallback,12,0.10224711971793818,False
LIM-0185,LIM-0186,0,L6,688.8343926498945,True,False,in_line,At Grade,"LINESTRING (-77.04849 -12.11319, -77.05295 -12.10879)",,,,,94.42587646284399,projected_lima_scenario,knn_inverse_distance_rate,0.504420057651589,mode_fallback,12,0.1370806647728414,False
LIM-0186,LIM-0185,0,L6,688.8343926498945,True,False,in_line,At Grade,"LINESTRING (-77.05295 -12.10879, -77.04849 -12.11319)",,,,,94.42587646284399,projected_lima_scenario,knn_inverse_distance_rate,0.504420057651589,mode_fallback,12,0.1370806647728414,False
LIM-0186,LIM-0187,0,L6,2155.5132838385834,True,False,in_line,At Grade,"LINESTRING (-77.05295 -12.10879, -77.0694 -12.09797)",,,,,289.28656315088807,projected_lima_scenario,knn_inverse_distance_rate,0.5175438789224484,mode_fallback,12,0.1342077385093728,False
LIM-0187,LIM-0186,0,L6,2155.5132838385834,True,False,in_line,At Grade,"LINESTRING (-77.0694 -12.09797, -77.05295 -12.10879)",,,,,289.28656315088807,projected_lima_scenario,knn_inverse_distance_rate,0.5175438789224484,mode_fallback,12,0.1342077385093728,False
LIM-0187,LIM-0188,0,L6,1311.9009891880482,True,False,in_line,At Grade,"LINESTRING (-77.0694 -12.09797, -77.07989 -12.09214)",,,,,143.4844662932067,projected_lima_scenario,knn_inverse_distance_rate,0.5063736931136009,mode_fallback,12,0.10937141405923553,False
LIM-0188,LIM-0187,0,L6,1311.9009891880482,True,False,in_line,At Grade,"LINESTRING (-77.07989 -12.09214, -77.0694 -12.09797)",,,,,143.4844662932067,projected_lima_scenario,knn_inverse_distance_rate,0.5063736931136009,mode_fallback,12,0.10937141405923553,False
LIM-0188,LIM-0189,0,L6,720.6290334162563,True,False,in_line,At Grade,"LINESTRING (-77.07989 -12.09214, -77.08379 -12.0869)",,,,,116.08190988421372,projected_lima_scenario,knn_inverse_distance_rate,0.5010280110502247,mode_fallback,12,0.16108414246635192,False
LIM-0189,LIM-0188,0,L6,720.6290334162563,True,False,in_line,At Grade,"LINESTRING (-77.08379 -12.0869, -77.07989 -12.09214)",,,,,116.08190988421372,projected_lima_scenario,knn_inverse_distance_rate,0.5010280110502247,mode_fallback,12,0.16108414246635192,False
LIM-0189,LIM-0190,0,L6,1049.106125847509,True,False,in_line,At Grade,"LINESTRING (-77.08379 -12.0869, -77.08128 -12.07779)",,,,,120.43494449386142,projected_lima_scenario,knn_inverse_distance_rate,0.5058798981503422,mode_fallback,12,0.1147976753987299,False
LIM-0190,LIM-0189,0,L6,1049.106125847509,True,False,in_line,At Grade,"LINESTRING (-77.08128 -12.07779, -77.08379 -12.0869)",,,,,120.43494449386142,projected_lima_scenario,knn_inverse_distance_rate,0.5058798981503422,mode_fallback,12,0.1147976753987299,False
LIM-0190,LIM-0191,0,L6,1102.2952268075596,True,False,in_line,At Grade,"LINESTRING (-77.08128 -12.07779, -77.07777 -12.06849)",,,,,117.39705008285846,projected_lima_scenario,knn_inverse_distance_rate,0.5087110228403087,mode_fallback,12,0.10650236636047215,False
LIM-0190,LIM-0143,0,TRANSFER,83.96178789071674,False,True,transfer,Transfer,"LINESTRING (-77.08128 -12.07779, -77.08073 -12.07832)",L6,L4,83.96178789071674,matching_name_and_proximity,114.96815657559728,projected_lima_scenario,transfer_walk_rule,0.0,rule_based_transfer,0,1.3692914296350849,False
LIM-0191,LIM-0190,0,L6,1102.2952268075596,True,False,in_line,At Grade,"LINESTRING (-77.07777 -12.06849, -77.08128 -12.07779)",,,,,117.39705008285846,projected_lima_scenario,knn_inverse_distance_rate,0.5087110228403087,mode_fallback,12,0.10650236636047215,False
LIM-0191,LIM-0192,0,L6,1472.4916644881996,True,False,in_line,At Grade,"LINESTRING (-77.07777 -12.06849, -77.08074 -12.05557)",,,,,148.3834946326723,projected_lima_scenario,knn_inverse_distance_rate,0.528039306729369,mode_fallback,12,0.1007703460815492,False
LIM-0192,LIM-0191,0,L6,1472.4916644881996,True,False,in_line,At Grade,"LINESTRING (-77.08074 -12.05557, -77.07777 -12.06849)",,,,,148.3834946326723,projected_lima_scenario,knn_inverse_distance_rate,0.528039306729369,mode_fallback,12,0.1007703460815492,False
LIM-0192,LIM-0193,0,L6,1092.8774178702683,True,False,in_line,At Grade,"LINESTRING (-77.08074 -12.05557, -77.07682 -12.04652)",,,,,124.52346928789878,projected_lima_scenario,knn_inverse_distance_rate,0.5068669133749968,mode_fallback,12,0.11394092992658077,False
LIM-0192,LIM-0091,0,TRANSFER,82.65184029288073,False,True,transfer,Transfer,"LINESTRING (-77.08074 -12.05557, -77.0815 -12.05556)",L6,L2,82.65184029288073,matching_name_and_proximity,113.87653357740062,projected_lima_scenario,transfer_walk_rule,0.0,rule_based_transfer,0,1.377785820302049,False
LIM-0193,LIM-0192,0,L6,1092.8774178702683,True,False,in_line,At Grade,"LINESTRING (-77.07682 -12.04652, -77.08074 -12.05557)",,,,,124.52346928789878,projected_lima_scenario,knn_inverse_distance_rate,0.5068669133749968,mode_fallback,12,0.11394092992658077,False
LIM-0193,LIM-0194,0,L6,1632.049556192149,True,False,in_line,At Grade,"LINESTRING (-77.07682 -12.04652, -77.07755 -12.03186)",,,,,107.75568078357264,projected_lima_scenario,knn_inverse_distance_rate,0.5082738848412949,mode_fallback,12,0.06602476032344574,False
LIM-0194,LIM-0193,0,L6,1632.049556192149,True,False,in_line,At Grade,"LINESTRING (-77.07755 -12.03186, -77.07682 -12.04652)",,,,,107.75568078357264,projected_lima_scenario,knn_inverse_distance_rate,0.5082738848412949,mode_fallback,12,0.06602476032344574,False
LIM-0194,LIM-0195,0,L6,675.859805076059,True,False,in_line,At Grade,"LINESTRING (-77.07755 -12.03186, -77.07542 -12.02615)",,,,,82.68609735033554,projected_lima_scenario,knn_inverse_distance_rate,0.5012973357830155,mode_fallback,12,0.12234208445201195,False
LIM-0195,LIM-0194,0,L6,675.859805076059,True,False,in_line,At Grade,"LINESTRING (-77.07542 -12.02615, -77.07755 -12.03186)",,,,,82.68609735033554,projected_lima_scenario,knn_inverse_distance_rate,0.5012973357830155,mode_fallback,12,0.12234208445201195,False
LIM-0195,LIM-0196,0,L6,770.1543575057691,True,False,in_line,At Grade,"LINESTRING (-77.07542 -12.02615, -77.07632 -12.01928)",,,,,93.03024326508522,projected_lima_scenario,knn_inverse_distance_rate,0.5042985431984517,mode_fallback,12,0.12079428280633775,False
LIM-0196,LIM-0195,0,L6,770.1543575057691,True,False,in_line,At Grade,"LINESTRING (-77.07632 -12.01928, -77.07542 -12.02615)",,,,,93.03024326508522,projected_lima_scenario,knn_inverse_distance_rate,0.5042985431984517,mode_fallback,12,0.12079428280633775,False
LIM-0196,LIM-0197,0,L6,826.7331609136479,True,False,in_line,At Grade,"LINESTRING (-77.07632 -12.01928, -77.07982 -12.01268)",,,,,93.37211728018491,projected_lima_scenario,knn_inverse_distance_rate,0.5014382121145957,mode_fallback,12,0.11294105727777576,False
LIM-0197,LIM-0196,0,L6,826.7331609136479,True,False,in_line,At Grade,"LINESTRING (-77.07982 -12.01268, -77.07632 -12.01928)",,,,,93.37211728018491,projected_lima_scenario,knn_inverse_distance_rate,0.5014382121145957,mode_fallback,12,0.11294105727777576,False
LIM-0197,LIM-0198,0,L6,739.2876753969539,True,False,in_line,At Grade,"LINESTRING (-77.07982 -12.01268, -77.0825 -12.00657)",,,,,74.02362523554312,projected_lima_scenario,knn_inverse_distance_rate,0.5021482168178102,mode_fallback,12,0.10012830958638232,False
LIM-0197,LIM-0243,0,TRANSFER,54.48218879228838,False,True,transfer,Transfer,"LINESTRING (-77.07982 -12.01268, -77.07932 -12.01265)",L6,L9,54.48218879228838,proximity,90.40182399357366,projected_lima_scenario,transfer_walk_rule,0.0,rule_based_transfer,0,1.659291339014072,False
LIM-0198,LIM-0197,0,L6,739.2876753969539,True,False,in_line,At Grade,"LINESTRING (-77.0825 -12.00657, -77.07982 -12.01268)",,,,,74.02362523554312,projected_lima_scenario,knn_inverse_distance_rate,0.5021482168178102,mode_fallback,12,0.10012830958638232,False
LIM-0198,LIM-0199,0,L6,1141.5247822015378,True,False,in_line,At Grade,"LINESTRING (-77.0825 -12.00657, -77.08469 -11.99653)",,,,,124.47867513789377,projected_lima_scenario,knn_inverse_distance_rate,0.513516022239986,mode_fallback,12,0.10904596823366808,False
LIM-0199,LIM-0198,0,L6,1141.5247822015378,True,False,in_line,At Grade,"LINESTRING (-77.08469 -11.99653, -77.0825 -12.00657)",,,,,124.47867513789377,projected_lima_scenario,knn_inverse_distance_rate,0.513516022239986,mode_fallback,12,0.10904596823366808,False
LIM-0199,LIM-0200,0,L6,967.249124588011,True,False,in_line,At Grade,"LINESTRING (-77.08469 -11.99653, -77.08099 -11.98862)",,,,,118.8517967710353,projected_lima_scenario,knn_inverse_distance_rate,0.5021595647379814,mode_fallback,12,0.12287609649857155,False
LIM-0200,LIM-0199,0,L6,967.249124588011,True,False,in_line,At Grade,"LINESTRING (-77.08099 -11.98862, -77.08469 -11.99653)",,,,,118.8517967710353,projected_lima_scenario,knn_inverse_distance_rate,0.5021595647379814,mode_fallback,12,0.12287609649857155,False
LIM-0200,LIM-0201,0,L6,1097.018156743551,True,False,in_line,At Grade,"LINESTRING (-77.08099 -11.98862, -77.07219 -11.9838)",,,,,126.55673298918293,projected_lima_scenario,knn_inverse_distance_rate,0.5082354620966765,mode_fallback,12,0.11536430113869847,False
LIM-0201,LIM-0200,0,L6,1097.018156743551,True,False,in_line,At Grade,"LINESTRING (-77.07219 -11.9838, -77.08099 -11.98862)",,,,,126.55673298918293,projected_lima_scenario,knn_inverse_distance_rate,0.5082354620966765,mode_fallback,12,0.11536430113869847,False
LIM-0201,LIM-0202,0,L6,2041.1893065063373,True,False,in_line,At Grade,"LINESTRING (-77.07219 -11.9838, -77.0879 -11.97376)",,,,,221.96046666861432,projected_lima_scenario,knn_inverse_distance_rate,0.512777108177469,mode_fallback,12,0.10874075518674838,False
LIM-0202,LIM-0201,0,L6,2041.1893065063373,True,False,in_line,At Grade,"LINESTRING (-77.0879 -11.97376, -77.07219 -11.9838)",,,,,221.96046666861432,projected_lima_scenario,knn_inverse_distance_rate,0.512777108177469,mode_fallback,12,0.10874075518674838,False
LIM-0202,LIM-0203,0,L6,1834.326810517228,True,False,in_line,At Grade,"LINESTRING (-77.0879 -11.97376, -77.09916 -11.96148)",,,,,175.95498345542842,projected_lima_scenario,knn_inverse_distance_rate,0.5117897831884235,mode_fallback,12,0.09592346491725436,False
LIM-0203,LIM-0202,0,L6,1834.326810517228,True,False,in_line,At Grade,"LINESTRING (-77.09916 -11.96148, -77.0879 -11.97376)",,,,,175.95498345542842,projected_lima_scenario,knn_inverse_distance_rate,0.5117897831884235,mode_fallback,12,0.09592346491725436,False
LIM-0204,LIM-0205,0,L7,823.03985145037,True,False,in_line,At Grade,"LINESTRING (-77.12607 -11.99619, -77.12549 -11.98881)",,,,,100.03060009690732,projected_lima_scenario,knn_inverse_distance_rate,0.5017656211327001,mode_fallback,12,0.12153797889692983,False
LIM-0204,LIM-0153,0,TRANSFER,85.8690697234941,False,True,transfer,Transfer,"LINESTRING (-77.12607 -11.99619, -77.12593 -11.99695)",L7,L4,85.8690697234941,proximity,116.55755810291176,projected_lima_scenario,transfer_walk_rule,0.0,rule_based_transfer,0,1.3573869901960887,False
LIM-0205,LIM-0204,0,L7,823.03985145037,True,False,in_line,At Grade,"LINESTRING (-77.12549 -11.98881, -77.12607 -11.99619)",,,,,100.03060009690732,projected_lima_scenario,knn_inverse_distance_rate,0.5017656211327001,mode_fallback,12,0.12153797889692983,False
LIM-0205,LIM-0206,0,L7,741.32545768985,True,False,in_line,At Grade,"LINESTRING (-77.12549 -11.98881, -77.12518 -11.98215)",,,,,73.52707704995197,projected_lima_scenario,knn_inverse_distance_rate,0.5027636278437898,mode_fallback,12,0.09918326193610048,False
LIM-0206,LIM-0205,0,L7,741.32545768985,True,False,in_line,At Grade,"LINESTRING (-77.12518 -11.98215, -77.12549 -11.98881)",,,,,73.52707704995197,projected_lima_scenario,knn_inverse_distance_rate,0.5027636278437898,mode_fallback,12,0.09918326193610048,False
LIM-0206,LIM-0207,0,L7,487.3070002158475,True,False,in_line,At Grade,"LINESTRING (-77.12518 -11.98215, -77.12503 -11.97777)",,,,,79.54324662819165,projected_lima_scenario,knn_inverse_distance_rate,0.5130972700261553,mode_fallback,12,0.16323025647683864,False
LIM-0207,LIM-0206,0,L7,487.3070002158475,True,False,in_line,At Grade,"LINESTRING (-77.12503 -11.97777, -77.12518 -11.98215)",,,,,79.54324662819165,projected_lima_scenario,knn_inverse_distance_rate,0.5130972700261553,mode_fallback,12,0.16323025647683864,False
LIM-0207,LIM-0208,0,L7,594.9018076793661,True,False,in_line,At Grade,"LINESTRING (-77.12503 -11.97777, -77.12506 -11.97242)",,,,,79.85472197097823,projected_lima_scenario,knn_inverse_distance_rate,0.5055156822501032,mode_fallback,12,0.1342317689073446,False
LIM-0208,LIM-0207,0,L7,594.9018076793661,True,False,in_line,At Grade,"LINESTRING (-77.12506 -11.97242, -77.12503 -11.97777)",,,,,79.85472197097823,projected_lima_scenario,knn_inverse_distance_rate,0.5055156822501032,mode_fallback,12,0.1342317689073446,False
LIM-0208,LIM-0209,0,L7,945.1771445978188,True,False,in_line,At Grade,"LINESTRING (-77.12506 -11.97242, -77.12679 -11.96409)",,,,,111.1254540716126,projected_lima_scenario,knn_inverse_distance_rate,0.5029408617242862,mode_fallback,12,0.11757103386042778,False
LIM-0209,LIM-0208,0,L7,945.1771445978188,True,False,in_line,At Grade,"LINESTRING (-77.12679 -11.96409, -77.12506 -11.97242)",,,,,111.1254540716126,projected_lima_scenario,knn_inverse_distance_rate,0.5029408617242862,mode_fallback,12,0.11757103386042778,False
LIM-0209,LIM-0210,0,L7,575.8197707579219,True,False,in_line,At Grade,"LINESTRING (-77.12679 -11.96409, -77.12841 -11.95916)",,,,,103.70900667162061,projected_lima_scenario,knn_inverse_distance_rate,0.5188513549316613,mode_fallback,12,0.1801067138335903,False
LIM-0210,LIM-0209,0,L7,575.8197707579219,True,False,in_line,At Grade,"LINESTRING (-77.12841 -11.95916, -77.12679 -11.96409)",,,,,103.70900667162061,projected_lima_scenario,knn_inverse_distance_rate,0.5188513549316613,mode_fallback,12,0.1801067138335903,False
LIM-0210,LIM-0211,0,L7,876.7765367437031,True,False,in_line,At Grade,"LINESTRING (-77.12841 -11.95916, -77.13096 -11.95168)",,,,,120.53553386781395,projected_lima_scenario,knn_inverse_distance_rate,0.5049845842647859,mode_fallback,12,0.13747577497394706,False
LIM-0211,LIM-0210,0,L7,876.7765367437031,True,False,in_line,At Grade,"LINESTRING (-77.13096 -11.95168, -77.12841 -11.95916)",,,,,120.53553386781395,projected_lima_scenario,knn_inverse_distance_rate,0.5049845842647859,mode_fallback,12,0.13747577497394706,False
LIM-0211,LIM-0212,0,L7,848.9128266631872,True,False,in_line,At Grade,"LINESTRING (-77.13096 -11.95168, -77.13144 -11.94406)",,,,,113.22240258669406,projected_lima_scenario,knn_inverse_distance_rate,0.5004233197231591,mode_fallback,12,0.13337341483192824,False
LIM-0212,LIM-0211,0,L7,848.9128266631872,True,False,in_line,At Grade,"LINESTRING (-77.13144 -11.94406, -77.13096 -11.95168)",,,,,113.22240258669406,projected_lima_scenario,knn_inverse_distance_rate,0.5004233197231591,mode_fallback,12,0.13337341483192824,False
LIM-0212,LIM-0213,0,L7,885.8913535443867,True,False,in_line,At Grade,"LINESTRING (-77.13144 -11.94406, -77.13077 -11.93612)",,,,,111.19192101602545,projected_lima_scenario,knn_inverse_distance_rate,0.5034392552438894,mode_fallback,12,0.1255141734606108,False
LIM-0213,LIM-0212,0,L7,885.8913535443867,True,False,in_line,At Grade,"LINESTRING (-77.13077 -11.93612, -77.13144 -11.94406)",,,,,111.19192101602545,projected_lima_scenario,knn_inverse_distance_rate,0.5034392552438894,mode_fallback,12,0.1255141734606108,False
LIM-0213,LIM-0214,0,L7,1450.9855834129478,True,False,in_line,At Grade,"LINESTRING (-77.13077 -11.93612, -77.1294 -11.92314)",,,,,136.68193226628145,projected_lima_scenario,knn_inverse_distance_rate,0.5215436190868503,mode_fallback,12,0.09419937305288996,False
LIM-0214,LIM-0213,0,L7,1450.9855834129478,True,False,in_line,At Grade,"LINESTRING (-77.1294 -11.92314, -77.13077 -11.93612)",,,,,136.68193226628145,projected_lima_scenario,knn_inverse_distance_rate,0.5215436190868503,mode_fallback,12,0.09419937305288996,False
LIM-0214,LIM-0215,0,L7,1585.3522795319516,True,False,in_line,At Grade,"LINESTRING (-77.1294 -11.92314, -77.12868 -11.9089)",,,,,147.30216576174647,projected_lima_scenario,knn_inverse_distance_rate,0.5028334471980707,mode_fallback,12,0.09291446933500164,False
LIM-0215,LIM-0214,0,L7,1585.3522795319516,True,False,in_line,At Grade,"LINESTRING (-77.12868 -11.9089, -77.1294 -11.92314)",,,,,147.30216576174647,projected_lima_scenario,knn_inverse_distance_rate,0.5028334471980707,mode_fallback,12,0.09291446933500164,False
LIM-0215,LIM-0216,0,L7,1530.8119051705714,True,False,in_line,At Grade,"LINESTRING (-77.12868 -11.9089, -77.12663 -11.89528)",,,,,120.48742380772175,projected_lima_scenario,knn_inverse_distance_rate,0.5160900139112667,mode_fallback,12,0.07870818315480528,False
LIM-0216,LIM-0215,0,L7,1530.8119051705714,True,False,in_line,At Grade,"LINESTRING (-77.12663 -11.89528, -77.12868 -11.9089)",,,,,120.48742380772175,projected_lima_scenario,knn_inverse_distance_rate,0.5160900139112667,mode_fallback,12,0.07870818315480528,False
LIM-0216,LIM-0217,0,L7,952.234827308586,True,False,in_line,At Grade,"LINESTRING (-77.12663 -11.89528, -77.12598 -11.88674)",,,,,114.00386772951563,projected_lima_scenario,knn_inverse_distance_rate,0.5026954045207895,mode_fallback,12,0.1197224302872205,False
LIM-0217,LIM-0216,0,L7,952.234827308586,True,False,in_line,At Grade,"LINESTRING (-77.12598 -11.88674, -77.12663 -11.89528)",,,,,114.00386772951563,projected_lima_scenario,knn_inverse_distance_rate,0.5026954045207895,mode_fallback,12,0.1197224302872205,False
LIM-0217,LIM-0218,0,L7,1009.7063420567442,True,False,in_line,At Grade,"LINESTRING (-77.12598 -11.88674, -77.12674 -11.87769)",,,,,121.29796485441734,projected_lima_scenario,knn_inverse_distance_rate,0.5141021112722863,mode_fallback,12,0.12013192331478943,False
LIM-0218,LIM-0217,0,L7,1009.7063420567442,True,False,in_line,At Grade,"LINESTRING (-77.12674 -11.87769, -77.12598 -11.88674)",,,,,121.29796485441734,projected_lima_scenario,knn_inverse_distance_rate,0.5141021112722863,mode_fallback,12,0.12013192331478943,False
LIM-0218,LIM-0219,0,L7,1246.6354353797897,True,False,in_line,At Grade,"LINESTRING (-77.12674 -11.87769, -77.12835 -11.86659)",,,,,127.4731404971608,projected_lima_scenario,knn_inverse_distance_rate,0.5079227736837145,mode_fallback,12,0.1022537438608312,False
LIM-0219,LIM-0218,0,L7,1246.6354353797897,True,False,in_line,At Grade,"LINESTRING (-77.12835 -11.86659, -77.12674 -11.87769)",,,,,127.4731404971608,projected_lima_scenario,knn_inverse_distance_rate,0.5079227736837145,mode_fallback,12,0.1022537438608312,False
LIM-0219,LIM-0220,0,L7,1228.5523986817575,True,False,in_line,At Grade,"LINESTRING (-77.12835 -11.86659, -77.13 -11.85566)",,,,,132.00647768224528,projected_lima_scenario,knn_inverse_distance_rate,0.5058853454624597,mode_fallback,12,0.1074487973194215,False
LIM-0220,LIM-0219,0,L7,1228.5523986817575,True,False,in_line,At Grade,"LINESTRING (-77.13 -11.85566, -77.12835 -11.86659)",,,,,132.00647768224528,projected_lima_scenario,knn_inverse_distance_rate,0.5058853454624597,mode_fallback,12,0.1074487973194215,False
LIM-0220,LIM-0221,0,L7,1436.793804858272,True,False,in_line,At Grade,"LINESTRING (-77.13 -11.85566, -77.11964 -11.84765)",,,,,137.77773197339164,projected_lima_scenario,knn_inverse_distance_rate,0.5126173272183221,mode_fallback,12,0.09589248750065586,False
LIM-0221,LIM-0220,0,L7,1436.793804858272,True,False,in_line,At Grade,"LINESTRING (-77.11964 -11.84765, -77.13 -11.85566)",,,,,137.77773197339164,projected_lima_scenario,knn_inverse_distance_rate,0.5126173272183221,mode_fallback,12,0.09589248750065586,False
LIM-0221,LIM-0222,0,L7,1459.609434461714,True,False,in_line,At Grade,"LINESTRING (-77.11964 -11.84765, -77.111 -11.83761)",,,,,138.57712607415888,projected_lima_scenario,knn_inverse_distance_rate,0.5260284368737033,mode_fallback,12,0.09494123756829813,False
LIM-0222,LIM-0221,0,L7,1459.609434461714,True,False,in_line,At Grade,"LINESTRING (-77.111 -11.83761, -77.11964 -11.84765)",,,,,138.57712607415888,projected_lima_scenario,knn_inverse_distance_rate,0.5260284368737033,mode_fallback,12,0.09494123756829813,False
LIM-0222,LIM-0223,0,L7,1292.4513319798723,True,False,in_line,At Grade,"LINESTRING (-77.111 -11.83761, -77.1191 -11.82911)",,,,,151.97791799556697,projected_lima_scenario,knn_inverse_distance_rate,0.5087861792812977,mode_fallback,12,0.11758889037837578,False
LIM-0223,LIM-0222,0,L7,1292.4513319798723,True,False,in_line,At Grade,"LINESTRING (-77.1191 -11.82911, -77.111 -11.83761)",,,,,151.97791799556697,projected_lima_scenario,knn_inverse_distance_rate,0.5087861792812977,mode_fallback,12,0.11758889037837578,False
LIM-0223,LIM-0224,0,L7,1911.9741505247928,True,False,in_line,At Grade,"LINESTRING (-77.1191 -11.82911, -77.12859 -11.81464)",,,,,173.83318839099138,projected_lima_scenario,knn_inverse_distance_rate,0.5128409142587284,mode_fallback,12,0.0909181687123114,False
LIM-0224,LIM-0223,0,L7,1911.9741505247928,True,False,in_line,At Grade,"LINESTRING (-77.12859 -11.81464, -77.1191 -11.82911)",,,,,173.83318839099138,projected_lima_scenario,knn_inverse_distance_rate,0.5128409142587284,mode_fallback,12,0.0909181687123114,False
LIM-0224,LIM-0225,0,L7,2140.100068912464,True,False,in_line,At Grade,"LINESTRING (-77.12859 -11.81464, -77.14012 -11.79905)",,,,,287.44676304493305,projected_lima_scenario,knn_inverse_distance_rate,0.5134840949842129,mode_fallback,12,0.13431463660061702,False
LIM-0225,LIM-0224,0,L7,2140.100068912464,True,False,in_line,At Grade,"LINESTRING (-77.14012 -11.79905, -77.12859 -11.81464)",,,,,287.44676304493305,projected_lima_scenario,knn_inverse_distance_rate,0.5134840949842129,mode_fallback,12,0.13431463660061702,False
LIM-0225,LIM-0226,0,L7,2181.099562325807,True,False,in_line,At Grade,"LINESTRING (-77.14012 -11.79905, -77.15435 -11.78524)",,,,,198.75934419248526,projected_lima_scenario,knn_inverse_distance_rate,0.5202936790184447,mode_fallback,12,0.09112804735082292,False
LIM-0226,LIM-0225,0,L7,2181.099562325807,True,False,in_line,At Grade,"LINESTRING (-77.15435 -11.78524, -77.14012 -11.79905)",,,,,198.75934419248526,projected_lima_scenario,knn_inverse_distance_rate,0.5202936790184447,mode_fallback,12,0.09112804735082292,False
LIM-0226,LIM-0227,0,L7,1446.9057305992635,True,False,in_line,At Grade,"LINESTRING (-77.15435 -11.78524, -77.16374 -11.77603)",,,,,136.24262018741382,projected_lima_scenario,knn_inverse_distance_rate,0.5191742129474258,mode_fallback,12,0.09416136608359851,False
LIM-0227,LIM-0226,0,L7,1446.9057305992635,True,False,in_line,At Grade,"LINESTRING (-77.16374 -11.77603, -77.15435 -11.78524)",,,,,136.24262018741382,projected_lima_scenario,knn_inverse_distance_rate,0.5191742129474258,mode_fallback,12,0.09416136608359851,False
LIM-0228,LIM-0229,0,L8,690.2712541232959,True,False,in_line,At Grade,"LINESTRING (-77.03526 -12.05866, -77.03038 -12.05469)",,,,,94.65718058909916,projected_lima_scenario,knn_inverse_distance_rate,0.5049465700357473,mode_fallback,12,0.13713041072429122,False
LIM-0228,LIM-0025,0,TRANSFER,125.3164504091732,False,True,transfer,Transfer,"LINESTRING (-77.03526 -12.05866, -77.03588 -12.05771)",L8,BRT,125.3164504091732,proximity,149.43037534097766,projected_lima_scenario,transfer_walk_rule,0.0,rule_based_transfer,0,1.1924242575740824,False
LIM-0228,LIM-0085,0,TRANSFER,204.53291023484064,False,True,transfer,Transfer,"LINESTRING (-77.03526 -12.05866, -77.03507 -12.06049)",L8,L2,204.53291023484064,proximity,215.4440918623672,projected_lima_scenario,transfer_walk_rule,0.0,rule_based_transfer,0,1.0533468262637957,False
LIM-0229,LIM-0228,0,L8,690.2712541232959,True,False,in_line,At Grade,"LINESTRING (-77.03038 -12.05469, -77.03526 -12.05866)",,,,,94.65718058909916,projected_lima_scenario,knn_inverse_distance_rate,0.5049465700357473,mode_fallback,12,0.13713041072429122,False
LIM-0229,LIM-0230,0,L8,835.6095494285277,True,False,in_line,At Grade,"LINESTRING (-77.03038 -12.05469, -77.0269 -12.04799)",,,,,87.07083149147333,projected_lima_scenario,knn_inverse_distance_rate,0.5021480492532369,mode_fallback,12,0.10420037869483537,False
LIM-0230,LIM-0229,0,L8,835.6095494285277,True,False,in_line,At Grade,"LINESTRING (-77.0269 -12.04799, -77.03038 -12.05469)",,,,,87.07083149147333,projected_lima_scenario,knn_inverse_distance_rate,0.5021480492532369,mode_fallback,12,0.10420037869483537,False
LIM-0230,LIM-0231,0,L8,1038.7301154464303,True,False,in_line,At Grade,"LINESTRING (-77.0269 -12.04799, -77.0311 -12.0396)",,,,,108.51455588620843,projected_lima_scenario,knn_inverse_distance_rate,0.5020386800528712,mode_fallback,12,0.10446847961038516,False
LIM-0231,LIM-0230,0,L8,1038.7301154464303,True,False,in_line,At Grade,"LINESTRING (-77.0311 -12.0396, -77.0269 -12.04799)",,,,,108.51455588620843,projected_lima_scenario,knn_inverse_distance_rate,0.5020386800528712,mode_fallback,12,0.10446847961038516,False
LIM-0231,LIM-0232,0,L8,932.9208989201232,True,False,in_line,At Grade,"LINESTRING (-77.0311 -12.0396, -77.02794 -12.0318)",,,,,112.33245502786586,projected_lima_scenario,knn_inverse_distance_rate,0.5051735343829361,mode_fallback,12,0.12040941001310314,False
LIM-0232,LIM-0231,0,L8,932.9208989201232,True,False,in_line,At Grade,"LINESTRING (-77.02794 -12.0318, -77.0311 -12.0396)",,,,,112.33245502786586,projected_lima_scenario,knn_inverse_distance_rate,0.5051735343829361,mode_fallback,12,0.12040941001310314,False
LIM-0232,LIM-0233,0,L8,1056.0295741273476,True,False,in_line,At Grade,"LINESTRING (-77.02794 -12.0318, -77.0187 -12.02888)",,,,,120.04641916116553,projected_lima_scenario,knn_inverse_distance_rate,0.5084408935372778,mode_fallback,12,0.11367713755589294,False
LIM-0232,LIM-0239,0,TRANSFER,66.5033145141084,False,True,transfer,Transfer,"LINESTRING (-77.02794 -12.0318, -77.02845 -12.03147)",L8,L9,66.5033145141084,matching_name_and_proximity,100.41942876175699,projected_lima_scenario,transfer_walk_rule,0.0,rule_based_transfer,0,1.5099913364536655,False
LIM-0233,LIM-0232,0,L8,1056.0295741273476,True,False,in_line,At Grade,"LINESTRING (-77.0187 -12.02888, -77.02794 -12.0318)",,,,,120.04641916116553,projected_lima_scenario,knn_inverse_distance_rate,0.5084408935372778,mode_fallback,12,0.11367713755589294,False
LIM-0233,LIM-0234,0,L8,797.3797379247961,True,False,in_line,At Grade,"LINESTRING (-77.0187 -12.02888, -77.01138 -12.02847)",,,,,85.60395049218393,projected_lima_scenario,knn_inverse_distance_rate,0.5017043507466497,mode_fallback,12,0.107356566038373,False
LIM-0234,LIM-0233,0,L8,797.3797379247961,True,False,in_line,At Grade,"LINESTRING (-77.01138 -12.02847, -77.0187 -12.02888)",,,,,85.60395049218393,projected_lima_scenario,knn_inverse_distance_rate,0.5017043507466497,mode_fallback,12,0.107356566038373,False
LIM-0234,LIM-0235,0,L8,1085.3969499036243,True,False,in_line,At Grade,"LINESTRING (-77.01138 -12.02847, -77.00181 -12.0257)",,,,,125.99215660118786,projected_lima_scenario,knn_inverse_distance_rate,0.5038391250666232,mode_fallback,12,0.1160793354103078,False
LIM-0234,LIM-0063,0,TRANSFER,49.27895158875209,False,True,transfer,Transfer,"LINESTRING (-77.01138 -12.02847, -77.0114031 -12.0280274)",L8,L1,49.27895158875209,matching_name_and_proximity,86.06579299062675,projected_lima_scenario,transfer_walk_rule,0.0,rule_based_transfer,0,1.7465021112638939,False
LIM-0235,LIM-0234,0,L8,1085.3969499036243,True,False,in_line,At Grade,"LINESTRING (-77.00181 -12.0257, -77.01138 -12.02847)",,,,,125.99215660118786,projected_lima_scenario,knn_inverse_distance_rate,0.5038391250666232,mode_fallback,12,0.1160793354103078,False
LIM-0235,LIM-0236,0,L8,1137.299835032274,True,False,in_line,At Grade,"LINESTRING (-77.00181 -12.0257, -76.99144 -12.02438)",,,,,123.8957631742638,projected_lima_scenario,knn_inverse_distance_rate,0.5146907335301313,mode_fallback,12,0.10893852206594924,False
LIM-0236,LIM-0235,0,L8,1137.299835032274,True,False,in_line,At Grade,"LINESTRING (-76.99144 -12.02438, -77.00181 -12.0257)",,,,,123.8957631742638,projected_lima_scenario,knn_inverse_distance_rate,0.5146907335301313,mode_fallback,12,0.10893852206594924,False
LIM-0236,LIM-0237,0,L8,1100.3837815102208,True,False,in_line,At Grade,"LINESTRING (-76.99144 -12.02438, -76.98134 -12.02497)",,,,,117.16379611935876,projected_lima_scenario,knn_inverse_distance_rate,0.5087199023725584,mode_fallback,12,0.1064753934836784,False
LIM-0237,LIM-0236,0,L8,1100.3837815102208,True,False,in_line,At Grade,"LINESTRING (-76.98134 -12.02497, -76.99144 -12.02438)",,,,,117.16379611935876,projected_lima_scenario,knn_inverse_distance_rate,0.5087199023725584,mode_fallback,12,0.1064753934836784,False
LIM-0237,LIM-0238,0,L8,1565.8717722172803,True,False,in_line,At Grade,"LINESTRING (-76.98134 -12.02497, -76.96697 -12.02409)",,,,,141.0103872210009,projected_lima_scenario,knn_inverse_distance_rate,0.5037986815745314,mode_fallback,12,0.09005232083680113,False
LIM-0238,LIM-0237,0,L8,1565.8717722172803,True,False,in_line,At Grade,"LINESTRING (-76.96697 -12.02409, -76.98134 -12.02497)",,,,,141.0103872210009,projected_lima_scenario,knn_inverse_distance_rate,0.5037986815745314,mode_fallback,12,0.09005232083680113,False
LIM-0238,LIM-0168,0,TRANSFER,93.12827959612063,False,True,transfer,Transfer,"LINESTRING (-76.96697 -12.02409, -76.96643 -12.02474)",L8,L6,93.12827959612063,matching_name_and_proximity,122.60689966343386,projected_lima_scenario,transfer_walk_rule,0.0,rule_based_transfer,0,1.3165377927645212,False
LIM-0239,LIM-0240,0,L9,1283.5860672902172,True,False,in_line,At Grade,"LINESTRING (-77.02845 -12.03147, -77.03716 -12.02368)",,,,,143.5146833449071,projected_lima_scenario,knn_inverse_distance_rate,0.5134009372328285,mode_fallback,12,0.11180760449346526,False
LIM-0239,LIM-0232,0,TRANSFER,66.5033145141084,False,True,transfer,Transfer,"LINESTRING (-77.02845 -12.03147, -77.02794 -12.0318)",L9,L8,66.5033145141084,matching_name_and_proximity,100.41942876175699,projected_lima_scenario,transfer_walk_rule,0.0,rule_based_transfer,0,1.5099913364536655,False
LIM-0240,LIM-0239,0,L9,1283.5860672902172,True,False,in_line,At Grade,"LINESTRING (-77.03716 -12.02368, -77.02845 -12.03147)",,,,,143.5146833449071,projected_lima_scenario,knn_inverse_distance_rate,0.5134009372328285,mode_fallback,12,0.11180760449346526,False
LIM-0240,LIM-0241,0,L9,1810.4537200550533,True,False,in_line,At Grade,"LINESTRING (-77.03716 -12.02368, -77.0518 -12.01593)",,,,,182.5064972780955,projected_lima_scenario,knn_inverse_distance_rate,0.5212352622075344,mode_fallback,12,0.10080704922550893,False
LIM-0241,LIM-0240,0,L9,1810.4537200550533,True,False,in_line,At Grade,"LINESTRING (-77.0518 -12.01593, -77.03716 -12.02368)",,,,,182.5064972780955,projected_lima_scenario,knn_inverse_distance_rate,0.5212352622075344,mode_fallback,12,0.10080704922550893,False
LIM-0241,LIM-0242,0,L9,1413.2542885383075,True,False,in_line,At Grade,"LINESTRING (-77.0518 -12.01593, -77.06255 -12.00879)",,,,,135.22601447485144,projected_lima_scenario,knn_inverse_distance_rate,0.5066146692615174,mode_fallback,12,0.09568413524130341,False
LIM-0241,LIM-0014,0,TRANSFER,186.3501850102103,False,True,transfer,Transfer,"LINESTRING (-77.0518 -12.01593, -77.0515 -12.01758)",L9,BRT,186.3501850102103,proximity,200.29182084184194,projected_lima_scenario,transfer_walk_rule,0.0,rule_based_transfer,0,1.0748141775704045,False
LIM-0242,LIM-0241,0,L9,1413.2542885383075,True,False,in_line,At Grade,"LINESTRING (-77.06255 -12.00879, -77.0518 -12.01593)",,,,,135.22601447485144,projected_lima_scenario,knn_inverse_distance_rate,0.5066146692615174,mode_fallback,12,0.09568413524130341,False
LIM-0242,LIM-0243,0,L9,1873.7389686594124,True,False,in_line,At Grade,"LINESTRING (-77.06255 -12.00879, -77.07932 -12.01265)",,,,,177.93076386773765,projected_lima_scenario,knn_inverse_distance_rate,0.5058077472913749,mode_fallback,12,0.0949602729322752,False
LIM-0242,LIM-0119,0,TRANSFER,157.19615320483186,False,True,transfer,Transfer,"LINESTRING (-77.06255 -12.00879, -77.06138 -12.00796)",L9,L3,157.19615320483186,matching_name_and_proximity,175.9967943373599,projected_lima_scenario,transfer_walk_rule,0.0,rule_based_transfer,0,1.1195998804629155,False
LIM-0243,LIM-0242,0,L9,1873.7389686594124,True,False,in_line,At Grade,"LINESTRING (-77.07932 -12.01265, -77.06255 -12.00879)",,,,,177.93076386773765,projected_lima_scenario,knn_inverse_distance_rate,0.5058077472913749,mode_fallback,12,0.0949602729322752,False
LIM-0243,LIM-0244,0,L9,976.4317715524618,True,False,in_line,At Grade,"LINESTRING (-77.07932 -12.01265, -77.07051 -12.01096)",,,,,112.83903747363516,projected_lima_scenario,knn_inverse_distance_rate,0.5049045697497906,mode_fallback,12,0.11556264427388364,False
LIM-0243,LIM-0197,0,TRANSFER,54.48218879228838,False,True,transfer,Transfer,"LINESTRING (-77.07932 -12.01265, -77.07982 -12.01268)",L9,L6,54.48218879228838,proximity,90.40182399357366,projected_lima_scenario,transfer_walk_rule,0.0,rule_based_transfer,0,1.659291339014072,False
LIM-0244,LIM-0243,0,L9,976.4317715524618,True,False,in_line,At Grade,"LINESTRING (-77.07051 -12.01096, -77.07932 -12.01265)",,,,,112.83903747363516,projected_lima_scenario,knn_inverse_distance_rate,0.5049045697497906,mode_fallback,12,0.11556264427388364,False
LIM-0244,LIM-0245,0,L9,2678.9255255847656,True,False,in_line,At Grade,"LINESTRING (-77.07051 -12.01096, -77.09502 -12.01335)",,,,,210.57357426680787,projected_lima_scenario,knn_inverse_distance_rate,0.5246234694262094,mode_fallback,12,0.0786037432753354,False
LIM-0245,LIM-0244,0,L9,2678.9255255847656,True,False,in_line,At Grade,"LINESTRING (-77.09502 -12.01335, -77.07051 -12.01096)",,,,,210.57357426680787,projected_lima_scenario,knn_inverse_distance_rate,0.5246234694262094,mode_fallback,12,0.0786037432753354,False
LIM-0245,LIM-0246,0,L9,1425.538068419066,True,False,in_line,At Grade,"LINESTRING (-77.09502 -12.01335, -77.10507 -12.02158)",,,,,136.69621483006168,projected_lima_scenario,knn_inverse_distance_rate,0.5052905232416159,mode_fallback,12,0.09589096065435768,False
LIM-0246,LIM-0245,0,L9,1425.538068419066,True,False,in_line,At Grade,"LINESTRING (-77.10507 -12.02158, -77.09502 -12.01335)",,,,,136.69621483006168,projected_lima_scenario,knn_inverse_distance_rate,0.5052905232416159,mode_fallback,12,0.09589096065435768,False
LIM-0246,LIM-0247,0,L9,2629.1341925777933,True,False,in_line,At Grade,"LINESTRING (-77.10507 -12.02158, -77.11604 -12.04265)",,,,,215.58820116976423,projected_lima_scenario,knn_inverse_distance_rate,0.5166407620891625,mode_fallback,12,0.08199969472017933,False
LIM-0246,LIM-0150,0,TRANSFER,119.72322656847932,False,True,transfer,Transfer,"LINESTRING (-77.10507 -12.02158, -77.1061 -12.02196)",L9,L4,119.72322656847932,matching_name_and_proximity,144.7693554737328,projected_lima_scenario,transfer_walk_rule,0.0,rule_based_transfer,0,1.2092002498022185,False
LIM-0247,LIM-0246,0,L9,2629.1341925777933,True,False,in_line,At Grade,"LINESTRING (-77.11604 -12.04265, -77.10507 -12.02158)",,,,,215.58820116976423,projected_lima_scenario,knn_inverse_distance_rate,0.5166407620891625,mode_fallback,12,0.08199969472017933,False
LIM-0247,LIM-0248,0,L9,801.2100957631786,True,False,in_line,At Grade,"LINESTRING (-77.11604 -12.04265, -77.11531 -12.04982)",,,,,93.19515451385007,projected_lima_scenario,knn_inverse_distance_rate,0.5035163757708131,mode_fallback,12,0.11631799824623859,False
LIM-0248,LIM-0247,0,L9,801.2100957631786,True,False,in_line,At Grade,"LINESTRING (-77.11531 -12.04982, -77.11604 -12.04265)",,,,,93.19515451385007,projected_lima_scenario,knn_inverse_distance_rate,0.5035163757708131,mode_fallback,12,0.11631799824623859,False
LIM-0248,LIM-0249,0,L9,862.009583699007,True,False,in_line,At Grade,"LINESTRING (-77.11531 -12.04982, -77.11471 -12.05755)",,,,,124.80537137711977,projected_lima_scenario,knn_inverse_distance_rate,0.5009893951228396,mode_fallback,12,0.14478420395462657,False
LIM-0249,LIM-0248,0,L9,862.009583699007,True,False,in_line,At Grade,"LINESTRING (-77.11471 -12.05755, -77.11531 -12.04982)",,,,,124.80537137711977,projected_lima_scenario,knn_inverse_distance_rate,0.5009893951228396,mode_fallback,12,0.14478420395462657,False
LIM-0249,LIM-0250,0,L9,904.1025772080504,True,False,in_line,At Grade,"LINESTRING (-77.11471 -12.05755, -77.11878 -12.06464)",,,,,99.97773571112117,projected_lima_scenario,knn_inverse_distance_rate,0.5081627232043637,mode_fallback,12,0.11058229257554088,False
LIM-0249,LIM-0095,0,TRANSFER,84.7743566590924,False,True,transfer,Transfer,"LINESTRING (-77.11471 -12.05755, -77.11485 -12.0568)",L9,L2,84.7743566590924,proximity,115.64529721591035,projected_lima_scenario,transfer_walk_rule,0.0,rule_based_transfer,0,1.3641542298098572,False
LIM-0250,LIM-0249,0,L9,904.1025772080504,True,False,in_line,At Grade,"LINESTRING (-77.11878 -12.06464, -77.11471 -12.05755)",,,,,99.97773571112117,projected_lima_scenario,knn_inverse_distance_rate,0.5081627232043637,mode_fallback,12,0.11058229257554088,False
LIM-0250,LIM-0251,0,L9,1184.466837868107,True,False,in_line,At Grade,"LINESTRING (-77.11878 -12.06464, -77.10947 -12.07017)",,,,,132.39756191988576,projected_lima_scenario,knn_inverse_distance_rate,0.5180048209265556,mode_fallback,12,0.11177819225246097,False
LIM-0251,LIM-0250,0,L9,1184.466837868107,True,False,in_line,At Grade,"LINESTRING (-77.10947 -12.07017, -77.11878 -12.06464)",,,,,132.39756191988576,projected_lima_scenario,knn_inverse_distance_rate,0.5180048209265556,mode_fallback,12,0.11177819225246097,False
LIM-0251,LIM-0252,0,L9,1163.604318770486,True,False,in_line,At Grade,"LINESTRING (-77.10947 -12.07017, -77.09962 -12.07426)",,,,,130.13134740023526,projected_lima_scenario,knn_inverse_distance_rate,0.5037496223659149,mode_fallback,12,0.11183470643847178,False
LIM-0252,LIM-0251,0,L9,1163.604318770486,True,False,in_line,At Grade,"LINESTRING (-77.09962 -12.07426, -77.10947 -12.07017)",,,,,130.13134740023526,projected_lima_scenario,knn_inverse_distance_rate,0.5037496223659149,mode_fallback,12,0.11183470643847178,False
