u,v,key,line,length_m,geometry_wkt,spatial,route_id,travel_time_s,observed
127,128,0,Broadway - 7Av,824.2036885512607,"LINESTRING (-73.987495 40.75529, -73.991057 40.750373)",True,,,
127,128,1,,824.2036885512607,"LINESTRING (-73.987495 40.75529, -73.991057 40.750373)",,2,104.69677419354839,True
127,128,2,,824.2036885512607,"LINESTRING (-73.987495 40.75529, -73.991057 40.750373)",,1,134.6081081081081,True
127,128,3,,824.2036885512607,"LINESTRING (-73.987495 40.75529, -73.991057 40.750373)",,3,105.02898550724638,True
127,128,4,,824.2036885512607,"LINESTRING (-73.987495 40.75529, -73.991057 40.750373)",,5,130.66666666666666,True
127,126,0,Broadway - 7Av,1029.5252502306162,"LINESTRING (-73.987495 40.75529, -73.983849 40.761728)",True,,,
127,126,1,,1029.5252502306162,"LINESTRING (-73.987495 40.75529, -73.983849 40.761728)",,2,112.53333333333333,True
127,126,2,,1029.5252502306162,"LINESTRING (-73.987495 40.75529, -73.983849 40.761728)",,1,137.26291079812208,True
127,123,0,,3459.6323237087186,"LINESTRING (-73.987495 40.75529, -73.98197 40.778453)",,3,251.26388888888889,True
127,123,1,,3459.6323237087186,"LINESTRING (-73.987495 40.75529, -73.98197 40.778453)",,2,241.49253731343285,True
127,129,0,,1354.6200446668315,"LINESTRING (-73.987495 40.75529, -73.993365 40.747215)",,1,116.0,True
127,120,0,,5924.245239577126,"LINESTRING (-73.987495 40.75529, -73.972323 40.793919)",,1,392.0,True
S17,S16,0,Staten Island,1808.9470027943821,"LINESTRING (-74.178217 40.54046, -74.191794 40.533674)",True,,,
S17,S18,0,Staten Island,1635.8085086866554,"LINESTRING (-74.178217 40.54046, -74.16457 40.544601)",True,,,
S01,S03,0,Franklin Shuttle,877.964800605908,"LINESTRING (-73.955827 40.680596, -73.957624 40.674772)",True,,,
254,253,0,Eastern Pky,737.2236728251258,"LINESTRING (-73.902447 40.663515, -73.908946 40.662549)",True,,,
254,253,1,,737.2236728251258,"LINESTRING (-73.902447 40.663515, -73.908946 40.662549)",,3,81.22916666666667,True
254,253,2,,737.2236728251258,"LINESTRING (-73.902447 40.663515, -73.908946 40.662549)",,5,82.5,True
254,253,3,,737.2236728251258,"LINESTRING (-73.902447 40.663515, -73.908946 40.662549)",,4,80.0,True
254,253,4,,737.2236728251258,"LINESTRING (-73.902447 40.663515, -73.908946 40.662549)",,2,82.0,True
254,255,0,Eastern Pky,856.6018523513056,"LINESTRING (-73.902447 40.663515, -73.894895 40.664635)",True,,,
254,255,1,,856.6018523513056,"LINESTRING (-73.902447 40.663515, -73.894895 40.664635)",,3,112.40397350993378,True
254,255,2,,856.6018523513056,"LINESTRING (-73.902447 40.663515, -73.894895 40.664635)",,2,140.0,True
254,255,3,,856.6018523513056,"LINESTRING (-73.902447 40.663515, -73.894895 40.664635)",,4,95.5,True
254,257,0,,2083.3163827516246,"LINESTRING (-73.902447 40.663515, -73.884079 40.666235)",,3,187.0,True
M01,M04,0,Myrtle Av,1036.0900181021282,"LINESTRING (-73.889601 40.711396, -73.895877 40.706186)",True,,,
726,725,0,Flushing,1583.9704096510911,"LINESTRING (-74.00191 40.755882, -73.987691 40.755477)",True,,,
726,725,1,,1583.9704096510911,"LINESTRING (-74.00191 40.755882, -73.987691 40.755477)",,7,15.0,True
713,714,0,Flushing,672.0493996266014,"LINESTRING (-73.912549 40.744149, -73.918435 40.743132)",True,,,
713,712,0,Flushing,1086.7796323156017,"LINESTRING (-73.912549 40.744149, -73.902984 40.74563)",True,,,
713,712,1,,1086.7796323156017,"LINESTRING (-73.912549 40.744149, -73.902984 40.74563)",,7,173.47767857142858,True
713,712,2,,1086.7796323156017,"LINESTRING (-73.912549 40.744149, -73.902984 40.74563)",,7X,170.22641509433961,True
713,711,0,,1825.5805641106317,"LINESTRING (-73.912549 40.744149, -73.896403 40.746325)",,7,168.91666666666666,True
713,711,1,,1825.5805641106317,"LINESTRING (-73.912549 40.744149, -73.896403 40.746325)",,7X,160.5,True
615,616,0,Pelham,637.8714239384144,"LINESTRING (-73.904098 40.812118, -73.907657 40.808719)",True,,,
615,616,1,,637.8714239384144,"LINESTRING (-73.904098 40.812118, -73.907657 40.808719)",,6,85.04430379746836,True
615,614,0,Pelham,1035.0883778738191,"LINESTRING (-73.904098 40.812118, -73.896435 40.816104)",True,,,
615,614,1,,1035.0883778738191,"LINESTRING (-73.904098 40.812118, -73.896435 40.816104)",,6,104.98224852071006,True
615,614,2,,1035.0883778738191,"LINESTRING (-73.904098 40.812118, -73.896435 40.816104)",,6X,104.0,True
615,611,0,,3684.2960322087474,"LINESTRING (-73.904098 40.812118, -73.879159 40.828584)",,6,72.0,True
M11,M12,0,Jamaica,756.0388366958624,"LINESTRING (-73.935657 40.697207, -73.941126 40.70026)",True,,,
M11,J31,0,Jamaica,949.8950601266383,"LINESTRING (-73.935657 40.697207, -73.928814 40.693342)",True,,,
F16,F18,0,6th Av - Culver,1848.5751990474125,"LINESTRING (-73.990173 40.713715, -73.986751 40.701397)",True,,,
F16,F15,0,6th Av - Culver,754.7178842308291,"LINESTRING (-73.990173 40.713715, -73.988114 40.718611)",True,,,
F33,F34,0,6th Av - Culver,917.948288550847,"LINESTRING (-73.974197 40.61514, -73.973022 40.608944)",True,,,
F33,F32,0,6th Av - Culver,834.0110137617568,"LINESTRING (-73.974197 40.61514, -73.975264 40.620769)",True,,,
233,423,0,Eastern Pky,628.5216608927597,"LINESTRING (-73.985065 40.690545, -73.990151 40.692404)",True,,,
233,234,0,Eastern Pky,610.7892548245445,"LINESTRING (-73.985065 40.690545, -73.980492 40.688246)",True,,,
233,234,1,,610.7892548245445,"LINESTRING (-73.985065 40.690545, -73.980492 40.688246)",,3,96.70394736842105,True
233,234,2,,610.7892548245445,"LINESTRING (-73.985065 40.690545, -73.980492 40.688246)",,2,90.07741935483871,True
233,234,3,,610.7892548245445,"LINESTRING (-73.985065 40.690545, -73.980492 40.688246)",,5,96.66666666666667,True
233,232,0,,675.0381863532292,"LINESTRING (-73.985065 40.690545, -73.989998 40.693219)",,2,89.70469798657719,True
233,232,1,,675.0381863532292,"LINESTRING (-73.985065 40.690545, -73.989998 40.693219)",,3,92.11111111111111,True
M05,M06,0,Myrtle Av,573.5293142268418,"LINESTRING (-73.903077 40.704423, -73.90774 40.702762)",True,,,
M05,M04,0,Myrtle Av,842.2741767178296,"LINESTRING (-73.903077 40.704423, -73.895877 40.706186)",True,,,
S30,S29,0,Staten Island,1325.65015505253,"LINESTRING (-74.074835 40.636949, -74.075162 40.627915)",True,,,
S30,S31,0,Staten Island,1006.2157507342421,"LINESTRING (-74.074835 40.636949, -74.073643 40.643748)",True,,,
R43,R44,0,4th Av,1083.5563517256933,"LINESTRING (-74.02551 40.629742, -74.028398 40.622687)",True,,,
R43,R42,0,4th Av,802.3654621345208,"LINESTRING (-74.02551 40.629742, -74.023377 40.634967)",True,,,
A36,E01,0,8th Av - Fulton St,261.0554921428606,"LINESTRING (-74.008585 40.714111, -74.009781 40.712582)",True,,,
A36,A34,0,8th Av - Fulton St,1054.3570430668217,"LINESTRING (-74.008585 40.714111, -74.005229 40.720824)",True,,,
604,606,0,Pelham,676.4242097438303,"LINESTRING (-73.842952 40.839892, -73.847036 40.836488)",True,,,
604,606,1,,676.4242097438303,"LINESTRING (-73.842952 40.839892, -73.847036 40.836488)",,6,76.14678899082568,True
604,606,2,,676.4242097438303,"LINESTRING (-73.842952 40.839892, -73.847036 40.836488)",,6X,76.57692307692308,True
604,603,0,Pelham,941.3540267586553,"LINESTRING (-73.842952 40.839892, -73.836322 40.843863)",True,,,
604,603,1,,941.3540267586553,"LINESTRING (-73.842952 40.839892, -73.836322 40.843863)",,6,104.0,True
604,603,2,,941.3540267586553,"LINESTRING (-73.842952 40.839892, -73.836322 40.843863)",,6X,112.47619047619048,True
D09,D10,0,Concourse,988.9470727055412,"LINESTRING (-73.9134 40.839306, -73.91844 40.833771)",True,,,
D09,D08,0,Concourse,1036.099964236207,"LINESTRING (-73.9134 40.839306, -73.910136 40.8459)",True,,,
629,630,0,Lexington Av,909.8918401802778,"LINESTRING (-73.967967 40.762526, -73.97192 40.757107)",True,,,
629,630,1,,909.8918401802778,"LINESTRING (-73.967967 40.762526, -73.97192 40.757107)",,6,120.52403846153847,True
629,630,2,,909.8918401802778,"LINESTRING (-73.967967 40.762526, -73.97192 40.757107)",,6X,100.37037037037037,True
629,630,3,,909.8918401802778,"LINESTRING (-73.967967 40.762526, -73.97192 40.757107)",,4,97.77777777777777,True
629,628,0,Lexington Av,942.9168269795322,"LINESTRING (-73.967967 40.762526, -73.96387 40.768141)",True,,,
629,628,1,,942.9168269795322,"LINESTRING (-73.967967 40.762526, -73.96387 40.768141)",,4,99.73684210526316,True
629,628,2,,942.9168269795322,"LINESTRING (-73.967967 40.762526, -73.96387 40.768141)",,6,102.55607476635514,True
629,628,3,,942.9168269795322,"LINESTRING (-73.967967 40.762526, -73.96387 40.768141)",,6X,110.55,True
629,631,0,,1863.653549362019,"LINESTRING (-73.967967 40.762526, -73.976848 40.751776)",,6,197.16666666666666,True
629,631,1,,1863.653549362019,"LINESTRING (-73.967967 40.762526, -73.976848 40.751776)",,4,174.0188679245283,True
629,631,2,,1863.653549362019,"LINESTRING (-73.967967 40.762526, -73.976848 40.751776)",,5,182.12213740458014,True
629,631,3,,1863.653549362019,"LINESTRING (-73.967967 40.762526, -73.976848 40.751776)",,2,229.66666666666666,True
629,632,0,,2882.185034986371,"LINESTRING (-73.967967 40.762526, -73.982076 40.746081)",,6,289.0,True
629,626,0,,2849.186880775263,"LINESTRING (-73.967967 40.762526, -73.955589 40.779492)",,4,194.29032258064515,True
629,626,1,,2849.186880775263,"LINESTRING (-73.967967 40.762526, -73.955589 40.779492)",,5,193.5,True
629,635,0,,4768.599621140176,"LINESTRING (-73.967967 40.762526, -73.989951 40.734673)",,6,253.0,True
629,625,0,,3887.7143708294498,"LINESTRING (-73.967967 40.762526, -73.95107 40.785672)",,6,23.0,True
219,220,0,Lenox - White Plains Rd,811.7211577209916,"LINESTRING (-73.90177 40.819585, -73.907807 40.81649)",True,,,
219,220,1,,811.7211577209916,"LINESTRING (-73.90177 40.819585, -73.907807 40.81649)",,2,100.01935483870967,True
219,220,2,,811.7211577209916,"LINESTRING (-73.90177 40.819585, -73.907807 40.81649)",,5,97.5,True
219,218,0,Lenox - White Plains Rd,678.126627330147,"LINESTRING (-73.90177 40.819585, -73.896736 40.822181)",True,,,
219,218,1,,678.126627330147,"LINESTRING (-73.90177 40.819585, -73.896736 40.822181)",,2,79.81208053691275,True
219,218,2,,678.126627330147,"LINESTRING (-73.90177 40.819585, -73.896736 40.822181)",,5,81.64835164835165,True
F39,F38,0,6th Av - Culver,1262.4345462409487,"LINESTRING (-73.974574 40.581011, -73.97425 40.58962)",True,,,
N09,N10,0,Sea Beach,703.935236264886,"LINESTRING (-73.979137 40.597473, -73.97823 40.592721)",True,,,
N09,N08,0,Sea Beach,955.3065505654785,"LINESTRING (-73.979137 40.597473, -73.980353 40.603923)",True,,,
610,611,0,Pelham,534.923600811053,"LINESTRING (-73.874516 40.829521, -73.879159 40.828584)",True,,,
610,611,1,,534.923600811053,"LINESTRING (-73.874516 40.829521, -73.879159 40.828584)",,6,68.89655172413794,True
610,609,0,Pelham,821.6972356814995,"LINESTRING (-73.874516 40.829521, -73.867618 40.831509)",True,,,
610,609,1,,821.6972356814995,"LINESTRING (-73.874516 40.829521, -73.867618 40.831509)",,6,89.44444444444444,True
610,609,2,,821.6972356814995,"LINESTRING (-73.874516 40.829521, -73.867618 40.831509)",,6X,111.0,True
610,608,0,,1619.5641059133054,"LINESTRING (-73.874516 40.829521, -73.860816 40.833226)",,6,41.0,True
F32,F33,0,6th Av - Culver,834.0110137617568,"LINESTRING (-73.975264 40.620769, -73.974197 40.61514)",True,,,
F32,F31,0,6th Av - Culver,674.6370819142277,"LINESTRING (-73.975264 40.620769, -73.976127 40.625322)",True,,,
R13,R11,0,Astoria,747.9246717886185,"LINESTRING (-73.973347 40.764811, -73.967258 40.76266)",True,,,
B22,B23,0,West End,1343.328812876634,"LINESTRING (-73.986829 40.597704, -73.983765 40.588841)",True,,,
B22,B21,0,West End,981.7200789936633,"LINESTRING (-73.986829 40.597704, -73.993728 40.601875)",True,,,
622,623,0,Lexington Av,606.2559949569526,"LINESTRING (-73.941617 40.798629, -73.94425 40.79502)",True,,,
622,623,1,,606.2559949569526,"LINESTRING (-73.941617 40.798629, -73.94425 40.79502)",,6,87.28155339805825,True
622,623,2,,606.2559949569526,"LINESTRING (-73.941617 40.798629, -73.94425 40.79502)",,6X,82.3076923076923,True
622,623,3,,606.2559949569526,"LINESTRING (-73.941617 40.798629, -73.94425 40.79502)",,4,82.61111111111111,True
622,621,0,Lexington Av,925.6812212597305,"LINESTRING (-73.941617 40.798629, -73.937594 40.804138)",True,,,
622,621,1,,925.6812212597305,"LINESTRING (-73.941617 40.798629, -73.937594 40.804138)",,4,99.26315789473684,True
622,621,2,,925.6812212597305,"LINESTRING (-73.941617 40.798629, -73.937594 40.804138)",,6,97.5953488372093,True
622,621,3,,925.6812212597305,"LINESTRING (-73.941617 40.798629, -73.937594 40.804138)",,6X,104.05,True
H14,H13,0,Rockaway,837.8265084181342,"LINESTRING (-73.827559 40.583209, -73.820558 40.585307)",True,,,
H14,H15,0,Rockaway,955.9761995915513,"LINESTRING (-73.827559 40.583209, -73.835592 40.580903)",True,,,
F05,F06,0,Queens Blvd,1395.0916047026394,"LINESTRING (-73.820574 40.709179, -73.831008 40.714441)",True,,,
F05,F04,0,Queens Blvd,1226.571139159816,"LINESTRING (-73.820574 40.709179, -73.810708 40.70546)",True,,,
R19,R20,0,Broadway - Brighton,829.1668912224625,"LINESTRING (-73.989344 40.741303, -73.990568 40.735736)",True,,,
R19,R18,0,Broadway - Brighton,620.0561152105539,"LINESTRING (-73.989344 40.741303, -73.988691 40.745494)",True,,,
R18,R19,0,Broadway - Brighton,620.0561152105539,"LINESTRING (-73.988691 40.745494, -73.989344 40.741303)",True,,,
R18,R17,0,Broadway - Brighton,604.1377905014675,"LINESTRING (-73.988691 40.745494, -73.98795 40.749567)",True,,,
114,115,0,Broadway - 7Av,763.4808883665147,"LINESTRING (-73.95036 40.826551, -73.953676 40.822008)",True,,,
114,115,1,,763.4808883665147,"LINESTRING (-73.95036 40.826551, -73.953676 40.822008)",,1,88.37113402061856,True
114,113,0,Broadway - 7Av,1258.9894605560853,"LINESTRING (-73.95036 40.826551, -73.94489 40.834041)",True,,,
114,113,1,,1258.9894605560853,"LINESTRING (-73.95036 40.826551, -73.94489 40.834041)",,1,115.07211538461539,True
114,111,0,,3858.6970356056618,"LINESTRING (-73.95036 40.826551, -73.933596 40.849505)",,1,67.0,True
114,120,0,,5386.281394117333,"LINESTRING (-73.95036 40.826551, -73.972323 40.793919)",,1,439.53333333333336,True
114,108,0,,6611.388506595542,"LINESTRING (-73.95036 40.826551, -73.918822 40.864621)",,1,27.0,True
A03,A05,0,8th Av - Fulton St,1224.0049942060452,"LINESTRING (-73.927271 40.865491, -73.93418 40.859022)",True,,,
A03,A02,0,8th Av - Fulton St,904.3278150913653,"LINESTRING (-73.927271 40.865491, -73.919899 40.868072)",True,,,
M16,M18,0,Jamaica,3613.045773187026,"LINESTRING (-73.957757 40.708359, -73.987437 40.718315)",True,,,
M16,M14,0,Jamaica,528.885675754621,"LINESTRING (-73.957757 40.708359, -73.953431 40.70687)",True,,,
720,721,0,Flushing,522.7877136771638,"LINESTRING (-73.948916 40.742216, -73.953581 40.742626)",True,,,
720,721,1,,522.7877136771638,"LINESTRING (-73.948916 40.742216, -73.953581 40.742626)",,7,69.7847533632287,True
720,721,2,,522.7877136771638,"LINESTRING (-73.948916 40.742216, -73.953581 40.742626)",,7X,53.05,True
720,719,0,Flushing,814.9453901807466,"LINESTRING (-73.948916 40.742216, -73.945264 40.747023)",True,,,
720,719,1,,814.9453901807466,"LINESTRING (-73.948916 40.742216, -73.945264 40.747023)",,7,91.98165137614679,True
720,719,2,,814.9453901807466,"LINESTRING (-73.948916 40.742216, -73.945264 40.747023)",,7X,97.83333333333333,True
720,718,0,,1565.9078062145816,"LINESTRING (-73.948916 40.742216, -73.940202 40.750582)",,7,236.0,True
720,723,0,,3309.230452817414,"LINESTRING (-73.948916 40.742216, -73.976041 40.751431)",,7,245.8125,True
A16,A17,0,8th Av - Fulton St,753.448459943392,"LINESTRING (-73.954882 40.805085, -73.958161 40.800603)",True,,,
A16,A15,0,8th Av - Fulton St,929.9558230383888,"LINESTRING (-73.954882 40.805085, -73.952343 40.811109)",True,,,
A41,A42,0,8th Av - Fulton St,622.9431018822535,"LINESTRING (-73.987342 40.692338, -73.985001 40.688484)",True,,,
A41,A40,0,8th Av - Fulton St,1087.2133777418974,"LINESTRING (-73.987342 40.692338, -73.990531 40.699337)",True,,,
R39,R40,0,4th Av,723.4970927633993,"LINESTRING (-74.010006 40.648939, -74.014034 40.645069)",True,,,
R39,R36,0,4th Av,1159.9878373636234,"LINESTRING (-74.010006 40.648939, -74.003549 40.655144)",True,,,
A52,A54,0,8th Av - Fulton St,1759.6647052116434,"LINESTRING (-73.896548 40.674542, -73.88075 40.67413)",True,,,
A52,A55,0,8th Av - Fulton St,2723.629910721003,"LINESTRING (-73.896548 40.674542, -73.872106 40.675377)",True,,,
G34,G35,0,Crosstown,762.2613030936463,"LINESTRING (-73.96007 40.688873, -73.966839 40.688089)",True,,,
G34,G33,0,Crosstown,737.2772149432546,"LINESTRING (-73.96007 40.688873, -73.953522 40.689627)",True,,,
D30,D31,0,Broadway - Brighton,866.1121414605796,"LINESTRING (-73.963891 40.640927, -73.962793 40.635082)",True,,,
D30,D29,0,Broadway - Brighton,460.26644990085157,"LINESTRING (-73.963891 40.640927, -73.964492 40.644031)",True,,,
G20,G21,0,Queens Blvd,1044.182398187045,"LINESTRING (-73.928781 40.752039, -73.937243 40.748973)",True,,,
G20,G19,0,Queens Blvd,1143.2955158796226,"LINESTRING (-73.928781 40.752039, -73.92074 40.756879)",True,,,
418,419,0,Lexington Av,488.89395963185024,"LINESTRING (-74.009509 40.710368, -74.011862 40.707557)",True,,,
418,419,1,,488.89395963185024,"LINESTRING (-74.009509 40.710368, -74.011862 40.707557)",,4,87.9245283018868,True
418,419,2,,488.89395963185024,"LINESTRING (-74.009509 40.710368, -74.011862 40.707557)",,5,88.0,True
418,419,3,,488.89395963185024,"LINESTRING (-74.009509 40.710368, -74.011862 40.707557)",,2,92.33333333333333,True
418,640,0,Lexington Av,717.838568393504,"LINESTRING (-74.009509 40.710368, -74.004131 40.713065)",True,,,
418,640,1,,717.838568393504,"LINESTRING (-74.009509 40.710368, -74.004131 40.713065)",,4,114.22435897435898,True
418,640,2,,717.838568393504,"LINESTRING (-74.009509 40.710368, -74.004131 40.713065)",,5,111.42424242424242,True
212,213,0,Lenox - White Plains Rd,1163.9654495664201,"LINESTRING (-73.868457 40.848828, -73.873488 40.841894)",True,,,
212,213,1,,1163.9654495664201,"LINESTRING (-73.868457 40.848828, -73.873488 40.841894)",,2,136.33548387096775,True
212,213,2,,1163.9654495664201,"LINESTRING (-73.868457 40.848828, -73.873488 40.841894)",,5,174.84615384615384,True
212,211,0,Lenox - White Plains Rd,1234.5104249083447,"LINESTRING (-73.868457 40.848828, -73.867615 40.857192)",True,,,
212,211,1,,1234.5104249083447,"LINESTRING (-73.868457 40.848828, -73.867615 40.857192)",,2,107.02013422818791,True
212,211,2,,1234.5104249083447,"LINESTRING (-73.868457 40.848828, -73.867615 40.857192)",,5,131.88888888888889,True
503,504,0,Dyre Av,1845.4431485083053,"LINESTRING (-73.846384 40.869526, -73.855359 40.858985)",True,,,
503,504,1,,1845.4431485083053,"LINESTRING (-73.846384 40.869526, -73.855359 40.858985)",,5,161.23239436619718,True
503,502,0,Dyre Av,1600.617932164805,"LINESTRING (-73.846384 40.869526, -73.838591 40.878663)",True,,,
503,502,1,,1600.617932164805,"LINESTRING (-73.846384 40.869526, -73.838591 40.878663)",,5,116.94244604316546,True
B18,B19,0,West End,822.9974500767338,"LINESTRING (-74.00061 40.613501, -74.001736 40.607954)",True,,,
B18,B17,0,West End,913.7161670488424,"LINESTRING (-74.00061 40.613501, -73.998864 40.619589)",True,,,
G29,G30,0,Crosstown,991.6521805932507,"LINESTRING (-73.951418 40.712792, -73.950308 40.706092)",True,,,
G29,G28,0,Crosstown,1739.5082929297212,"LINESTRING (-73.951418 40.712792, -73.951277 40.724635)",True,,,
G21,F09,0,Queens Blvd,988.7908188893799,"LINESTRING (-73.937243 40.748973, -73.946 40.747846)",True,,,
G21,G20,0,Queens Blvd,1044.182398187045,"LINESTRING (-73.937243 40.748973, -73.928781 40.752039)",True,,,
406,407,0,Jerome Av,846.7881653833845,"LINESTRING (-73.897174 40.86776, -73.901034 40.862803)",True,,,
406,407,1,,846.7881653833845,"LINESTRING (-73.897174 40.86776, -73.901034 40.862803)",,4,86.69590643274854,True
406,405,0,Jerome Av,1148.3592352538212,"LINESTRING (-73.897174 40.86776, -73.890064 40.873412)",True,,,
406,405,1,,1148.3592352538212,"LINESTRING (-73.897174 40.86776, -73.890064 40.873412)",,4,119.39877300613497,True
R23,R24,0,Broadway,1084.7694207200382,"LINESTRING (-74.001775 40.719527, -74.006978 40.713282)",True,,,
110,111,0,Broadway - 7Av,962.0743687876269,"LINESTRING (-73.929412 40.855225, -73.933596 40.849505)",True,,,
110,111,1,,962.0743687876269,"LINESTRING (-73.929412 40.855225, -73.933596 40.849505)",,1,94.39423076923077,True
110,109,0,Broadway - 7Av,892.2200045264452,"LINESTRING (-73.929412 40.855225, -73.925536 40.860531)",True,,,
110,109,1,,892.2200045264452,"LINESTRING (-73.929412 40.855225, -73.925536 40.860531)",,1,87.28571428571429,True
G09,G10,0,Queens Blvd,1102.9695048508702,"LINESTRING (-73.852719 40.726523, -73.861604 40.729846)",True,,,
G09,G08,0,Queens Blvd,1156.1087826446405,"LINESTRING (-73.852719 40.726523, -73.844521 40.721691)",True,,,
A51,A55,0,8th Av - Fulton St,3722.312008144423,"LINESTRING (-73.905316 40.678334, -73.872106 40.675377)",True,,,
A51,A50,0,8th Av - Fulton St,738.0487494391782,"LINESTRING (-73.905316 40.678334, -73.911946 40.67834)",True,,,
R01,R03,0,Astoria,954.6934558989794,"LINESTRING (-73.912034 40.775036, -73.917843 40.770258)",True,,,
246,247,0,Nostrand,1049.5682004332346,"LINESTRING (-73.948411 40.639967, -73.947642 40.632836)",True,,,
246,247,1,,1049.5682004332346,"LINESTRING (-73.948411 40.639967, -73.947642 40.632836)",,2,199.10967741935485,True
246,247,2,,1049.5682004332346,"LINESTRING (-73.948411 40.639967, -73.947642 40.632836)",,5,207.44642857142858,True
246,245,0,Nostrand,755.221269937427,"LINESTRING (-73.948411 40.639967, -73.948959 40.645098)",True,,,
246,245,1,,755.221269937427,"LINESTRING (-73.948411 40.639967, -73.948959 40.645098)",,2,88.10416666666667,True
246,245,2,,755.221269937427,"LINESTRING (-73.948411 40.639967, -73.948959 40.645098)",,5,87.50925925925925,True
L15,L16,0,Canarsie,646.6658460243953,"LINESTRING (-73.922913 40.706607, -73.918425 40.703811)",True,,,
L15,L14,0,Canarsie,1141.2013252114623,"LINESTRING (-73.922913 40.706607, -73.933147 40.706152)",True,,,
725,726,0,Flushing,1583.9704096510911,"LINESTRING (-73.987691 40.755477, -74.00191 40.755882)",True,,,
725,726,1,,1583.9704096510911,"LINESTRING (-73.987691 40.755477, -74.00191 40.755882)",,7,172.93191489361703,True
725,726,2,,1583.9704096510911,"LINESTRING (-73.987691 40.755477, -74.00191 40.755882)",,7X,174.26315789473685,True
725,724,0,Flushing,682.498648835457,"LINESTRING (-73.987691 40.755477, -73.981963 40.753821)",True,,,
725,724,1,,682.498648835457,"LINESTRING (-73.987691 40.755477, -73.981963 40.753821)",,7,60.424083769633505,True
725,724,2,,682.498648835457,"LINESTRING (-73.987691 40.755477, -73.981963 40.753821)",,7X,66.66,True
725,723,0,,1426.669330342708,"LINESTRING (-73.987691 40.755477, -73.976041 40.751431)",,7,84.89285714285714,True
725,723,1,,1426.669330342708,"LINESTRING (-73.987691 40.755477, -73.976041 40.751431)",,7X,134.75,True
S25,S24,0,Staten Island,1115.8090114053105,"LINESTRING (-74.09609 40.588849, -74.103338 40.583591)",True,,,
S25,S26,0,Staten Island,1495.9384291892868,"LINESTRING (-74.09609 40.588849, -74.087368 40.596612)",True,,,
H01,H02,0,Rockaway,603.6269901118881,"LINESTRING (-73.835919 40.672097, -73.834058 40.668234)",True,,,
J22,J23,0,Jamaica,833.9169216161025,"LINESTRING (-73.884639 40.679947, -73.891688 40.678024)",True,,,
J22,J21,0,Jamaica,555.2792793620442,"LINESTRING (-73.884639 40.679947, -73.880039 40.68141)",True,,,
A20,A21,0,8th Av - Fulton St,744.4343746726748,"LINESTRING (-73.968916 40.785868, -73.972143 40.781433)",True,,,
A20,A19,0,8th Av - Fulton St,970.2555908860395,"LINESTRING (-73.968916 40.785868, -73.964696 40.791642)",True,,,
A57,A59,0,Liberty Av,755.9427743770543,"LINESTRING (-73.86505 40.677044, -73.858992 40.679371)",True,,,
G15,G16,0,Queens Blvd,964.5052270631872,"LINESTRING (-73.898453 40.749669, -73.906006 40.752885)",True,,,
G15,G14,0,Queens Blvd,908.2390965718549,"LINESTRING (-73.898453 40.749669, -73.891338 40.746644)",True,,,
D34,D35,0,Broadway - Brighton,1325.1822452702625,"LINESTRING (-73.959399 40.617618, -73.957734 40.60867)",True,,,
D34,D33,0,Broadway - Brighton,1099.5315315821958,"LINESTRING (-73.959399 40.617618, -73.960803 40.625039)",True,,,
103,104,0,Broadway - 7Av,962.6789231518977,"LINESTRING (-73.90087 40.884667, -73.904834 40.878856)",True,,,
103,104,1,,962.6789231518977,"LINESTRING (-73.90087 40.884667, -73.904834 40.878856)",,1,87.01025641025642,True
103,101,0,Broadway - 7Av,720.9856356125861,"LINESTRING (-73.90087 40.884667, -73.898583 40.889248)",True,,,
103,101,1,,720.9856356125861,"LINESTRING (-73.90087 40.884667, -73.898583 40.889248)",,1,116.02127659574468,True
238,237,0,Eastern Pky,882.4630370631876,"LINESTRING (-73.964375 40.671987, -73.971046 40.675235)",True,,,
238,237,1,,882.4630370631876,"LINESTRING (-73.964375 40.671987, -73.971046 40.675235)",,2,115.32885906040268,True
238,237,2,,882.4630370631876,"LINESTRING (-73.964375 40.671987, -73.971046 40.675235)",,3,114.88194444444444,True
238,237,3,,882.4630370631876,"LINESTRING (-73.964375 40.671987, -73.971046 40.675235)",,4,106.7,True
238,239,0,Eastern Pky,720.9857404182546,"LINESTRING (-73.964375 40.671987, -73.958131 40.670682)",True,,,
238,239,1,,720.9857404182546,"LINESTRING (-73.964375 40.671987, -73.958131 40.670682)",,3,115.0657894736842,True
238,239,2,,720.9857404182546,"LINESTRING (-73.964375 40.671987, -73.958131 40.670682)",,2,110.35443037974683,True
238,239,3,,720.9857404182546,"LINESTRING (-73.964375 40.671987, -73.958131 40.670682)",,4,107.5625,True
238,239,4,,720.9857404182546,"LINESTRING (-73.964375 40.671987, -73.958131 40.670682)",,5,132.0,True
637,638,0,Lexington Av,598.4470232892688,"LINESTRING (-73.994659 40.725915, -73.997141 40.722301)",True,,,
637,638,1,,598.4470232892688,"LINESTRING (-73.994659 40.725915, -73.997141 40.722301)",,6,88.10550458715596,True
637,638,2,,598.4470232892688,"LINESTRING (-73.994659 40.725915, -73.997141 40.722301)",,4,77.3,True
637,638,3,,598.4470232892688,"LINESTRING (-73.994659 40.725915, -73.997141 40.722301)",,6X,76.42857142857143,True
637,636,0,Lexington Av,727.5189220523703,"LINESTRING (-73.994659 40.725915, -73.99107 40.730054)",True,,,
637,636,1,,727.5189220523703,"LINESTRING (-73.994659 40.725915, -73.99107 40.730054)",,4,86.73684210526316,True
637,636,2,,727.5189220523703,"LINESTRING (-73.994659 40.725915, -73.99107 40.730054)",,6,94.14883720930233,True
637,636,3,,727.5189220523703,"LINESTRING (-73.994659 40.725915, -73.99107 40.730054)",,6X,99.925,True
637,640,0,,2161.928403123731,"LINESTRING (-73.994659 40.725915, -74.004131 40.713065)",,6,187.0,True
D29,D30,0,Broadway - Brighton,460.26644990085157,"LINESTRING (-73.964492 40.644031, -73.963891 40.640927)",True,,,
D29,D28,0,Broadway - Brighton,967.7858423160982,"LINESTRING (-73.964492 40.644031, -73.962982 40.650527)",True,,,
705,706,0,Flushing,864.5643355483609,"LINESTRING (-73.855334 40.75173, -73.8627 40.749865)",True,,,
705,706,1,,864.5643355483609,"LINESTRING (-73.855334 40.75173, -73.8627 40.749865)",,7,66.62559241706161,True
705,702,0,Flushing,1161.3527501320275,"LINESTRING (-73.855334 40.75173, -73.845625 40.754622)",True,,,
705,702,1,,1161.3527501320275,"LINESTRING (-73.855334 40.75173, -73.845625 40.754622)",,7,84.32954545454545,True
705,707,0,,1624.978015440104,"LINESTRING (-73.855334 40.75173, -73.869527 40.749145)",,7,105.68181818181819,True
705,701,0,,3045.0158854009496,"LINESTRING (-73.855334 40.75173, -73.83003 40.7596)",,7,165.49367088607596,True
A15,A16,0,8th Av - Fulton St,929.9558230383888,"LINESTRING (-73.952343 40.811109, -73.954882 40.805085)",True,,,
A15,A14,0,8th Av - Fulton St,1126.5036722373432,"LINESTRING (-73.952343 40.811109, -73.947649 40.817894)",True,,,
D18,D19,0,6th Av - Culver,780.3802590222359,"LINESTRING (-73.992821 40.742878, -73.996209 40.738228)",True,,,
D18,D17,0,6th Av - Culver,1148.892181830478,"LINESTRING (-73.992821 40.742878, -73.987823 40.749719)",True,,,
419,420,0,Lexington Av,471.20646618362633,"LINESTRING (-74.011862 40.707557, -74.014065 40.704817)",True,,,
419,420,1,,471.20646618362633,"LINESTRING (-74.011862 40.707557, -74.014065 40.704817)",,4,95.13548387096775,True
419,420,2,,471.20646618362633,"LINESTRING (-74.011862 40.707557, -74.014065 40.704817)",,5,91.95419847328245,True
419,420,3,,471.20646618362633,"LINESTRING (-74.011862 40.707557, -74.014065 40.704817)",,2,91.66666666666667,True
419,418,0,Lexington Av,488.89395963185024,"LINESTRING (-74.011862 40.707557, -74.009509 40.710368)",True,,,
419,418,1,,488.89395963185024,"LINESTRING (-74.011862 40.707557, -74.009509 40.710368)",,4,78.96153846153847,True
419,418,2,,488.89395963185024,"LINESTRING (-74.011862 40.707557, -74.009509 40.710368)",,5,78.67424242424242,True
N08,N09,0,Sea Beach,955.3065505654785,"LINESTRING (-73.980353 40.603923, -73.979137 40.597473)",True,,,
N08,N07,0,Sea Beach,1169.1163474324155,"LINESTRING (-73.980353 40.603923, -73.981848 40.611815)",True,,,
115,116,0,Broadway - 7Av,1080.2916956157035,"LINESTRING (-73.953676 40.822008, -73.958372 40.815581)",True,,,
115,116,1,,1080.2916956157035,"LINESTRING (-73.953676 40.822008, -73.958372 40.815581)",,1,116.0360824742268,True
115,114,0,Broadway - 7Av,763.4808883665147,"LINESTRING (-73.953676 40.822008, -73.95036 40.826551)",True,,,
115,114,1,,763.4808883665147,"LINESTRING (-73.953676 40.822008, -73.95036 40.826551)",,1,96.21052631578948,True
115,112,0,,3117.6100949956317,"LINESTRING (-73.953676 40.822008, -73.940133 40.840556)",,1,21.0,True
226,227,0,Lenox - White Plains Rd,507.38372022047,"LINESTRING (-73.949625 40.802098, -73.951822 40.799075)",True,,,
226,227,1,,507.38372022047,"LINESTRING (-73.949625 40.802098, -73.951822 40.799075)",,3,71.58278145695364,True
226,227,2,,507.38372022047,"LINESTRING (-73.949625 40.802098, -73.951822 40.799075)",,2,79.83225806451613,True
226,227,3,,507.38372022047,"LINESTRING (-73.949625 40.802098, -73.951822 40.799075)",,5,74.33333333333333,True
226,225,0,Lenox - White Plains Rd,950.4018426787723,"LINESTRING (-73.949625 40.802098, -73.945495 40.807754)",True,,,
226,225,1,,950.4018426787723,"LINESTRING (-73.949625 40.802098, -73.945495 40.807754)",,2,100.25503355704699,True
226,225,2,,950.4018426787723,"LINESTRING (-73.949625 40.802098, -73.945495 40.807754)",,3,102.14685314685315,True
226,302,0,,3079.148418668801,"LINESTRING (-73.949625 40.802098, -73.936245 40.820421)",,3,90.5,True
136,137,0,Broadway - 7Av,623.1177125184798,"LINESTRING (-74.006886 40.719318, -74.009266 40.715478)",True,,,
136,137,1,,623.1177125184798,"LINESTRING (-74.006886 40.719318, -74.009266 40.715478)",,1,64.88495575221239,True
136,137,2,,623.1177125184798,"LINESTRING (-74.006886 40.719318, -74.009266 40.715478)",,2,114.1,True
136,137,3,,623.1177125184798,"LINESTRING (-74.006886 40.719318, -74.009266 40.715478)",,3,131.0,True
136,135,0,Broadway - 7Av,523.7734619386154,"LINESTRING (-74.006886 40.719318, -74.006277 40.722854)",True,,,
136,135,1,,523.7734619386154,"LINESTRING (-74.006886 40.719318, -74.006277 40.722854)",,2,69.33333333333333,True
136,135,2,,523.7734619386154,"LINESTRING (-74.006886 40.719318, -74.006277 40.722854)",,1,64.82629107981221,True
410,411,0,Jerome Av,676.809664674417,"LINESTRING (-73.911794 40.84848, -73.914685 40.844434)",True,,,
410,411,1,,676.809664674417,"LINESTRING (-73.911794 40.84848, -73.914685 40.844434)",,4,80.29651162790698,True
410,409,0,Jerome Av,863.1062042031557,"LINESTRING (-73.911794 40.84848, -73.907684 40.853453)",True,,,
410,409,1,,863.1062042031557,"LINESTRING (-73.911794 40.84848, -73.907684 40.853453)",,4,82.34355828220859,True
D14,F12,0,Queens Blvd,816.4084350026344,"LINESTRING (-73.981637 40.762862, -73.975224 40.760167)",True,,,
D08,D09,0,Concourse,1036.099964236207,"LINESTRING (-73.910136 40.8459, -73.9134 40.839306)",True,,,
D08,D07,0,Concourse,859.721287409109,"LINESTRING (-73.910136 40.8459, -73.905227 40.85041)",True,,,
M20,M21,0,Jamaica,812.2562356720001,"LINESTRING (-73.999892 40.718092, -74.003401 40.713243)",True,,,
M20,M19,0,Jamaica,738.9007702218022,"LINESTRING (-73.999892 40.718092, -73.993915 40.72028)",True,,,
L10,L11,0,Canarsie,696.5426750975303,"LINESTRING (-73.950275 40.714063, -73.944053 40.714565)",True,,,
L10,L08,0,Canarsie,875.1465872616042,"LINESTRING (-73.950275 40.714063, -73.956872 40.717304)",True,,,
A30,A31,0,8th Av - Fulton St,841.1405746068478,"LINESTRING (-73.998041 40.745906, -74.00169 40.740893)",True,,,
A30,A28,0,8th Av - Fulton St,1071.031029968501,"LINESTRING (-73.998041 40.745906, -73.993391 40.752287)",True,,,
A46,A47,0,8th Av - Fulton St,1067.8051149794924,"LINESTRING (-73.950426 40.680438, -73.940858 40.679921)",True,,,
A46,A45,0,8th Av - Fulton St,728.1440581527679,"LINESTRING (-73.950426 40.680438, -73.956848 40.68138)",True,,,
N03,N04,0,Sea Beach,1387.3020914126475,"LINESTRING (-74.005351 40.631386, -73.996353 40.624842)",True,,,
N03,N02,0,Sea Beach,890.8359671148671,"LINESTRING (-74.005351 40.631386, -74.011719 40.635064)",True,,,
504,505,0,Dyre Av,888.5076321652308,"LINESTRING (-73.855359 40.858985, -73.860495 40.854364)",True,,,
504,505,1,,888.5076321652308,"LINESTRING (-73.855359 40.858985, -73.860495 40.854364)",,5,86.44366197183099,True
504,503,0,Dyre Av,1845.4431485083053,"LINESTRING (-73.855359 40.858985, -73.846384 40.869526)",True,,,
504,503,1,,1845.4431485083053,"LINESTRING (-73.855359 40.858985, -73.846384 40.869526)",,5,174.25179856115108,True
R06,R08,0,Astoria,676.3867006473992,"LINESTRING (-73.929575 40.756804, -73.932755 40.752882)",True,,,
R06,R05,0,Astoria,865.098196817319,"LINESTRING (-73.929575 40.756804, -73.925508 40.76182)",True,,,
D03,D04,0,Concourse,1163.5477134268071,"LINESTRING (-73.887138 40.873244, -73.893509 40.866978)",True,,,
D03,D01,0,Concourse,950.4799490038685,"LINESTRING (-73.887138 40.873244, -73.878855 40.874811)",True,,,
619,618,0,Pelham,879.0990137861792,"LINESTRING (-73.926138 40.810476, -73.91924 40.807566)",True,,,
619,618,1,,879.0990137861792,"LINESTRING (-73.926138 40.810476, -73.91924 40.807566)",,6,128.825,True
619,618,2,,879.0990137861792,"LINESTRING (-73.926138 40.810476, -73.91924 40.807566)",,6X,154.0,True
619,621,0,,1579.6209558917528,"LINESTRING (-73.926138 40.810476, -73.937594 40.804138)",,6,187.90625,True
619,621,1,,1579.6209558917528,"LINESTRING (-73.926138 40.810476, -73.937594 40.804138)",,6X,151.26923076923077,True
619,613,0,,4250.651732384526,"LINESTRING (-73.926138 40.810476, -73.890549 40.820948)",,6X,441.65,True
619,617,0,,1541.9094834789894,"LINESTRING (-73.926138 40.810476, -73.914042 40.805368)",,6,19.0,True
619,626,0,,5612.968992473267,"LINESTRING (-73.926138 40.810476, -73.955589 40.779492)",,6,55.0,True
M10,M09,0,Myrtle Av,863.7675305543871,"LINESTRING (-73.927397 40.697857, -73.919711 40.698664)",True,,,
242,243,0,Nostrand,896.5997966018658,"LINESTRING (-73.95085 40.662742, -73.9502 40.656652)",True,,,
242,243,1,,896.5997966018658,"LINESTRING (-73.95085 40.662742, -73.9502 40.656652)",,2,97.31612903225806,True
242,243,2,,896.5997966018658,"LINESTRING (-73.95085 40.662742, -73.9502 40.656652)",,5,100.55454545454545,True
242,241,0,Nostrand,754.7070924942142,"LINESTRING (-73.95085 40.662742, -73.950683 40.667883)",True,,,
242,241,1,,754.7070924942142,"LINESTRING (-73.95085 40.662742, -73.950683 40.667883)",,2,103.77777777777777,True
242,241,2,,754.7070924942142,"LINESTRING (-73.95085 40.662742, -73.950683 40.667883)",,5,105.25,True
242,244,0,,1751.7985553127576,"LINESTRING (-73.95085 40.662742, -73.949575 40.650843)",,5,539.0,True
242,239,0,,1419.4383890789354,"LINESTRING (-73.95085 40.662742, -73.958131 40.670682)",,5,83.0,True
F22,F23,0,6th Av - Culver,842.0282169605271,"LINESTRING (-73.995959 40.67358, -73.989779 40.670272)",True,,,
F22,F21,0,6th Av - Culver,992.017060590164,"LINESTRING (-73.995959 40.67358, -73.995048 40.680303)",True,,,
611,612,0,Pelham,848.9213928556944,"LINESTRING (-73.879159 40.828584, -73.886283 40.826525)",True,,,
611,612,1,,848.9213928556944,"LINESTRING (-73.879159 40.828584, -73.886283 40.826525)",,6,111.73275862068965,True
611,610,0,Pelham,534.923600811053,"LINESTRING (-73.879159 40.828584, -73.874516 40.829521)",True,,,
611,610,1,,534.923600811053,"LINESTRING (-73.879159 40.828584, -73.874516 40.829521)",,6,72.34567901234568,True
611,610,2,,534.923600811053,"LINESTRING (-73.879159 40.828584, -73.874516 40.829521)",,6X,66.0,True
611,614,0,,2658.740396799206,"LINESTRING (-73.879159 40.828584, -73.896435 40.816104)",,6,36.0,True
Q05,Q04,0,Second Av,1076.5511257316434,"LINESTRING (-73.947152 40.784318, -73.951787 40.777891)",True,,,
229,230,0,Clark St,473.79201225680805,"LINESTRING (-74.006571 40.709416, -74.0091 40.706821)",True,,,
229,230,1,,473.79201225680805,"LINESTRING (-74.006571 40.709416, -74.0091 40.706821)",,3,78.29605263157895,True
229,230,2,,473.79201225680805,"LINESTRING (-74.006571 40.709416, -74.0091 40.706821)",,2,78.90322580645162,True
229,230,3,,473.79201225680805,"LINESTRING (-74.006571 40.709416, -74.0091 40.706821)",,5,76.33333333333333,True
229,228,0,Clark St,589.1963755705161,"LINESTRING (-74.006571 40.709416, -74.008811 40.713051)",True,,,
229,228,1,,589.1963755705161,"LINESTRING (-74.006571 40.709416, -74.008811 40.713051)",,2,118.01342281879195,True
229,228,2,,589.1963755705161,"LINESTRING (-74.006571 40.709416, -74.008811 40.713051)",,3,116.35416666666667,True
S29,S28,0,Staten Island,1054.0845223595413,"LINESTRING (-74.075162 40.627915, -74.071402 40.621319)",True,,,
S29,S30,0,Staten Island,1325.65015505253,"LINESTRING (-74.075162 40.627915, -74.074835 40.636949)",True,,,
M04,M05,0,Myrtle Av,842.2741767178296,"LINESTRING (-73.895877 40.706186, -73.903077 40.704423)",True,,,
M04,M01,0,Myrtle Av,1036.0900181021282,"LINESTRING (-73.895877 40.706186, -73.889601 40.711396)",True,,,
A10,A11,0,8th Av - Fulton St,828.3869424539358,"LINESTRING (-73.939892 40.836013, -73.941514 40.830518)",True,,,
A10,A09,0,8th Av - Fulton St,693.4182887722956,"LINESTRING (-73.939892 40.836013, -73.939561 40.840719)",True,,,
R30,D24,0,Broadway - Brighton,1059.9375102849895,"LINESTRING (-73.981824 40.690635, -73.97689 40.68446)",True,,,
R30,R22,0,Broadway - Brighton,5254.188848122344,"LINESTRING (-73.981824 40.690635, -73.997702 40.724329)",True,,,
633,634,0,Lexington Av,538.0001546955732,"LINESTRING (-73.984264 40.74307, -73.986599 40.739864)",True,,,
633,634,1,,538.0001546955732,"LINESTRING (-73.984264 40.74307, -73.986599 40.739864)",,6,78.82870370370371,True
633,634,2,,538.0001546955732,"LINESTRING (-73.984264 40.74307, -73.986599 40.739864)",,4,71.65,True
633,634,3,,538.0001546955732,"LINESTRING (-73.984264 40.74307, -73.986599 40.739864)",,6X,73.32075471698113,True
633,632,0,Lexington Av,505.0277799676067,"LINESTRING (-73.984264 40.74307, -73.982076 40.746081)",True,,,
633,632,1,,505.0277799676067,"LINESTRING (-73.984264 40.74307, -73.982076 40.746081)",,4,68.05263157894737,True
633,632,2,,505.0277799676067,"LINESTRING (-73.984264 40.74307, -73.982076 40.746081)",,6,69.95348837209302,True
633,632,3,,505.0277799676067,"LINESTRING (-73.984264 40.74307, -73.982076 40.746081)",,6X,74.325,True
633,635,0,,1386.6329440797188,"LINESTRING (-73.984264 40.74307, -73.989951 40.734673)",,6,63.5,True
119,120,0,Broadway - 7Av,923.7362438030033,"LINESTRING (-73.968379 40.799446, -73.972323 40.793919)",True,,,
119,120,1,,923.7362438030033,"LINESTRING (-73.968379 40.799446, -73.972323 40.793919)",,1,89.66169154228855,True
119,118,0,Broadway - 7Av,686.374718340844,"LINESTRING (-73.968379 40.799446, -73.966847 40.803967)",True,,,
119,118,1,,686.374718340844,"LINESTRING (-73.968379 40.799446, -73.966847 40.803967)",,1,82.6150234741784,True
119,117,0,,1306.5759979796737,"LINESTRING (-73.968379 40.799446, -73.96411 40.807722)",,1,186.0,True
B04,B06,0,63rd St,1368.9346647133589,"LINESTRING (-73.942836 40.754203, -73.95326 40.759145)",True,,,
204,205,0,Lenox - White Plains Rd,837.9360123559547,"LINESTRING (-73.854376 40.898379, -73.857473 40.893193)",True,,,
204,205,1,,837.9360123559547,"LINESTRING (-73.854376 40.898379, -73.857473 40.893193)",,2,92.72666666666667,True
204,201,0,Lenox - White Plains Rd,814.4921498997835,"LINESTRING (-73.854376 40.898379, -73.85062 40.903125)",True,,,
204,201,1,,814.4921498997835,"LINESTRING (-73.854376 40.898379, -73.85062 40.903125)",,2,154.17021276595744,True
J14,J15,0,Jamaica,828.8618631876775,"LINESTRING (-73.84433 40.695178, -73.851576 40.693879)",True,,,
J14,J13,0,Jamaica,947.7796813794363,"LINESTRING (-73.84433 40.695178, -73.836345 40.697418)",True,,,
L24,L25,0,Canarsie,886.2517533523592,"LINESTRING (-73.903097 40.675345, -73.901975 40.669367)",True,,,
L24,L22,0,Canarsie,515.6009647259868,"LINESTRING (-73.903097 40.675345, -73.90324 40.678856)",True,,,
R29,R28,0,Broadway,708.0797003914098,"LINESTRING (-73.985942 40.69218, -73.991777 40.6941)",True,,,
234,233,0,Eastern Pky,610.7892548245445,"LINESTRING (-73.980492 40.688246, -73.985065 40.690545)",True,,,
234,233,1,,610.7892548245445,"LINESTRING (-73.980492 40.688246, -73.985065 40.690545)",,2,92.44137931034483,True
234,233,2,,610.7892548245445,"LINESTRING (-73.980492 40.688246, -73.985065 40.690545)",,3,96.84722222222223,True
234,235,0,Eastern Pky,651.5967445215506,"LINESTRING (-73.980492 40.688246, -73.977666 40.684359)",True,,,
234,235,1,,651.5967445215506,"LINESTRING (-73.980492 40.688246, -73.977666 40.684359)",,3,76.09868421052632,True
234,235,2,,651.5967445215506,"LINESTRING (-73.980492 40.688246, -73.977666 40.684359)",,4,83.55263157894737,True
234,235,3,,651.5967445215506,"LINESTRING (-73.980492 40.688246, -73.977666 40.684359)",,2,75.5925925925926,True
234,235,4,,651.5967445215506,"LINESTRING (-73.980492 40.688246, -73.977666 40.684359)",,5,78.20833333333333,True
234,423,0,,1236.4356780255152,"LINESTRING (-73.980492 40.688246, -73.990151 40.692404)",,4,136.0974025974026,True
234,423,1,,1236.4356780255152,"LINESTRING (-73.980492 40.688246, -73.990151 40.692404)",,5,135.53333333333333,True
234,236,0,,1243.4060586876628,"LINESTRING (-73.980492 40.688246, -73.975098 40.680829)",,2,158.33333333333334,True
234,239,0,,3583.747620197493,"LINESTRING (-73.980492 40.688246, -73.958131 40.670682)",,5,370.5,True
234,241,0,,4466.016316430069,"LINESTRING (-73.980492 40.688246, -73.950683 40.667883)",,2,4.0,True
L25,L26,0,Canarsie,797.5486692429993,"LINESTRING (-73.901975 40.669367, -73.900571 40.664038)",True,,,
L25,L24,0,Canarsie,886.2517533523592,"LINESTRING (-73.901975 40.669367, -73.903097 40.675345)",True,,,
D24,D25,0,Broadway - Brighton,1198.6029202003983,"LINESTRING (-73.97689 40.68446, -73.972367 40.67705)",True,,,
D24,R30,0,Broadway - Brighton,1059.9375102849895,"LINESTRING (-73.97689 40.68446, -73.981824 40.690635)",True,,,
606,607,0,Pelham,570.1614906478177,"LINESTRING (-73.847036 40.836488, -73.851222 40.834255)",True,,,
606,607,1,,570.1614906478177,"LINESTRING (-73.847036 40.836488, -73.851222 40.834255)",,6,71.26605504587155,True
606,607,2,,570.1614906478177,"LINESTRING (-73.847036 40.836488, -73.851222 40.834255)",,6X,72.21153846153847,True
606,604,0,Pelham,676.4242097438303,"LINESTRING (-73.847036 40.836488, -73.842952 40.839892)",True,,,
606,604,1,,676.4242097438303,"LINESTRING (-73.847036 40.836488, -73.842952 40.839892)",,6,79.33613445378151,True
606,604,2,,676.4242097438303,"LINESTRING (-73.847036 40.836488, -73.842952 40.839892)",,6X,76.97619047619048,True
F27,F29,0,6th Av - Culver,1174.1995228227702,"LINESTRING (-73.979678 40.644041, -73.978172 40.636119)",True,,,
F27,F26,0,6th Av - Culver,1080.205809180048,"LINESTRING (-73.979678 40.644041, -73.975776 40.650782)",True,,,
D42,D40,0,Broadway - Brighton,1635.8664926890333,"LINESTRING (-73.975939 40.576127, -73.961376 40.577621)",True,,,
D42,D39,0,Broadway - Brighton,2893.44704678322,"LINESTRING (-73.975939 40.576127, -73.954155 40.586896)",True,,,
F34,F35,0,6th Av - Culver,842.9500895698047,"LINESTRING (-73.973022 40.608944, -73.972361 40.603217)",True,,,
F34,F33,0,6th Av - Culver,917.948288550847,"LINESTRING (-73.973022 40.608944, -73.974197 40.61514)",True,,,
414,415,0,Jerome Av,1425.0919129258532,"LINESTRING (-73.925831 40.827994, -73.927351 40.818375)",True,,,
414,415,1,,1425.0919129258532,"LINESTRING (-73.925831 40.827994, -73.927351 40.818375)",,4,180.33526011560693,True
414,413,0,Jerome Av,1214.4447187373196,"LINESTRING (-73.925831 40.827994, -73.9214 40.835537)",True,,,
414,413,1,,1214.4447187373196,"LINESTRING (-73.925831 40.827994, -73.9214 40.835537)",,4,124.62576687116564,True
301,302,0,Lenox - White Plains Rd,509.4472613567348,"LINESTRING (-73.93647 40.82388, -73.936245 40.820421)",True,,,
301,222,0,Lenox - White Plains Rd,1351.278250929848,"LINESTRING (-73.93647 40.82388, -73.926718 40.81841)",True,,,
132,133,0,Broadway - 7Av,713.6404623985393,"LINESTRING (-74.000201 40.737826, -74.002906 40.733422)",True,,,
132,133,1,,713.6404623985393,"LINESTRING (-74.000201 40.737826, -74.002906 40.733422)",,1,94.46222222222222,True
132,133,2,,713.6404623985393,"LINESTRING (-74.000201 40.737826, -74.002906 40.733422)",,2,132.4,True
132,133,3,,713.6404623985393,"LINESTRING (-74.000201 40.737826, -74.002906 40.733422)",,3,118.0,True
132,131,0,Broadway - 7Av,538.748727150094,"LINESTRING (-74.000201 40.737826, -73.997871 40.74104)",True,,,
132,131,1,,538.748727150094,"LINESTRING (-74.000201 40.737826, -73.997871 40.74104)",,2,73.8,True
132,131,2,,538.748727150094,"LINESTRING (-74.000201 40.737826, -73.997871 40.74104)",,1,76.6244131455399,True
132,137,0,,3434.3471732664516,"LINESTRING (-74.000201 40.737826, -74.009266 40.715478)",,3,258.70198675496687,True
132,137,1,,3434.3471732664516,"LINESTRING (-74.000201 40.737826, -74.009266 40.715478)",,2,263.93333333333334,True
132,137,2,,3434.3471732664516,"LINESTRING (-74.000201 40.737826, -74.009266 40.715478)",,5,290.0,True
132,137,3,,3434.3471732664516,"LINESTRING (-74.000201 40.737826, -74.009266 40.715478)",,1,237.0,True
132,128,0,,2105.890086939766,"LINESTRING (-74.000201 40.737826, -73.991057 40.750373)",,3,190.11805555555554,True
132,128,1,,2105.890086939766,"LINESTRING (-74.000201 40.737826, -73.991057 40.750373)",,2,185.2089552238806,True
132,134,0,,1519.6434414607593,"LINESTRING (-74.000201 40.737826, -74.005367 40.728251)",,1,151.0,True
132,123,0,,6306.108658096744,"LINESTRING (-74.000201 40.737826, -73.98197 40.778453)",,1,1.0,True
H08,H09,0,Rockaway,943.8360696915962,"LINESTRING (-73.776013 40.592943, -73.768175 40.595398)",True,,,
H08,H10,0,Rockaway,1937.459293655249,"LINESTRING (-73.776013 40.592943, -73.761353 40.600066)",True,,,
218,219,0,Lenox - White Plains Rd,678.126627330147,"LINESTRING (-73.896736 40.822181, -73.90177 40.819585)",True,,,
218,219,1,,678.126627330147,"LINESTRING (-73.896736 40.822181, -73.90177 40.819585)",,2,79.81935483870967,True
218,219,2,,678.126627330147,"LINESTRING (-73.896736 40.822181, -73.90177 40.819585)",,5,81.11,True
218,217,0,Lenox - White Plains Rd,494.5232251532556,"LINESTRING (-73.896736 40.822181, -73.893064 40.824073)",True,,,
218,217,1,,494.5232251532556,"LINESTRING (-73.896736 40.822181, -73.893064 40.824073)",,2,70.8445945945946,True
218,217,2,,494.5232251532556,"LINESTRING (-73.896736 40.822181, -73.893064 40.824073)",,5,72.62637362637362,True
218,213,0,,3887.050936356743,"LINESTRING (-73.896736 40.822181, -73.873488 40.841894)",,2,22.0,True
201,204,0,Lenox - White Plains Rd,814.4921498997835,"LINESTRING (-73.85062 40.903125, -73.854376 40.898379)",True,,,
F15,F16,0,6th Av - Culver,754.7178842308291,"LINESTRING (-73.988114 40.718611, -73.990173 40.713715)",True,,,
F15,D22,0,6th Av - Culver,629.7606388623437,"LINESTRING (-73.988114 40.718611, -73.993753 40.718267)",True,,,
J13,J14,0,Jamaica,947.7796813794363,"LINESTRING (-73.836345 40.697418, -73.84433 40.695178)",True,,,
J13,J12,0,Jamaica,1003.4734282662457,"LINESTRING (-73.836345 40.697418, -73.828294 40.700492)",True,,,
F01,F02,0,Queens Blvd,1135.3840358303478,"LINESTRING (-73.783817 40.712646, -73.793604 40.71047)",True,,,
614,615,0,Pelham,1035.0883778738191,"LINESTRING (-73.896435 40.816104, -73.904098 40.812118)",True,,,
614,615,1,,1035.0883778738191,"LINESTRING (-73.896435 40.816104, -73.904098 40.812118)",,6,100.09493670886076,True
614,613,0,Pelham,967.9988281026613,"LINESTRING (-73.896435 40.816104, -73.890549 40.820948)",True,,,
614,613,1,,967.9988281026613,"LINESTRING (-73.896435 40.816104, -73.890549 40.820948)",,6,91.29585798816568,True
614,613,2,,967.9988281026613,"LINESTRING (-73.896435 40.816104, -73.890549 40.820948)",,6X,82.0,True
614,610,0,,3138.3405709831045,"LINESTRING (-73.896435 40.816104, -73.874516 40.829521)",,6,24.0,True
118,119,0,Broadway - 7Av,686.374718340844,"LINESTRING (-73.966847 40.803967, -73.968379 40.799446)",True,,,
118,119,1,,686.374718340844,"LINESTRING (-73.966847 40.803967, -73.968379 40.799446)",,1,89.24875621890547,True
118,117,0,Broadway - 7Av,630.7120453282972,"LINESTRING (-73.966847 40.803967, -73.96411 40.807722)",True,,,
118,117,1,,630.7120453282972,"LINESTRING (-73.966847 40.803967, -73.96411 40.807722)",,1,77.8169014084507,True
118,120,0,,1598.385414645967,"LINESTRING (-73.966847 40.803967, -73.972323 40.793919)",,1,54.0,True
R14,R15,0,Broadway - Brighton,800.1190545213947,"LINESTRING (-73.980658 40.764664, -73.984139 40.759901)",True,,,
607,608,0,Pelham,1078.6765185962977,"LINESTRING (-73.851222 40.834255, -73.860816 40.833226)",True,,,
607,608,1,,1078.6765185962977,"LINESTRING (-73.851222 40.834255, -73.860816 40.833226)",,6,121.78181818181818,True
607,608,2,,1078.6765185962977,"LINESTRING (-73.851222 40.834255, -73.860816 40.833226)",,6X,145.05769230769232,True
607,606,0,Pelham,570.1614906478177,"LINESTRING (-73.851222 40.834255, -73.847036 40.836488)",True,,,
607,606,1,,570.1614906478177,"LINESTRING (-73.851222 40.834255, -73.847036 40.836488)",,6,68.53781512605042,True
607,606,2,,570.1614906478177,"LINESTRING (-73.851222 40.834255, -73.847036 40.836488)",,6X,70.42857142857143,True
B21,B22,0,West End,981.7200789936633,"LINESTRING (-73.993728 40.601875, -73.986829 40.597704)",True,,,
B21,B20,0,West End,631.5150066242123,"LINESTRING (-73.993728 40.601875, -73.998168 40.604556)",True,,,
623,624,0,Lexington Av,742.6359175972306,"LINESTRING (-73.94425 40.79502, -73.947478 40.7906)",True,,,
623,624,1,,742.6359175972306,"LINESTRING (-73.94425 40.79502, -73.947478 40.7906)",,6,83.4368932038835,True
623,624,2,,742.6359175972306,"LINESTRING (-73.94425 40.79502, -73.947478 40.7906)",,6X,83.28846153846153,True
623,624,3,,742.6359175972306,"LINESTRING (-73.94425 40.79502, -73.947478 40.7906)",,4,82.05555555555556,True
623,622,0,Lexington Av,606.2559949569526,"LINESTRING (-73.94425 40.79502, -73.941617 40.798629)",True,,,
623,622,1,,606.2559949569526,"LINESTRING (-73.94425 40.79502, -73.941617 40.798629)",,4,77.89473684210526,True
623,622,2,,606.2559949569526,"LINESTRING (-73.94425 40.79502, -73.941617 40.798629)",,6,78.32242990654206,True
623,622,3,,606.2559949569526,"LINESTRING (-73.94425 40.79502, -73.941617 40.798629)",,6X,80.575,True
623,627,0,,3594.958185155684,"LINESTRING (-73.94425 40.79502, -73.959874 40.77362)",,6,43.0,True
230,231,0,Clark St,2250.5302109711515,"LINESTRING (-74.0091 40.706821, -73.993086 40.697466)",True,,,
230,231,1,,2250.5302109711515,"LINESTRING (-74.0091 40.706821, -73.993086 40.697466)",,3,204.19078947368422,True
230,231,2,,2250.5302109711515,"LINESTRING (-74.0091 40.706821, -73.993086 40.697466)",,2,208.08441558441558,True
230,231,3,,2250.5302109711515,"LINESTRING (-74.0091 40.706821, -73.993086 40.697466)",,5,202.5,True
230,229,0,Clark St,473.79201225680805,"LINESTRING (-74.0091 40.706821, -74.006571 40.709416)",True,,,
230,229,1,,473.79201225680805,"LINESTRING (-74.0091 40.706821, -74.006571 40.709416)",,2,76.21476510067114,True
230,229,2,,473.79201225680805,"LINESTRING (-74.0091 40.706821, -74.006571 40.709416)",,3,78.05555555555556,True
230,235,0,,4808.43278759632,"LINESTRING (-74.0091 40.706821, -73.977666 40.684359)",,2,129.0,True
230,235,1,,4808.43278759632,"LINESTRING (-74.0091 40.706821, -73.977666 40.684359)",,5,180.0,True
H13,H06,0,Rockaway,2756.8910265464783,"LINESTRING (-73.820558 40.585307, -73.796924 40.590927)",True,,,
H13,H14,0,Rockaway,837.8265084181342,"LINESTRING (-73.820558 40.585307, -73.827559 40.583209)",True,,,
R15,R16,0,Broadway - Brighton,821.7421523563611,"LINESTRING (-73.984139 40.759901, -73.986754 40.754672)",True,,,
R15,R14,0,Broadway - Brighton,800.1190545213947,"LINESTRING (-73.984139 40.759901, -73.980658 40.764664)",True,,,
D12,D13,0,Concourse,1033.0015811743158,"LINESTRING (-73.938209 40.830135, -73.944216 40.824783)",True,,,
D12,D11,0,Concourse,1435.9309879600576,"LINESTRING (-73.938209 40.830135, -73.925651 40.827905)",True,,,
S16,S15,0,Staten Island,1509.3918905943112,"LINESTRING (-74.191794 40.533674, -74.200064 40.525507)",True,,,
S16,S17,0,Staten Island,1808.9470027943821,"LINESTRING (-74.191794 40.533674, -74.178217 40.54046)",True,,,
255,254,0,Eastern Pky,856.6018523513056,"LINESTRING (-73.894895 40.664635, -73.902447 40.663515)",True,,,
255,254,1,,856.6018523513056,"LINESTRING (-73.894895 40.664635, -73.902447 40.663515)",,3,104.86111111111111,True
255,254,2,,856.6018523513056,"LINESTRING (-73.894895 40.664635, -73.902447 40.663515)",,5,101.0,True
255,254,3,,856.6018523513056,"LINESTRING (-73.894895 40.664635, -73.902447 40.663515)",,4,88.0,True
255,254,4,,856.6018523513056,"LINESTRING (-73.894895 40.664635, -73.902447 40.663515)",,2,104.0,True
255,256,0,Eastern Pky,623.8024645660427,"LINESTRING (-73.894895 40.664635, -73.889395 40.665449)",True,,,
255,256,1,,623.8024645660427,"LINESTRING (-73.894895 40.664635, -73.889395 40.665449)",,3,77.9205298013245,True
255,256,2,,623.8024645660427,"LINESTRING (-73.894895 40.664635, -73.889395 40.665449)",,2,108.66666666666667,True
255,256,3,,623.8024645660427,"LINESTRING (-73.894895 40.664635, -73.889395 40.665449)",,4,82.25,True
255,257,0,,1226.7145870065601,"LINESTRING (-73.894895 40.664635, -73.884079 40.666235)",,3,126.33333333333333,True
714,715,0,Flushing,628.5494945088716,"LINESTRING (-73.918435 40.743132, -73.924016 40.743781)",True,,,
714,715,1,,628.5494945088716,"LINESTRING (-73.918435 40.743132, -73.924016 40.743781)",,7,146.23423423423424,True
714,715,2,,628.5494945088716,"LINESTRING (-73.918435 40.743132, -73.924016 40.743781)",,7X,113.42857142857143,True
714,713,0,Flushing,672.0493996266014,"LINESTRING (-73.918435 40.743132, -73.912549 40.744149)",True,,,
714,713,1,,672.0493996266014,"LINESTRING (-73.918435 40.743132, -73.912549 40.744149)",,7,55.54978354978355,True
714,713,2,,672.0493996266014,"LINESTRING (-73.918435 40.743132, -73.912549 40.744149)",,7X,58.490566037735846,True
714,716,0,,1414.642430698885,"LINESTRING (-73.918435 40.743132, -73.930997 40.744587)",,7,90.68032786885246,True
714,716,1,,1414.642430698885,"LINESTRING (-73.918435 40.743132, -73.930997 40.744587)",,7X,90.28125,True
714,718,0,,2658.889875439091,"LINESTRING (-73.918435 40.743132, -73.940202 40.750582)",,7,117.33333333333333,True
714,712,0,,1758.722736691112,"LINESTRING (-73.918435 40.743132, -73.902984 40.74563)",,7,134.0,True
714,712,1,,1758.722736691112,"LINESTRING (-73.918435 40.743132, -73.902984 40.74563)",,7X,189.0,True
714,711,0,,2497.059988334187,"LINESTRING (-73.918435 40.743132, -73.896403 40.746325)",,7,166.0,True
213,214,0,Lenox - White Plains Rd,767.3301891806414,"LINESTRING (-73.873488 40.841894, -73.880049 40.840295)",True,,,
213,214,1,,767.3301891806414,"LINESTRING (-73.873488 40.841894, -73.880049 40.840295)",,2,118.93589743589743,True
213,214,2,,767.3301891806414,"LINESTRING (-73.873488 40.841894, -73.880049 40.840295)",,5,112.125,True
213,212,0,Lenox - White Plains Rd,1163.9654495664201,"LINESTRING (-73.873488 40.841894, -73.868457 40.848828)",True,,,
213,212,1,,1163.9654495664201,"LINESTRING (-73.873488 40.841894, -73.868457 40.848828)",,2,151.34814814814814,True
213,212,2,,1163.9654495664201,"LINESTRING (-73.873488 40.841894, -73.868457 40.848828)",,5,272.42857142857144,True
213,505,0,,2336.5767684907187,"LINESTRING (-73.873488 40.841894, -73.860495 40.854364)",,5,242.5818181818182,True
213,221,0,,6218.964919648251,"LINESTRING (-73.873488 40.841894, -73.917757 40.816109)",,5,637.3333333333334,True
213,217,0,,3409.332531103093,"LINESTRING (-73.873488 40.841894, -73.893064 40.824073)",,2,24.0,True
213,208,0,,5353.149516378297,"LINESTRING (-73.873488 40.841894, -73.866256 40.87785)",,5,625.2,True
213,211,0,,2344.3271770019896,"LINESTRING (-73.873488 40.841894, -73.867615 40.857192)",,5,50.0,True
409,410,0,Jerome Av,863.1062042031557,"LINESTRING (-73.907684 40.853453, -73.911794 40.84848)",True,,,
409,410,1,,863.1062042031557,"LINESTRING (-73.907684 40.853453, -73.911794 40.84848)",,4,81.8313953488372,True
409,408,0,Jerome Av,843.226926426505,"LINESTRING (-73.907684 40.853453, -73.903879 40.858407)",True,,,
409,408,1,,843.226926426505,"LINESTRING (-73.907684 40.853453, -73.903879 40.858407)",,4,53.09230769230769,True
409,407,0,,1562.6376543198055,"LINESTRING (-73.907684 40.853453, -73.901034 40.862803)",,4,177.0,True
Q04,Q03,0,Second Av,1527.1056039862503,"LINESTRING (-73.951787 40.777891, -73.958424 40.768799)",True,,,
Q04,Q05,0,Second Av,1076.5511257316434,"LINESTRING (-73.951787 40.777891, -73.947152 40.784318)",True,,,
F12,D14,0,Queens Blvd,816.4084350026344,"LINESTRING (-73.975224 40.760167, -73.981637 40.762862)",True,,,
F12,F11,0,Queens Blvd,786.9508497289032,"LINESTRING (-73.975224 40.760167, -73.969055 40.757552)",True,,,
G30,G31,0,Crosstown,839.2344278436116,"LINESTRING (-73.950308 40.706092, -73.950234 40.700377)",True,,,
G30,G29,0,Crosstown,991.6521805932507,"LINESTRING (-73.950308 40.706092, -73.951418 40.712792)",True,,,
A24,A25,0,8th Av - Fulton St,979.9927705773534,"LINESTRING (-73.981736 40.768296, -73.985984 40.762456)",True,,,
A24,A22,0,8th Av - Fulton St,1225.6869424211206,"LINESTRING (-73.981736 40.768296, -73.97641 40.775594)",True,,,
R25,R26,0,Broadway,568.0555151976577,"LINESTRING (-74.011029 40.710668, -74.013342 40.70722)",True,,,
R25,R24,0,Broadway,592.2275562120537,"LINESTRING (-74.011029 40.710668, -74.006978 40.713282)",True,,,
208,209,0,Lenox - White Plains Rd,961.3753128924857,"LINESTRING (-73.866256 40.87785, -73.867164 40.871356)",True,,,
208,209,1,,961.3753128924857,"LINESTRING (-73.866256 40.87785, -73.867164 40.871356)",,2,91.79354838709678,True
208,209,2,,961.3753128924857,"LINESTRING (-73.866256 40.87785, -73.867164 40.871356)",,5,93.54545454545455,True
208,207,0,Lenox - White Plains Rd,977.1446815431742,"LINESTRING (-73.866256 40.87785, -73.862633 40.883895)",True,,,
208,207,1,,977.1446815431742,"LINESTRING (-73.866256 40.87785, -73.862633 40.883895)",,2,103.08108108108108,True
208,207,2,,977.1446815431742,"LINESTRING (-73.866256 40.87785, -73.862633 40.883895)",,5,168.72727272727272,True
208,206,0,,1636.0624056890172,"LINESTRING (-73.866256 40.87785, -73.860341 40.888022)",,2,13.0,True
128,129,0,Broadway - 7Av,530.4186300794906,"LINESTRING (-73.991057 40.750373, -73.993365 40.747215)",True,,,
128,129,1,,530.4186300794906,"LINESTRING (-73.991057 40.750373, -73.993365 40.747215)",,1,75.45089285714286,True
128,129,2,,530.4186300794906,"LINESTRING (-73.991057 40.750373, -73.993365 40.747215)",,2,103.3,True
128,129,3,,530.4186300794906,"LINESTRING (-73.991057 40.750373, -73.993365 40.747215)",,3,239.0,True
128,127,0,Broadway - 7Av,824.2036885512607,"LINESTRING (-73.991057 40.750373, -73.987495 40.75529)",True,,,
128,127,1,,824.2036885512607,"LINESTRING (-73.991057 40.750373, -73.987495 40.75529)",,2,80.57046979865771,True
128,127,2,,824.2036885512607,"LINESTRING (-73.991057 40.750373, -73.987495 40.75529)",,1,97.15962441314554,True
128,127,3,,824.2036885512607,"LINESTRING (-73.991057 40.750373, -73.987495 40.75529)",,3,82.51388888888889,True
128,132,0,,2105.890086939766,"LINESTRING (-73.991057 40.750373, -74.000201 40.737826)",,3,153.96026490066225,True
128,132,1,,2105.890086939766,"LINESTRING (-73.991057 40.750373, -74.000201 40.737826)",,2,158.57037037037037,True
128,132,2,,2105.890086939766,"LINESTRING (-73.991057 40.750373, -74.000201 40.737826)",,5,179.0,True
128,132,3,,2105.890086939766,"LINESTRING (-73.991057 40.750373, -74.000201 40.737826)",,1,481.3333333333333,True
128,130,0,,1056.8702165540853,"LINESTRING (-73.991057 40.750373, -73.995657 40.744081)",,1,4.0,True
D38,D39,0,Broadway - Brighton,1229.1720844982897,"LINESTRING (-73.955161 40.595246, -73.954155 40.586896)",True,,,
D38,D37,0,Broadway - Brighton,600.464620083355,"LINESTRING (-73.955161 40.595246, -73.955929 40.5993)",True,,,
A61,A60,0,Liberty Av,852.2725539280367,"LINESTRING (-73.843853 40.680429, -73.85147 40.679843)",True,,,
A61,A63,0,Liberty Av,712.1553713738064,"LINESTRING (-73.843853 40.680429, -73.837683 40.681711)",True,,,
R42,R43,0,4th Av,802.3654621345208,"LINESTRING (-74.023377 40.634967, -74.02551 40.629742)",True,,,
R42,R41,0,4th Av,1120.0005156819109,"LINESTRING (-74.023377 40.634967, -74.017881 40.641362)",True,,,
628,629,0,Lexington Av,942.9168269795322,"LINESTRING (-73.96387 40.768141, -73.967967 40.762526)",True,,,
628,629,1,,942.9168269795322,"LINESTRING (-73.96387 40.768141, -73.967967 40.762526)",,6,106.51456310679612,True
628,629,2,,942.9168269795322,"LINESTRING (-73.96387 40.768141, -73.967967 40.762526)",,6X,92.24528301886792,True
628,629,3,,942.9168269795322,"LINESTRING (-73.96387 40.768141, -73.967967 40.762526)",,4,88.61111111111111,True
628,627,0,Lexington Av,920.0422969431675,"LINESTRING (-73.96387 40.768141, -73.959874 40.77362)",True,,,
628,627,1,,920.0422969431675,"LINESTRING (-73.96387 40.768141, -73.959874 40.77362)",,4,84.3157894736842,True
628,627,2,,920.0422969431675,"LINESTRING (-73.96387 40.768141, -73.959874 40.77362)",,6,92.59345794392523,True
628,627,3,,920.0422969431675,"LINESTRING (-73.96387 40.768141, -73.959874 40.77362)",,6X,93.35,True
628,623,0,,4515.000435377549,"LINESTRING (-73.96387 40.768141, -73.94425 40.79502)",,6,59.0,True
G16,G18,0,Queens Blvd,958.5872583735056,"LINESTRING (-73.906006 40.752885, -73.913333 40.756312)",True,,,
G16,G15,0,Queens Blvd,964.5052270631872,"LINESTRING (-73.906006 40.752885, -73.898453 40.749669)",True,,,
L29,L28,0,Canarsie,632.4025368340076,"LINESTRING (-73.90185 40.646654, -73.899485 40.650573)",True,,,
A31,A32,0,8th Av - Fulton St,1263.8716678239232,"LINESTRING (-74.00169 40.740893, -74.000495 40.732338)",True,,,
A31,A30,0,8th Av - Fulton St,841.1405746068478,"LINESTRING (-74.00169 40.740893, -73.998041 40.745906)",True,,,
G22,G24,0,Crosstown,750.9638524044882,"LINESTRING (-73.943832 40.746554, -73.949724 40.744065)",True,,,
237,236,0,Eastern Pky,936.8521717935414,"LINESTRING (-73.971046 40.675235, -73.975098 40.680829)",True,,,
237,236,1,,936.8521717935414,"LINESTRING (-73.971046 40.675235, -73.975098 40.680829)",,2,132.51677852348993,True
237,236,2,,936.8521717935414,"LINESTRING (-73.971046 40.675235, -73.975098 40.680829)",,3,130.79861111111111,True
237,236,3,,936.8521717935414,"LINESTRING (-73.971046 40.675235, -73.975098 40.680829)",,4,113.7,True
237,238,0,Eastern Pky,882.4630370631876,"LINESTRING (-73.971046 40.675235, -73.964375 40.671987)",True,,,
237,238,1,,882.4630370631876,"LINESTRING (-73.971046 40.675235, -73.964375 40.671987)",,3,102.40131578947368,True
237,238,2,,882.4630370631876,"LINESTRING (-73.971046 40.675235, -73.964375 40.671987)",,2,106.10126582278481,True
237,238,3,,882.4630370631876,"LINESTRING (-73.971046 40.675235, -73.964375 40.671987)",,4,100.4375,True
237,238,4,,882.4630370631876,"LINESTRING (-73.971046 40.675235, -73.964375 40.671987)",,5,184.0,True
J31,M11,0,Jamaica,949.8950601266383,"LINESTRING (-73.928814 40.693342, -73.935657 40.697207)",True,,,
J31,J30,0,Jamaica,909.7661695058612,"LINESTRING (-73.928814 40.693342, -73.92227 40.68963)",True,,,
D19,D20,0,6th Av - Culver,988.1276681698706,"LINESTRING (-73.996209 40.738228, -74.000495 40.732338)",True,,,
D19,D18,0,6th Av - Culver,780.3802590222359,"LINESTRING (-73.996209 40.738228, -73.992821 40.742878)",True,,,
M09,M10,0,Myrtle Av,863.7675305543871,"LINESTRING (-73.919711 40.698664, -73.927397 40.697857)",True,,,
M09,M08,0,Myrtle Av,823.2458651513381,"LINESTRING (-73.919711 40.698664, -73.912385 40.69943)",True,,,
618,619,0,Pelham,879.0990137861792,"LINESTRING (-73.91924 40.807566, -73.926138 40.810476)",True,,,
618,619,1,,879.0990137861792,"LINESTRING (-73.91924 40.807566, -73.926138 40.810476)",,6,99.6025641025641,True
618,617,0,Pelham,662.8106528570484,"LINESTRING (-73.91924 40.807566, -73.914042 40.805368)",True,,,
618,617,1,,662.8106528570484,"LINESTRING (-73.91924 40.807566, -73.914042 40.805368)",,6,77.55882352941177,True
618,617,2,,662.8106528570484,"LINESTRING (-73.91924 40.807566, -73.914042 40.805368)",,6X,77.0,True
618,621,0,,2104.437844733551,"LINESTRING (-73.91924 40.807566, -73.937594 40.804138)",,6,1074.0,True
618,622,0,,2816.453882643282,"LINESTRING (-73.91924 40.807566, -73.941617 40.798629)",,6,33.0,True
H02,H03,0,Rockaway,1212.9110742180696,"LINESTRING (-73.834058 40.668234, -73.830301 40.660476)",True,,,
H02,H01,0,Rockaway,603.6269901118881,"LINESTRING (-73.834058 40.668234, -73.835919 40.672097)",True,,,
S21,S20,0,Staten Island,1737.1767520209592,"LINESTRING (-74.12632 40.56511, -74.136907 40.5564)",True,,,
S21,S22,0,Staten Island,1591.5306132659093,"LINESTRING (-74.12632 40.56511, -74.11721 40.57348)",True,,,
123,124,0,Broadway - 7Av,737.3970979694766,"LINESTRING (-73.98197 40.778453, -73.982209 40.77344)",True,,,
123,124,1,,737.3970979694766,"LINESTRING (-73.98197 40.778453, -73.982209 40.77344)",,1,88.36866359447005,True
123,124,2,,737.3970979694766,"LINESTRING (-73.98197 40.778453, -73.982209 40.77344)",,2,81.93333333333334,True
123,122,0,Broadway - 7Av,837.5600890168762,"LINESTRING (-73.98197 40.778453, -73.979917 40.783934)",True,,,
123,122,1,,837.5600890168762,"LINESTRING (-73.98197 40.778453, -73.979917 40.783934)",,2,95.06666666666666,True
123,122,2,,837.5600890168762,"LINESTRING (-73.98197 40.778453, -73.979917 40.783934)",,1,98.76635514018692,True
123,127,0,,3459.6323237087186,"LINESTRING (-73.98197 40.778453, -73.987495 40.75529)",,3,216.9933774834437,True
123,127,1,,3459.6323237087186,"LINESTRING (-73.98197 40.778453, -73.987495 40.75529)",,2,215.97142857142856,True
123,127,2,,3459.6323237087186,"LINESTRING (-73.98197 40.778453, -73.987495 40.75529)",,5,232.0,True
123,127,3,,3459.6323237087186,"LINESTRING (-73.98197 40.778453, -73.987495 40.75529)",,1,390.0,True
123,120,0,,2514.706450821528,"LINESTRING (-73.98197 40.778453, -73.972323 40.793919)",,3,199.50344827586207,True
123,120,1,,2514.706450821528,"LINESTRING (-73.98197 40.778453, -73.972323 40.793919)",,2,201.7910447761194,True
123,120,2,,2514.706450821528,"LINESTRING (-73.98197 40.778453, -73.972323 40.793919)",,1,71.75,True
123,121,0,,1629.3499945628382,"LINESTRING (-73.98197 40.778453, -73.976218 40.788644)",,1,6.0,True
123,125,0,,1500.242487087632,"LINESTRING (-73.98197 40.778453, -73.981929 40.768247)",,1,79.0,True
B17,B18,0,West End,913.7161670488424,"LINESTRING (-73.998864 40.619589, -74.00061 40.613501)",True,,,
B17,B16,0,West End,1033.0110635545966,"LINESTRING (-73.998864 40.619589, -73.996895 40.626472)",True,,,
250,249,0,Eastern Pky,1028.8956502628153,"LINESTRING (-73.932942 40.668897, -73.942161 40.669399)",True,,,
250,249,1,,1028.8956502628153,"LINESTRING (-73.932942 40.668897, -73.942161 40.669399)",,3,95.93055555555556,True
250,249,2,,1028.8956502628153,"LINESTRING (-73.932942 40.668897, -73.942161 40.669399)",,5,133.0,True
250,249,3,,1028.8956502628153,"LINESTRING (-73.932942 40.668897, -73.942161 40.669399)",,2,103.4,True
250,251,0,Eastern Pky,1303.5271215723435,"LINESTRING (-73.932942 40.668897, -73.92261 40.664717)",True,,,
250,251,1,,1303.5271215723435,"LINESTRING (-73.932942 40.668897, -73.92261 40.664717)",,3,188.0066225165563,True
250,251,2,,1303.5271215723435,"LINESTRING (-73.932942 40.668897, -73.92261 40.664717)",,2,132.0,True
250,251,3,,1303.5271215723435,"LINESTRING (-73.932942 40.668897, -73.92261 40.664717)",,4,190.5,True
250,239,0,,2816.238350560078,"LINESTRING (-73.932942 40.668897, -73.958131 40.670682)",,4,181.0,True
250,239,1,,2816.238350560078,"LINESTRING (-73.932942 40.668897, -73.958131 40.670682)",,5,84.0,True
250,255,0,,4281.31080289674,"LINESTRING (-73.932942 40.668897, -73.894895 40.664635)",,3,878.0,True
250,252,0,,2148.111880516943,"LINESTRING (-73.932942 40.668897, -73.916327 40.661453)",,3,558.0,True
250,236,0,,5008.939446747115,"LINESTRING (-73.932942 40.668897, -73.975098 40.680829)",,3,19.0,True
250,257,0,,5453.416376421892,"LINESTRING (-73.932942 40.668897, -73.884079 40.666235)",,5,480.0,True
709,710,0,Flushing,865.0732102454948,"LINESTRING (-73.883697 40.747659, -73.891394 40.746848)",True,,,
709,710,1,,865.0732102454948,"LINESTRING (-73.883697 40.747659, -73.891394 40.746848)",,7,75.65365853658537,True
709,708,0,Flushing,796.2302282102489,"LINESTRING (-73.883697 40.747659, -73.876613 40.748408)",True,,,
709,708,1,,796.2302282102489,"LINESTRING (-73.883697 40.747659, -73.876613 40.748408)",,7,74.2,True
709,712,0,,2167.619553044027,"LINESTRING (-73.883697 40.747659, -73.902984 40.74563)",,7,151.66666666666666,True
709,707,0,,1592.4383901172832,"LINESTRING (-73.883697 40.747659, -73.869527 40.749145)",,7,60.4180790960452,True
709,706,0,,2359.745336800978,"LINESTRING (-73.883697 40.747659, -73.8627 40.749865)",,7,127.0,True
J23,J24,0,Jamaica,790.1086221004914,"LINESTRING (-73.891688 40.678024, -73.898654 40.676992)",True,,,
J23,J22,0,Jamaica,833.9169216161025,"LINESTRING (-73.891688 40.678024, -73.884639 40.679947)",True,,,
L11,L12,0,Canarsie,540.4015906232399,"LINESTRING (-73.944053 40.714565, -73.94067 40.711926)",True,,,
L11,L10,0,Canarsie,696.5426750975303,"LINESTRING (-73.944053 40.714565, -73.950275 40.714063)",True,,,
J17,J20,0,Jamaica,1404.2279283518492,"LINESTRING (-73.867139 40.691324, -73.873785 40.683194)",True,,,
J17,J16,0,Jamaica,810.185903641711,"LINESTRING (-73.867139 40.691324, -73.86001 40.692435)",True,,,
702,705,0,Flushing,1161.3527501320275,"LINESTRING (-73.845625 40.754622, -73.855334 40.75173)",True,,,
702,705,1,,1161.3527501320275,"LINESTRING (-73.845625 40.754622, -73.855334 40.75173)",,7,74.66666666666667,True
702,701,0,Flushing,1883.873150854119,"LINESTRING (-73.845625 40.754622, -73.83003 40.7596)",True,,,
702,701,1,,1883.873150854119,"LINESTRING (-73.845625 40.754622, -73.83003 40.7596)",,7,153.8909090909091,True
702,701,2,,1883.873150854119,"LINESTRING (-73.845625 40.754622, -73.83003 40.7596)",,7X,121.65384615384616,True
702,706,0,,2025.244715015074,"LINESTRING (-73.845625 40.754622, -73.8627 40.749865)",,7,93.0,True
702,712,0,,6520.455935877542,"LINESTRING (-73.845625 40.754622, -73.902984 40.74563)",,7X,566.0,True
702,707,0,,2779.8189756367447,"LINESTRING (-73.845625 40.754622, -73.869527 40.749145)",,7X,169.9387755102041,True
638,639,0,Lexington Av,615.954571482151,"LINESTRING (-73.997141 40.722301, -74.000193 40.718803)",True,,,
638,639,1,,615.954571482151,"LINESTRING (-73.997141 40.722301, -74.000193 40.718803)",,6,84.40366972477064,True
638,639,2,,615.954571482151,"LINESTRING (-73.997141 40.722301, -74.000193 40.718803)",,4,71.05,True
638,639,3,,615.954571482151,"LINESTRING (-73.997141 40.722301, -74.000193 40.718803)",,6X,65.64285714285714,True
638,637,0,Lexington Av,598.4470232892688,"LINESTRING (-73.997141 40.722301, -73.994659 40.725915)",True,,,
638,637,1,,598.4470232892688,"LINESTRING (-73.997141 40.722301, -73.994659 40.725915)",,4,69.84210526315789,True
638,637,2,,598.4470232892688,"LINESTRING (-73.997141 40.722301, -73.994659 40.725915)",,6,72.24186046511628,True
638,637,3,,598.4470232892688,"LINESTRING (-73.997141 40.722301, -73.994659 40.725915)",,6X,76.425,True
B10,D15,0,6th Av - Culver,891.7736517425786,"LINESTRING (-73.97745 40.763972, -73.981329 40.758663)",True,,,
227,226,0,Lenox - White Plains Rd,507.38372022047,"LINESTRING (-73.951822 40.799075, -73.949625 40.802098)",True,,,
227,226,1,,507.38372022047,"LINESTRING (-73.951822 40.799075, -73.949625 40.802098)",,2,80.21476510067114,True
227,226,2,,507.38372022047,"LINESTRING (-73.951822 40.799075, -73.949625 40.802098)",,3,79.91724137931034,True
227,120,0,,2404.8043939866693,"LINESTRING (-73.951822 40.799075, -73.972323 40.793919)",,3,265.1788079470199,True
227,120,1,,2404.8043939866693,"LINESTRING (-73.951822 40.799075, -73.972323 40.793919)",,2,261.28387096774196,True
227,120,2,,2404.8043939866693,"LINESTRING (-73.951822 40.799075, -73.972323 40.793919)",,5,263.6666666666667,True
A19,A20,0,8th Av - Fulton St,970.2555908860395,"LINESTRING (-73.964696 40.791642, -73.968916 40.785868)",True,,,
A19,A18,0,8th Av - Fulton St,747.2599129435397,"LINESTRING (-73.964696 40.791642, -73.961454 40.796092)",True,,,
R36,R39,0,4th Av,1159.9878373636234,"LINESTRING (-74.003549 40.655144, -74.010006 40.648939)",True,,,
R36,R35,0,4th Av,981.4942695728621,"LINESTRING (-74.003549 40.655144, -73.998091 40.660397)",True,,,
F04,F05,0,Queens Blvd,1226.571139159816,"LINESTRING (-73.810708 40.70546, -73.820574 40.709179)",True,,,
F04,F03,0,Queens Blvd,877.9244835636382,"LINESTRING (-73.810708 40.70546, -73.803326 40.707564)",True,,,
A55,A52,0,8th Av - Fulton St,2723.629910721003,"LINESTRING (-73.872106 40.675377, -73.896548 40.674542)",True,,,
A55,A51,0,8th Av - Fulton St,3722.312008144423,"LINESTRING (-73.872106 40.675377, -73.905316 40.678334)",True,,,
R22,R30,0,Broadway - Brighton,5254.188848122344,"LINESTRING (-73.997702 40.724329, -73.981824 40.690635)",True,,,
R22,R21,0,Broadway - Brighton,1046.639308964506,"LINESTRING (-73.997702 40.724329, -73.992629 40.730328)",True,,,
111,112,0,Broadway - 7Av,1504.5678259273757,"LINESTRING (-73.933596 40.849505, -73.940133 40.840556)",True,,,
111,112,1,,1504.5678259273757,"LINESTRING (-73.933596 40.849505, -73.940133 40.840556)",,1,96.1923076923077,True
111,110,0,Broadway - 7Av,962.0743687876269,"LINESTRING (-73.933596 40.849505, -73.929412 40.855225)",True,,,
111,110,1,,962.0743687876269,"LINESTRING (-73.933596 40.849505, -73.929412 40.855225)",,1,93.48325358851675,True
111,113,0,,2599.7075762576164,"LINESTRING (-73.933596 40.849505, -73.94489 40.834041)",,1,51.0,True
S26,S25,0,Staten Island,1495.9384291892868,"LINESTRING (-74.087368 40.596612, -74.09609 40.588849)",True,,,
S26,S27,0,Staten Island,1021.264175648566,"LINESTRING (-74.087368 40.596612, -74.084087 40.603117)",True,,,
A34,A36,0,8th Av - Fulton St,1054.3570430668217,"LINESTRING (-74.005229 40.720824, -74.008585 40.714111)",True,,,
A34,A33,0,8th Av - Fulton St,810.7692144066788,"LINESTRING (-74.005229 40.720824, -74.003739 40.726227)",True,,,
A02,A03,0,8th Av - Fulton St,904.3278150913653,"LINESTRING (-73.919899 40.868072, -73.927271 40.865491)",True,,,
D33,D34,0,Broadway - Brighton,1099.5315315821958,"LINESTRING (-73.960803 40.625039, -73.959399 40.617618)",True,,,
D33,D32,0,Broadway - Brighton,627.5134538210392,"LINESTRING (-73.960803 40.625039, -73.961639 40.62927)",True,,,
245,246,0,Nostrand,755.221269937427,"LINESTRING (-73.948959 40.645098, -73.948411 40.639967)",True,,,
245,246,1,,755.221269937427,"LINESTRING (-73.948959 40.645098, -73.948411 40.639967)",,2,104.02580645161291,True
245,246,2,,755.221269937427,"LINESTRING (-73.948959 40.645098, -73.948411 40.639967)",,5,116.875,True
245,244,0,Nostrand,845.6849450019442,"LINESTRING (-73.948959 40.645098, -73.949575 40.650843)",True,,,
245,244,1,,845.6849450019442,"LINESTRING (-73.948959 40.645098, -73.949575 40.650843)",,2,63.951388888888886,True
245,244,2,,845.6849450019442,"LINESTRING (-73.948959 40.645098, -73.949575 40.650843)",,5,61.23148148148148,True
708,709,0,Flushing,796.2302282102489,"LINESTRING (-73.876613 40.748408, -73.883697 40.747659)",True,,,
708,709,1,,796.2302282102489,"LINESTRING (-73.876613 40.748408, -73.883697 40.747659)",,7,69.3529411764706,True
708,707,0,Flushing,796.2091522094946,"LINESTRING (-73.876613 40.748408, -73.869527 40.749145)",True,,,
708,707,1,,796.2091522094946,"LINESTRING (-73.876613 40.748408, -73.869527 40.749145)",,7,67.07692307692308,True
708,710,0,,1661.3033917089406,"LINESTRING (-73.876613 40.748408, -73.891394 40.746848)",,7,65.86363636363636,True
708,706,0,,1563.5155574268404,"LINESTRING (-73.876613 40.748408, -73.8627 40.749865)",,7,75.25,True
M14,M16,0,Jamaica,528.885675754621,"LINESTRING (-73.953431 40.70687, -73.957757 40.708359)",True,,,
M14,M13,0,Jamaica,802.3347722890987,"LINESTRING (-73.953431 40.70687, -73.947408 40.703869)",True,,,
405,406,0,Jerome Av,1148.3592352538212,"LINESTRING (-73.890064 40.873412, -73.897174 40.86776)",True,,,
405,406,1,,1148.3592352538212,"LINESTRING (-73.890064 40.873412, -73.897174 40.86776)",,4,105.70987654320987,True
405,402,0,Jerome Av,1110.5172203655657,"LINESTRING (-73.890064 40.873412, -73.884655 40.87975)",True,,,
405,402,1,,1110.5172203655657,"LINESTRING (-73.890064 40.873412, -73.884655 40.87975)",,4,121.81012658227849,True
L03,L05,0,Canarsie,586.8169471985361,"LINESTRING (-73.99073 40.734789, -73.986122 40.732849)",True,,,
L03,L02,0,Canarsie,770.9641343564485,"LINESTRING (-73.99073 40.734789, -73.996786 40.737335)",True,,,
L14,L15,0,Canarsie,1141.2013252114623,"LINESTRING (-73.933147 40.706152, -73.922913 40.706607)",True,,,
L14,L13,0,Canarsie,781.7213663799743,"LINESTRING (-73.933147 40.706152, -73.93985 40.707739)",True,,,
D15,D16,0,6th Av - Culver,745.6718358778896,"LINESTRING (-73.981329 40.758663, -73.984569 40.754222)",True,,,
D15,B10,0,6th Av - Culver,891.7736517425786,"LINESTRING (-73.981329 40.758663, -73.97745 40.763972)",True,,,
719,720,0,Flushing,814.9453901807466,"LINESTRING (-73.945264 40.747023, -73.948916 40.742216)",True,,,
719,720,1,,814.9453901807466,"LINESTRING (-73.945264 40.747023, -73.948916 40.742216)",,7,115.91780821917808,True
719,720,2,,814.9453901807466,"LINESTRING (-73.945264 40.747023, -73.948916 40.742216)",,7X,100.0,True
719,718,0,Flushing,768.7797966334986,"LINESTRING (-73.945264 40.747023, -73.940202 40.750582)",True,,,
719,718,1,,768.7797966334986,"LINESTRING (-73.945264 40.747023, -73.940202 40.750582)",,7,85.41730279898219,True
719,718,2,,768.7797966334986,"LINESTRING (-73.945264 40.747023, -73.940202 40.750582)",,7X,80.26086956521739,True
719,723,0,,3486.770168285121,"LINESTRING (-73.945264 40.747023, -73.976041 40.751431)",,7X,184.0,True
719,721,0,,1128.9743977873381,"LINESTRING (-73.945264 40.747023, -73.953581 40.742626)",,7,79.27272727272727,True
719,716,0,,1628.0293705607432,"LINESTRING (-73.945264 40.747023, -73.930997 40.744587)",,7,136.0,True
719,715,0,,2412.8075255964054,"LINESTRING (-73.945264 40.747023, -73.924016 40.743781)",,7X,207.0,True
135,136,0,Broadway - 7Av,523.7734619386154,"LINESTRING (-74.006277 40.722854, -74.006886 40.719318)",True,,,
135,136,1,,523.7734619386154,"LINESTRING (-74.006277 40.722854, -74.006886 40.719318)",,1,66.64888888888889,True
135,136,2,,523.7734619386154,"LINESTRING (-74.006277 40.722854, -74.006886 40.719318)",,2,65.9,True
135,136,3,,523.7734619386154,"LINESTRING (-74.006277 40.722854, -74.006886 40.719318)",,3,72.0,True
135,134,0,Broadway - 7Av,799.2103699282646,"LINESTRING (-74.006277 40.722854, -74.005367 40.728251)",True,,,
135,134,1,,799.2103699282646,"LINESTRING (-74.006277 40.722854, -74.005367 40.728251)",,2,85.66666666666667,True
135,134,2,,799.2103699282646,"LINESTRING (-74.006277 40.722854, -74.005367 40.728251)",,1,83.27230046948357,True
135,126,0,,6233.467749273005,"LINESTRING (-74.006277 40.722854, -73.983849 40.761728)",,1,9.0,True
A63,A61,0,Liberty Av,712.1553713738064,"LINESTRING (-73.837683 40.681711, -73.843853 40.680429)",True,,,
A63,A64,0,Liberty Av,724.9217853833472,"LINESTRING (-73.837683 40.681711, -73.832163 40.684331)",True,,,
M21,M22,0,Jamaica,627.8132020621191,"LINESTRING (-74.003401 40.713243, -74.007582 40.710374)",True,,,
M21,M20,0,Jamaica,812.2562356720001,"LINESTRING (-74.003401 40.713243, -73.999892 40.718092)",True,,,
L05,L06,0,Canarsie,572.5806904549003,"LINESTRING (-73.986122 40.732849, -73.981628 40.730953)",True,,,
L05,L03,0,Canarsie,586.8169471985361,"LINESTRING (-73.986122 40.732849, -73.99073 40.734789)",True,,,
D04,D05,0,Concourse,960.3630213314354,"LINESTRING (-73.893509 40.866978, -73.897749 40.861296)",True,,,
D04,D03,0,Concourse,1163.5477134268071,"LINESTRING (-73.893509 40.866978, -73.887138 40.873244)",True,,,
249,248,0,Eastern Pky,926.8435558020432,"LINESTRING (-73.942161 40.669399, -73.950466 40.669847)",True,,,
249,248,1,,926.8435558020432,"LINESTRING (-73.942161 40.669399, -73.950466 40.669847)",,3,97.13888888888889,True
249,248,2,,926.8435558020432,"LINESTRING (-73.942161 40.669399, -73.950466 40.669847)",,4,139.83333333333334,True
249,248,3,,926.8435558020432,"LINESTRING (-73.942161 40.669399, -73.950466 40.669847)",,5,120.0,True
249,248,4,,926.8435558020432,"LINESTRING (-73.942161 40.669399, -73.950466 40.669847)",,2,109.2,True
249,250,0,Eastern Pky,1028.8956502628153,"LINESTRING (-73.942161 40.669399, -73.932942 40.668897)",True,,,
249,250,1,,1028.8956502628153,"LINESTRING (-73.942161 40.669399, -73.932942 40.668897)",,3,83.52317880794702,True
249,250,2,,1028.8956502628153,"LINESTRING (-73.942161 40.669399, -73.932942 40.668897)",,4,90.25,True
249,250,3,,1028.8956502628153,"LINESTRING (-73.942161 40.669399, -73.932942 40.668897)",,2,146.33333333333334,True
249,255,0,,5307.8767780093,"LINESTRING (-73.942161 40.669399, -73.894895 40.664635)",,3,638.0,True
R26,R27,0,Broadway,608.1447721430955,"LINESTRING (-74.013342 40.70722, -74.012994 40.703087)",True,,,
R26,R25,0,Broadway,568.0555151976577,"LINESTRING (-74.013342 40.70722, -74.011029 40.710668)",True,,,
J19,J21,0,Jamaica,1504.4705315059532,"LINESTRING (-73.87255 40.689941, -73.880039 40.68141)",True,,,
J19,J20,0,Jamaica,999.9812549622759,"LINESTRING (-73.87255 40.689941, -73.873785 40.683194)",True,,,
A40,A41,0,8th Av - Fulton St,1087.2133777418974,"LINESTRING (-73.990531 40.699337, -73.987342 40.692338)",True,,,
A40,A38,0,8th Av - Fulton St,2488.4082980809503,"LINESTRING (-73.990531 40.699337, -74.007691 40.710197)",True,,,
G08,G09,0,Queens Blvd,1156.1087826446405,"LINESTRING (-73.844521 40.721691, -73.852719 40.726523)",True,,,
G08,F07,0,Queens Blvd,940.9667483289747,"LINESTRING (-73.844521 40.721691, -73.837324 40.718331)",True,,,
L20,L21,0,Canarsie,881.502561774424,"LINESTRING (-73.904046 40.688764, -73.905249 40.682829)",True,,,
L20,L19,0,Canarsie,1003.93833844213,"LINESTRING (-73.904046 40.688764, -73.904084 40.695602)",True,,,
G33,G34,0,Crosstown,737.2772149432546,"LINESTRING (-73.953522 40.689627, -73.96007 40.688873)",True,,,
G33,G32,0,Crosstown,880.0570769323135,"LINESTRING (-73.953522 40.689627, -73.949046 40.694568)",True,,,
S11,S09,0,Staten Island,1232.015105205371,"LINESTRING (-74.242096 40.516578, -74.251961 40.512764)",True,,,
S11,S13,0,Staten Island,1509.849524305548,"LINESTRING (-74.242096 40.516578, -74.229141 40.519631)",True,,,
L26,L27,0,Canarsie,792.6416766134822,"LINESTRING (-73.900571 40.664038, -73.899232 40.658733)",True,,,
L26,L25,0,Canarsie,797.5486692429993,"LINESTRING (-73.900571 40.664038, -73.901975 40.669367)",True,,,
131,132,0,Broadway - 7Av,538.748727150094,"LINESTRING (-73.997871 40.74104, -74.000201 40.737826)",True,,,
131,132,1,,538.748727150094,"LINESTRING (-73.997871 40.74104, -74.000201 40.737826)",,1,73.04444444444445,True
131,132,2,,538.748727150094,"LINESTRING (-73.997871 40.74104, -74.000201 40.737826)",,2,71.75,True
131,132,3,,538.748727150094,"LINESTRING (-73.997871 40.74104, -74.000201 40.737826)",,3,121.0,True
131,130,0,Broadway - 7Av,510.2734036375061,"LINESTRING (-73.997871 40.74104, -73.995657 40.744081)",True,,,
131,130,1,,510.2734036375061,"LINESTRING (-73.997871 40.74104, -73.995657 40.744081)",,2,67.4,True
131,130,2,,510.2734036375061,"LINESTRING (-73.997871 40.74104, -73.995657 40.744081)",,1,67.29577464788733,True
L19,L20,0,Canarsie,1003.93833844213,"LINESTRING (-73.904084 40.695602, -73.904046 40.688764)",True,,,
L19,L17,0,Canarsie,1039.1790271262857,"LINESTRING (-73.904084 40.695602, -73.911586 40.699814)",True,,,
724,725,0,Flushing,682.498648835457,"LINESTRING (-73.981963 40.753821, -73.987691 40.755477)",True,,,
724,725,1,,682.498648835457,"LINESTRING (-73.981963 40.753821, -73.987691 40.755477)",,7,88.1829268292683,True
724,725,2,,682.498648835457,"LINESTRING (-73.981963 40.753821, -73.987691 40.755477)",,7X,107.525,True
724,723,0,Flushing,746.9522595110968,"LINESTRING (-73.981963 40.753821, -73.976041 40.751431)",True,,,
724,723,1,,746.9522595110968,"LINESTRING (-73.981963 40.753821, -73.976041 40.751431)",,7,88.23076923076923,True
724,723,2,,746.9522595110968,"LINESTRING (-73.981963 40.753821, -73.976041 40.751431)",,7X,93.90697674418605,True
724,720,0,,4054.775444191904,"LINESTRING (-73.981963 40.753821, -73.948916 40.742216)",,7,324.0,True
724,726,0,,2241.0505482394533,"LINESTRING (-73.981963 40.753821, -74.00191 40.755882)",,7X,157.0,True
724,726,1,,2241.0505482394533,"LINESTRING (-73.981963 40.753821, -74.00191 40.755882)",,7,248.14285714285714,True
724,721,0,,3562.056756267713,"LINESTRING (-73.981963 40.753821, -73.953581 40.742626)",,7,291.7692307692308,True
724,721,1,,3562.056756267713,"LINESTRING (-73.981963 40.753821, -73.953581 40.742626)",,7X,318.75,True
F21,F22,0,6th Av - Culver,992.017060590164,"LINESTRING (-73.995048 40.680303, -73.995959 40.67358)",True,,,
F21,F20,0,6th Av - Culver,976.0086161253349,"LINESTRING (-73.995048 40.680303, -73.990862 40.686145)",True,,,
241,242,0,Nostrand,754.7070924942142,"LINESTRING (-73.950683 40.667883, -73.95085 40.662742)",True,,,
241,242,1,,754.7070924942142,"LINESTRING (-73.950683 40.667883, -73.95085 40.662742)",,2,94.07741935483871,True
241,242,2,,754.7070924942142,"LINESTRING (-73.950683 40.667883, -73.95085 40.662742)",,5,98.2,True
241,239,0,,925.2966751036521,"LINESTRING (-73.950683 40.667883, -73.958131 40.670682)",,2,154.59027777777777,True
241,239,1,,925.2966751036521,"LINESTRING (-73.950683 40.667883, -73.958131 40.670682)",,5,165.5462962962963,True
241,245,0,,3348.9211664808254,"LINESTRING (-73.950683 40.667883, -73.948959 40.645098)",,5,30.0,True
241,237,0,,2510.5268734117144,"LINESTRING (-73.950683 40.667883, -73.971046 40.675235)",,2,112.0,True
F29,F30,0,6th Av - Culver,943.0340913567072,"LINESTRING (-73.978172 40.636119, -73.976971 40.629755)",True,,,
F29,F27,0,6th Av - Culver,1174.1995228227702,"LINESTRING (-73.978172 40.636119, -73.979678 40.644041)",True,,,
F35,F36,0,6th Av - Culver,1054.711854202131,"LINESTRING (-73.972361 40.603217, -73.973357 40.596063)",True,,,
F35,F34,0,6th Av - Culver,842.9500895698047,"LINESTRING (-73.972361 40.603217, -73.973022 40.608944)",True,,,
415,416,0,Jerome Av,807.0760239228813,"LINESTRING (-73.927351 40.818375, -73.929849 40.813224)",True,,,
415,416,1,,807.0760239228813,"LINESTRING (-73.927351 40.818375, -73.929849 40.813224)",,4,111.81168831168831,True
415,414,0,Jerome Av,1425.0919129258532,"LINESTRING (-73.927351 40.818375, -73.925831 40.827994)",True,,,
415,414,1,,1425.0919129258532,"LINESTRING (-73.927351 40.818375, -73.925831 40.827994)",,4,244.68789808917197,True
415,621,0,,2384.2960209215034,"LINESTRING (-73.927351 40.818375, -73.937594 40.804138)",,4,294.5217391304348,True
S22,S21,0,Staten Island,1591.5306132659093,"LINESTRING (-74.11721 40.57348, -74.12632 40.56511)",True,,,
S22,S23,0,Staten Island,1159.4852094453881,"LINESTRING (-74.11721 40.57348, -74.109704 40.578965)",True,,,
H07,H10,0,Rockaway,3227.83408513156,"LINESTRING (-73.788522 40.592374, -73.761353 40.600066)",True,,,
H07,H11,0,Rockaway,4061.224617643018,"LINESTRING (-73.788522 40.592374, -73.755405 40.603995)",True,,,
222,301,0,Lenox - White Plains Rd,1351.278250929848,"LINESTRING (-73.926718 40.81841, -73.93647 40.82388)",True,,,
222,221,0,Lenox - White Plains Rd,1053.3894701996167,"LINESTRING (-73.926718 40.81841, -73.917757 40.816109)",True,,,
222,221,1,,1053.3894701996167,"LINESTRING (-73.926718 40.81841, -73.917757 40.816109)",,2,109.98657718120805,True
222,221,2,,1053.3894701996167,"LINESTRING (-73.926718 40.81841, -73.917757 40.816109)",,5,116.96969696969697,True
222,224,0,,1680.8098106076845,"LINESTRING (-73.926718 40.81841, -73.94077 40.814229)",,2,218.56129032258065,True
222,416,0,,838.6622130897122,"LINESTRING (-73.926718 40.81841, -73.929849 40.813224)",,5,204.06106870229007,True
222,225,0,,2612.5895683135154,"LINESTRING (-73.926718 40.81841, -73.945495 40.807754)",,5,559.6666666666666,True
222,621,0,,2423.2448530691445,"LINESTRING (-73.926718 40.81841, -73.937594 40.804138)",,2,375.0,True
R31,R32,0,4th Av,1047.84325615805,"LINESTRING (-73.97881 40.683666, -73.98311 40.677316)",True,,,
209,210,0,Lenox - White Plains Rd,867.8860899880644,"LINESTRING (-73.867164 40.871356, -73.867352 40.865462)",True,,,
209,210,1,,867.8860899880644,"LINESTRING (-73.867164 40.871356, -73.867352 40.865462)",,2,85.20645161290322,True
209,210,2,,867.8860899880644,"LINESTRING (-73.867164 40.871356, -73.867352 40.865462)",,5,85.54545454545455,True
209,208,0,Lenox - White Plains Rd,961.3753128924857,"LINESTRING (-73.867164 40.871356, -73.866256 40.87785)",True,,,
209,208,1,,961.3753128924857,"LINESTRING (-73.867164 40.871356, -73.866256 40.87785)",,2,92.51351351351352,True
209,208,2,,961.3753128924857,"LINESTRING (-73.867164 40.871356, -73.866256 40.87785)",,5,108.36363636363636,True
209,207,0,,1913.7412825839501,"LINESTRING (-73.867164 40.871356, -73.862633 40.883895)",,2,73.0,True
D25,D26,0,Broadway - Brighton,2530.1712771619527,"LINESTRING (-73.972367 40.67705, -73.962246 40.661614)",True,,,
D25,D24,0,Broadway - Brighton,1198.6029202003983,"LINESTRING (-73.972367 40.67705, -73.97689 40.68446)",True,,,
D39,D42,0,Broadway - Brighton,2893.44704678322,"LINESTRING (-73.954155 40.586896, -73.975939 40.576127)",True,,,
D39,D38,0,Broadway - Brighton,1229.1720844982897,"LINESTRING (-73.954155 40.586896, -73.955161 40.595246)",True,,,
B12,B13,0,West End,789.0058901635931,"LINESTRING (-73.994324 40.646292, -73.994304 40.640914)",True,,,
A32,A33,0,8th Av - Fulton St,967.6066094173364,"LINESTRING (-74.000495 40.732338, -74.003739 40.726227)",True,,,
A32,A31,0,8th Av - Fulton St,1263.8716678239232,"LINESTRING (-74.000495 40.732338, -74.00169 40.740893)",True,,,
G07,G06,0,Queens - Archer,1035.6880909517968,"LINESTRING (-73.816859 40.702566, -73.807969 40.700486)",True,,,
G24,G26,0,Crosstown,1940.4009012465526,"LINESTRING (-73.949724 40.744065, -73.954449 40.731352)",True,,,
G24,G22,0,Crosstown,750.9638524044882,"LINESTRING (-73.949724 40.744065, -73.943832 40.746554)",True,,,
A11,A12,0,8th Av - Fulton St,895.7211343612538,"LINESTRING (-73.941514 40.830518, -73.944216 40.824783)",True,,,
A11,A10,0,8th Av - Fulton St,828.3869424539358,"LINESTRING (-73.941514 40.830518, -73.939892 40.836013)",True,,,
413,414,0,Jerome Av,1214.4447187373196,"LINESTRING (-73.9214 40.835537, -73.925831 40.827994)",True,,,
413,414,1,,1214.4447187373196,"LINESTRING (-73.9214 40.835537, -73.925831 40.827994)",,4,113.94767441860465,True
413,412,0,Jerome Av,779.2599506365264,"LINESTRING (-73.9214 40.835537, -73.917791 40.840075)",True,,,
413,412,1,,779.2599506365264,"LINESTRING (-73.9214 40.835537, -73.917791 40.840075)",,4,90.28834355828221,True
101,103,0,Broadway - 7Av,720.9856356125861,"LINESTRING (-73.898583 40.889248, -73.90087 40.884667)",True,,,
A25,A27,0,8th Av - Fulton St,864.1573810550325,"LINESTRING (-73.985984 40.762456, -73.989735 40.757308)",True,,,
A25,A24,0,8th Av - Fulton St,979.9927705773534,"LINESTRING (-73.985984 40.762456, -73.981736 40.768296)",True,,,
632,633,0,Lexington Av,505.0277799676067,"LINESTRING (-73.982076 40.746081, -73.984264 40.74307)",True,,,
632,633,1,,505.0277799676067,"LINESTRING (-73.982076 40.746081, -73.984264 40.74307)",,6,71.13761467889908,True
632,633,2,,505.0277799676067,"LINESTRING (-73.982076 40.746081, -73.984264 40.74307)",,4,69.1,True
632,633,3,,505.0277799676067,"LINESTRING (-73.982076 40.746081, -73.984264 40.74307)",,6X,69.28301886792453,True
632,631,0,Lexington Av,1019.3065258923133,"LINESTRING (-73.982076 40.746081, -73.976848 40.751776)",True,,,
632,631,1,,1019.3065258923133,"LINESTRING (-73.982076 40.746081, -73.976848 40.751776)",,4,118.15789473684211,True
632,631,2,,1019.3065258923133,"LINESTRING (-73.982076 40.746081, -73.976848 40.751776)",,6,117.95348837209302,True
632,631,3,,1019.3065258923133,"LINESTRING (-73.982076 40.746081, -73.976848 40.751776)",,6X,127.6,True
632,635,0,,1891.503536545715,"LINESTRING (-73.982076 40.746081, -73.989951 40.734673)",,6,184.0,True
122,123,0,Broadway - 7Av,837.5600890168762,"LINESTRING (-73.979917 40.783934, -73.98197 40.778453)",True,,,
122,123,1,,837.5600890168762,"LINESTRING (-73.979917 40.783934, -73.98197 40.778453)",,1,88.50462962962963,True
122,123,2,,837.5600890168762,"LINESTRING (-73.979917 40.783934, -73.98197 40.778453)",,2,86.26666666666667,True
122,121,0,Broadway - 7Av,805.6602866195442,"LINESTRING (-73.979917 40.783934, -73.976218 40.788644)",True,,,
122,121,1,,805.6602866195442,"LINESTRING (-73.979917 40.783934, -73.976218 40.788644)",,2,81.53333333333333,True
122,121,2,,805.6602866195442,"LINESTRING (-73.979917 40.783934, -73.976218 40.788644)",,1,84.99532710280374,True
122,124,0,,1563.6508168326002,"LINESTRING (-73.979917 40.783934, -73.982209 40.77344)",,1,140.0,True
122,131,0,,6613.423108981548,"LINESTRING (-73.979917 40.783934, -73.997871 40.74104)",,1,31.0,True
A47,A48,0,8th Av - Fulton St,1130.515571290363,"LINESTRING (-73.940858 40.679921, -73.930729 40.679364)",True,,,
A47,A46,0,8th Av - Fulton St,1067.8051149794924,"LINESTRING (-73.940858 40.679921, -73.950426 40.680438)",True,,,
207,208,0,Lenox - White Plains Rd,977.1446815431742,"LINESTRING (-73.862633 40.883895, -73.866256 40.87785)",True,,,
207,208,1,,977.1446815431742,"LINESTRING (-73.862633 40.883895, -73.866256 40.87785)",,2,91.86538461538461,True
207,208,2,,977.1446815431742,"LINESTRING (-73.862633 40.883895, -73.866256 40.87785)",,5,91.45454545454545,True
207,206,0,Lenox - White Plains Rd,659.0714720749687,"LINESTRING (-73.862633 40.883895, -73.860341 40.888022)",True,,,
207,206,1,,659.0714720749687,"LINESTRING (-73.862633 40.883895, -73.860341 40.888022)",,2,92.77027027027027,True
207,206,2,,659.0714720749687,"LINESTRING (-73.862633 40.883895, -73.860341 40.888022)",,5,86.0909090909091,True
G12,G13,0,Queens Blvd,960.919523514962,"LINESTRING (-73.877223 40.737015, -73.882017 40.742454)",True,,,
G12,G11,0,Queens Blvd,1059.0994912142335,"LINESTRING (-73.877223 40.737015, -73.869229 40.733106)",True,,,
N04,N05,0,Sea Beach,900.7253485682389,"LINESTRING (-73.996353 40.624842, -73.990414 40.620671)",True,,,
N04,N03,0,Sea Beach,1387.3020914126475,"LINESTRING (-73.996353 40.624842, -74.005351 40.631386)",True,,,
A12,A14,0,8th Av - Fulton St,1083.0480780787175,"LINESTRING (-73.944216 40.824783, -73.947649 40.817894)",True,,,
A12,A11,0,8th Av - Fulton St,895.7211343612538,"LINESTRING (-73.944216 40.824783, -73.941514 40.830518)",True,,,
R05,R06,0,Astoria,865.098196817319,"LINESTRING (-73.925508 40.76182, -73.929575 40.756804)",True,,,
R05,R04,0,Astoria,855.7931040343744,"LINESTRING (-73.925508 40.76182, -73.921479 40.766779)",True,,,
A43,A44,0,8th Av - Fulton St,994.831138024345,"LINESTRING (-73.973946 40.686113, -73.965838 40.683263)",True,,,
A43,A42,0,8th Av - Fulton St,1278.9152057419446,"LINESTRING (-73.973946 40.686113, -73.985001 40.688484)",True,,,
D37,D38,0,Broadway - Brighton,600.464620083355,"LINESTRING (-73.955929 40.5993, -73.955161 40.595246)",True,,,
D37,D35,0,Broadway - Brighton,1388.4670453855938,"LINESTRING (-73.955929 40.5993, -73.957734 40.60867)",True,,,
A60,A59,0,Liberty Av,840.206700199725,"LINESTRING (-73.85147 40.679843, -73.858992 40.679371)",True,,,
A60,A61,0,Liberty Av,852.2725539280367,"LINESTRING (-73.85147 40.679843, -73.843853 40.680429)",True,,,
R35,R36,0,4th Av,981.4942695728621,"LINESTRING (-73.998091 40.660397, -74.003549 40.655144)",True,,,
R35,R34,0,4th Av,937.8715451972117,"LINESTRING (-73.998091 40.660397, -73.992872 40.665414)",True,,,
G18,G19,0,Queens Blvd,828.743057326076,"LINESTRING (-73.913333 40.756312, -73.92074 40.756879)",True,,,
G18,G16,0,Queens Blvd,958.5872583735056,"LINESTRING (-73.913333 40.756312, -73.906006 40.752885)",True,,,
G36,G35,0,Crosstown,960.8342201205378,"LINESTRING (-73.975375 40.687119, -73.966839 40.688089)",True,,,
639,640,0,Lexington Av,949.9320693793613,"LINESTRING (-74.000193 40.718803, -74.004131 40.713065)",True,,,
639,640,1,,949.9320693793613,"LINESTRING (-74.000193 40.718803, -74.004131 40.713065)",,6,106.85446009389672,True
639,640,2,,949.9320693793613,"LINESTRING (-74.000193 40.718803, -74.004131 40.713065)",,4,93.8,True
639,640,3,,949.9320693793613,"LINESTRING (-74.000193 40.718803, -74.004131 40.713065)",,6X,91.17021276595744,True
639,638,0,Lexington Av,615.954571482151,"LINESTRING (-74.000193 40.718803, -73.997141 40.722301)",True,,,
639,638,1,,615.954571482151,"LINESTRING (-74.000193 40.718803, -73.997141 40.722301)",,4,81.89473684210526,True
639,638,2,,615.954571482151,"LINESTRING (-74.000193 40.718803, -73.997141 40.722301)",,6,84.38139534883722,True
639,638,3,,615.954571482151,"LINESTRING (-74.000193 40.718803, -73.997141 40.722301)",,6X,88.625,True
423,233,0,Eastern Pky,628.5216608927597,"LINESTRING (-73.990151 40.692404, -73.985065 40.690545)",True,,,
423,234,0,,1236.4356780255152,"LINESTRING (-73.990151 40.692404, -73.980492 40.688246)",,4,155.17763157894737,True
423,234,1,,1236.4356780255152,"LINESTRING (-73.990151 40.692404, -73.980492 40.688246)",,5,166.7310924369748,True
423,234,2,,1236.4356780255152,"LINESTRING (-73.990151 40.692404, -73.980492 40.688246)",,2,171.0,True
423,420,0,,3226.242071877425,"LINESTRING (-73.990151 40.692404, -74.014065 40.704817)",,4,258.9155844155844,True
423,420,1,,3226.242071877425,"LINESTRING (-73.990151 40.692404, -74.014065 40.704817)",,5,253.70833333333334,True
423,236,0,,2386.506986200683,"LINESTRING (-73.990151 40.692404, -73.975098 40.680829)",,2,121.0,True
117,118,0,Broadway - 7Av,630.7120453282972,"LINESTRING (-73.96411 40.807722, -73.966847 40.803967)",True,,,
117,118,1,,630.7120453282972,"LINESTRING (-73.96411 40.807722, -73.966847 40.803967)",,1,81.2636815920398,True
117,116,0,Broadway - 7Av,1320.6501549703075,"LINESTRING (-73.96411 40.807722, -73.958372 40.815581)",True,,,
117,116,1,,1320.6501549703075,"LINESTRING (-73.96411 40.807722, -73.958372 40.815581)",,1,105.87906976744186,True
608,609,0,Pelham,798.2225457872438,"LINESTRING (-73.860816 40.833226, -73.867618 40.831509)",True,,,
608,609,1,,798.2225457872438,"LINESTRING (-73.860816 40.833226, -73.867618 40.831509)",,6,84.95384615384616,True
608,607,0,Pelham,1078.6765185962977,"LINESTRING (-73.860816 40.833226, -73.851222 40.834255)",True,,,
608,607,1,,1078.6765185962977,"LINESTRING (-73.860816 40.833226, -73.851222 40.834255)",,6,94.95327102803738,True
608,607,2,,1078.6765185962977,"LINESTRING (-73.860816 40.833226, -73.851222 40.834255)",,6X,131.0,True
608,613,0,,3770.6507591826417,"LINESTRING (-73.860816 40.833226, -73.890549 40.820948)",,6,385.22727272727275,True
608,613,1,,3770.6507591826417,"LINESTRING (-73.860816 40.833226, -73.890549 40.820948)",,6X,418.36538461538464,True
608,604,0,,2217.3304634534597,"LINESTRING (-73.860816 40.833226, -73.842952 40.839892)",,6,219.0,True
634,635,0,Lexington Av,849.0314701308652,"LINESTRING (-73.986599 40.739864, -73.989951 40.734673)",True,,,
634,635,1,,849.0314701308652,"LINESTRING (-73.986599 40.739864, -73.989951 40.734673)",,6,119.42523364485982,True
634,635,2,,849.0314701308652,"LINESTRING (-73.986599 40.739864, -73.989951 40.734673)",,4,103.3,True
634,635,3,,849.0314701308652,"LINESTRING (-73.986599 40.739864, -73.989951 40.734673)",,6X,103.83018867924528,True
634,633,0,Lexington Av,538.0001546955732,"LINESTRING (-73.986599 40.739864, -73.984264 40.74307)",True,,,
634,633,1,,538.0001546955732,"LINESTRING (-73.986599 40.739864, -73.984264 40.74307)",,4,74.0,True
634,633,2,,538.0001546955732,"LINESTRING (-73.986599 40.739864, -73.984264 40.74307)",,6,72.81860465116279,True
634,633,3,,538.0001546955732,"LINESTRING (-73.986599 40.739864, -73.984264 40.74307)",,6X,75.475,True
634,636,0,,1524.7136426992554,"LINESTRING (-73.986599 40.739864, -73.99107 40.730054)",,6,146.5,True
634,637,0,,2237.011208006769,"LINESTRING (-73.986599 40.739864, -73.994659 40.725915)",,6,293.5,True
634,640,0,,4393.792407895191,"LINESTRING (-73.986599 40.739864, -74.004131 40.713065)",,6,468.0,True
H06,H11,0,Rockaway,5003.227998928418,"LINESTRING (-73.796924 40.590927, -73.755405 40.603995)",True,,,
H06,H13,0,Rockaway,2756.8910265464783,"LINESTRING (-73.796924 40.590927, -73.820558 40.585307)",True,,,
408,409,0,Jerome Av,843.226926426505,"LINESTRING (-73.903879 40.858407, -73.907684 40.853453)",True,,,
408,409,1,,843.226926426505,"LINESTRING (-73.903879 40.858407, -73.907684 40.853453)",,4,89.53488372093024,True
408,407,0,Jerome Av,720.3925156363524,"LINESTRING (-73.903879 40.858407, -73.901034 40.862803)",True,,,
408,407,1,,720.3925156363524,"LINESTRING (-73.903879 40.858407, -73.901034 40.862803)",,4,85.9074074074074,True
408,410,0,,1706.1089219960975,"LINESTRING (-73.903879 40.858407, -73.911794 40.84848)",,4,61.0,True
F11,F12,0,Queens Blvd,786.9508497289032,"LINESTRING (-73.969055 40.757552, -73.975224 40.760167)",True,,,
F11,F09,0,Queens Blvd,2936.1690919199546,"LINESTRING (-73.969055 40.757552, -73.946 40.747846)",True,,,
D26,D27,0,Broadway - Brighton,931.4620631496371,"LINESTRING (-73.962246 40.661614, -73.961495 40.655292)",True,,,
D26,D25,0,Broadway - Brighton,2530.1712771619527,"LINESTRING (-73.962246 40.661614, -73.972367 40.67705)",True,,,
129,130,0,Broadway - 7Av,526.4515987613836,"LINESTRING (-73.993365 40.747215, -73.995657 40.744081)",True,,,
129,130,1,,526.4515987613836,"LINESTRING (-73.993365 40.747215, -73.995657 40.744081)",,1,68.36322869955157,True
129,130,2,,526.4515987613836,"LINESTRING (-73.993365 40.747215, -73.995657 40.744081)",,2,66.3,True
129,130,3,,526.4515987613836,"LINESTRING (-73.993365 40.747215, -73.995657 40.744081)",,3,75.0,True
129,128,0,Broadway - 7Av,530.4186300794906,"LINESTRING (-73.993365 40.747215, -73.991057 40.750373)",True,,,
129,128,1,,530.4186300794906,"LINESTRING (-73.993365 40.747215, -73.991057 40.750373)",,2,74.0,True
129,128,2,,530.4186300794906,"LINESTRING (-73.993365 40.747215, -73.991057 40.750373)",,1,72.96261682242991,True
129,121,0,,6381.53770617206,"LINESTRING (-73.993365 40.747215, -73.976218 40.788644)",,1,24.0,True
R24,R25,0,Broadway,592.2275562120537,"LINESTRING (-74.006978 40.713282, -74.011029 40.710668)",True,,,
R24,R23,0,Broadway,1084.7694207200382,"LINESTRING (-74.006978 40.713282, -74.001775 40.719527)",True,,,
F07,G08,0,Queens Blvd,940.9667483289747,"LINESTRING (-73.837324 40.718331, -73.844521 40.721691)",True,,,
F07,F06,0,Queens Blvd,905.9529287038897,"LINESTRING (-73.837324 40.718331, -73.831008 40.714441)",True,,,
N05,N06,0,Sea Beach,767.1139817568995,"LINESTRING (-73.990414 40.620671, -73.985026 40.61741)",True,,,
N05,N04,0,Sea Beach,900.7253485682389,"LINESTRING (-73.990414 40.620671, -73.996353 40.624842)",True,,,
R16,R17,0,Broadway - Brighton,761.8949647848648,"LINESTRING (-73.986754 40.754672, -73.98795 40.749567)",True,,,
R16,R15,0,Broadway - Brighton,821.7421523563611,"LINESTRING (-73.986754 40.754672, -73.984139 40.759901)",True,,,
112,113,0,Broadway - 7Av,1095.1397557829587,"LINESTRING (-73.940133 40.840556, -73.94489 40.834041)",True,,,
112,113,1,,1095.1397557829587,"LINESTRING (-73.940133 40.840556, -73.94489 40.834041)",,1,120.76442307692308,True
112,111,0,Broadway - 7Av,1504.5678259273757,"LINESTRING (-73.940133 40.840556, -73.933596 40.849505)",True,,,
112,111,1,,1504.5678259273757,"LINESTRING (-73.940133 40.840556, -73.933596 40.849505)",,1,114.54545454545455,True
112,109,0,,3358.8620917441935,"LINESTRING (-73.940133 40.840556, -73.925536 40.860531)",,1,399.5,True
112,114,0,,2354.1292114442394,"LINESTRING (-73.940133 40.840556, -73.95036 40.826551)",,1,53.0,True
302,224,0,Lenox - White Plains Rd,1040.8117997923061,"LINESTRING (-73.936245 40.820421, -73.94077 40.814229)",True,,,
302,224,1,,1040.8117997923061,"LINESTRING (-73.936245 40.820421, -73.94077 40.814229)",,3,124.27027027027027,True
302,301,0,Lenox - White Plains Rd,509.4472613567348,"LINESTRING (-73.936245 40.820421, -73.93647 40.82388)",True,,,
302,301,1,,509.4472613567348,"LINESTRING (-73.936245 40.820421, -73.93647 40.82388)",,3,145.925,True
A06,A07,0,8th Av - Fulton St,662.1876248414471,"LINESTRING (-73.937969 40.851695, -73.939704 40.847391)",True,,,
A06,A05,0,8th Av - Fulton St,1157.9220791491782,"LINESTRING (-73.937969 40.851695, -73.93418 40.859022)",True,,,
107,108,0,Broadway - 7Av,812.1576029739664,"LINESTRING (-73.915279 40.869444, -73.918822 40.864621)",True,,,
107,108,1,,812.1576029739664,"LINESTRING (-73.915279 40.869444, -73.918822 40.864621)",,1,76.15865384615384,True
107,106,0,Broadway - 7Av,967.0873862535292,"LINESTRING (-73.915279 40.869444, -73.909831 40.874561)",True,,,
107,106,1,,967.0873862535292,"LINESTRING (-73.915279 40.869444, -73.909831 40.874561)",,1,94.89756097560975,True
J30,J31,0,Jamaica,909.7661695058612,"LINESTRING (-73.92227 40.68963, -73.928814 40.693342)",True,,,
J30,J29,0,Jamaica,795.7522982722487,"LINESTRING (-73.92227 40.68963, -73.916559 40.68637)",True,,,
715,716,0,Flushing,786.0931362604497,"LINESTRING (-73.924016 40.743781, -73.930997 40.744587)",True,,,
715,716,1,,786.0931362604497,"LINESTRING (-73.924016 40.743781, -73.930997 40.744587)",,7,89.36,True
715,714,0,Flushing,628.5494945088716,"LINESTRING (-73.924016 40.743781, -73.918435 40.743132)",True,,,
715,714,1,,628.5494945088716,"LINESTRING (-73.924016 40.743781, -73.918435 40.743132)",,7,54.93518518518518,True
715,714,2,,628.5494945088716,"LINESTRING (-73.924016 40.743781, -73.918435 40.743132)",,7X,53.28,True
715,718,0,,2060.3861426958215,"LINESTRING (-73.924016 40.743781, -73.940202 40.750582)",,7,70.13793103448276,True
715,719,0,,2412.8075255964054,"LINESTRING (-73.924016 40.743781, -73.945264 40.747023)",,7,163.30357142857142,True
715,719,1,,2412.8075255964054,"LINESTRING (-73.924016 40.743781, -73.945264 40.747023)",,7X,164.78125,True
715,713,0,,1277.6452536773108,"LINESTRING (-73.924016 40.743781, -73.912549 40.744149)",,7,95.5,True
715,713,1,,1277.6452536773108,"LINESTRING (-73.924016 40.743781, -73.912549 40.744149)",,7X,92.25,True
F20,F21,0,6th Av - Culver,976.0086161253349,"LINESTRING (-73.990862 40.686145, -73.995048 40.680303)",True,,,
F20,F18,0,6th Av - Culver,2285.5786321898927,"LINESTRING (-73.990862 40.686145, -73.986751 40.701397)",True,,,
A48,A49,0,8th Av - Fulton St,1109.705298686363,"LINESTRING (-73.930729 40.679364, -73.920786 40.678822)",True,,,
A48,A47,0,8th Av - Fulton St,1130.515571290363,"LINESTRING (-73.930729 40.679364, -73.940858 40.679921)",True,,,
Q03,Q04,0,Second Av,1527.1056039862503,"LINESTRING (-73.958424 40.768799, -73.951787 40.777891)",True,,,
231,232,0,Clark St,712.0336735561372,"LINESTRING (-73.993086 40.697466, -73.989998 40.693219)",True,,,
231,232,1,,712.0336735561372,"LINESTRING (-73.993086 40.697466, -73.989998 40.693219)",,3,88.34868421052632,True
231,232,2,,712.0336735561372,"LINESTRING (-73.993086 40.697466, -73.989998 40.693219)",,2,90.7741935483871,True
231,232,3,,712.0336735561372,"LINESTRING (-73.993086 40.697466, -73.989998 40.693219)",,5,89.5,True
231,230,0,Clark St,2250.5302109711515,"LINESTRING (-73.993086 40.697466, -74.0091 40.706821)",True,,,
231,230,1,,2250.5302109711515,"LINESTRING (-73.993086 40.697466, -74.0091 40.706821)",,2,189.71812080536913,True
231,230,2,,2250.5302109711515,"LINESTRING (-73.993086 40.697466, -74.0091 40.706821)",,3,190.38888888888889,True
231,235,0,,2578.64303989416,"LINESTRING (-73.993086 40.697466, -73.977666 40.684359)",,5,83.0,True
A22,A24,0,8th Av - Fulton St,1225.6869424211206,"LINESTRING (-73.97641 40.775594, -73.981736 40.768296)",True,,,
A22,A21,0,8th Av - Fulton St,981.0350096095691,"LINESTRING (-73.97641 40.775594, -73.972143 40.781433)",True,,,
A54,A53,0,8th Av - Fulton St,1089.6754826907406,"LINESTRING (-73.88075 40.67413, -73.890358 40.67271)",True,,,
A54,A52,0,8th Av - Fulton St,1759.6647052116434,"LINESTRING (-73.88075 40.67413, -73.896548 40.674542)",True,,,
R41,R42,0,4th Av,1120.0005156819109,"LINESTRING (-74.017881 40.641362, -74.023377 40.634967)",True,,,
R41,R40,0,4th Av,692.2179495981477,"LINESTRING (-74.017881 40.641362, -74.014034 40.645069)",True,,,
A38,A40,0,8th Av - Fulton St,2488.4082980809503,"LINESTRING (-74.007691 40.710197, -73.990531 40.699337)",True,,,
A38,E01,0,8th Av - Fulton St,420.487910439552,"LINESTRING (-74.007691 40.710197, -74.009781 40.712582)",True,,,
602,603,0,Pelham,602.1692960521002,"LINESTRING (-73.832569 40.84681, -73.836322 40.843863)",True,,,
602,603,1,,602.1692960521002,"LINESTRING (-73.832569 40.84681, -73.836322 40.843863)",,6,83.57798165137615,True
602,603,2,,602.1692960521002,"LINESTRING (-73.832569 40.84681, -73.836322 40.843863)",,6X,76.48076923076923,True
602,601,0,Pelham,967.9982873772809,"LINESTRING (-73.832569 40.84681, -73.828121 40.852462)",True,,,
602,601,1,,967.9982873772809,"LINESTRING (-73.832569 40.84681, -73.828121 40.852462)",,6,174.475,True
602,601,2,,967.9982873772809,"LINESTRING (-73.832569 40.84681, -73.828121 40.852462)",,6X,175.35714285714286,True
D11,D12,0,Concourse,1435.9309879600576,"LINESTRING (-73.925651 40.827905, -73.938209 40.830135)",True,,,
D11,D10,0,Concourse,1178.6326672209082,"LINESTRING (-73.925651 40.827905, -73.91844 40.833771)",True,,,
627,628,0,Lexington Av,920.0422969431675,"LINESTRING (-73.959874 40.77362, -73.96387 40.768141)",True,,,
627,628,1,,920.0422969431675,"LINESTRING (-73.959874 40.77362, -73.96387 40.768141)",,6,104.53658536585365,True
627,628,2,,920.0422969431675,"LINESTRING (-73.959874 40.77362, -73.96387 40.768141)",,6X,98.13207547169812,True
627,628,3,,920.0422969431675,"LINESTRING (-73.959874 40.77362, -73.96387 40.768141)",,4,91.83333333333333,True
627,626,0,Lexington Av,986.2277707477426,"LINESTRING (-73.959874 40.77362, -73.955589 40.779492)",True,,,
627,626,1,,986.2277707477426,"LINESTRING (-73.959874 40.77362, -73.955589 40.779492)",,4,100.26315789473684,True
627,626,2,,986.2277707477426,"LINESTRING (-73.959874 40.77362, -73.955589 40.779492)",,6,105.88372093023256,True
627,626,3,,986.2277707477426,"LINESTRING (-73.959874 40.77362, -73.955589 40.779492)",,6X,111.45,True
627,622,0,,4201.214141417385,"LINESTRING (-73.959874 40.77362, -73.941617 40.798629)",,6,47.0,True
D32,D33,0,Broadway - Brighton,627.5134538210392,"LINESTRING (-73.961639 40.62927, -73.960803 40.625039)",True,,,
D32,D31,0,Broadway - Brighton,862.1529882319415,"LINESTRING (-73.961639 40.62927, -73.962793 40.635082)",True,,,
139,142,0,Broadway - 7Av,799.6754460187199,"LINESTRING (-74.013783 40.707513, -74.013664 40.702068)",True,,,
139,142,1,,799.6754460187199,"LINESTRING (-74.013783 40.707513, -74.013664 40.702068)",,1,118.78070175438596,True
139,138,0,Broadway - 7Av,659.0734928056581,"LINESTRING (-74.013783 40.707513, -74.012188 40.711835)",True,,,
139,138,1,,659.0734928056581,"LINESTRING (-74.013783 40.707513, -74.012188 40.711835)",,1,83.55868544600939,True
R08,R09,0,Astoria,895.2457641068123,"LINESTRING (-73.932755 40.752882, -73.940202 40.750582)",True,,,
R08,R06,0,Astoria,676.3867006473992,"LINESTRING (-73.932755 40.752882, -73.929575 40.756804)",True,,,
D21,F14,0,6th Av - Culver,751.0157095376504,"LINESTRING (-73.996204 40.725297, -73.989938 40.723402)",True,,,
D21,D20,0,6th Av - Culver,1139.2765765186155,"LINESTRING (-73.996204 40.725297, -74.000495 40.732338)",True,,,
S20,S19,0,Staten Island,1782.1581178924116,"LINESTRING (-74.136907 40.5564, -74.151399 40.551231)",True,,,
S20,S21,0,Staten Island,1737.1767520209592,"LINESTRING (-74.136907 40.5564, -74.12632 40.56511)",True,,,
J12,J13,0,Jamaica,1003.4734282662457,"LINESTRING (-73.828294 40.700492, -73.836345 40.697418)",True,,,
134,135,0,Broadway - 7Av,799.2103699282646,"LINESTRING (-74.005367 40.728251, -74.006277 40.722854)",True,,,
134,135,1,,799.2103699282646,"LINESTRING (-74.005367 40.728251, -74.006277 40.722854)",,1,84.14601769911505,True
134,135,2,,799.2103699282646,"LINESTRING (-74.005367 40.728251, -74.006277 40.722854)",,2,82.15,True
134,135,3,,799.2103699282646,"LINESTRING (-74.005367 40.728251, -74.006277 40.722854)",,3,85.0,True
134,133,0,Broadway - 7Av,807.5188412828485,"LINESTRING (-74.005367 40.728251, -74.002906 40.733422)",True,,,
134,133,1,,807.5188412828485,"LINESTRING (-74.005367 40.728251, -74.002906 40.733422)",,2,82.93333333333334,True
134,133,2,,807.5188412828485,"LINESTRING (-74.005367 40.728251, -74.002906 40.733422)",,1,85.69953051643192,True
134,137,0,,1925.6717216476306,"LINESTRING (-74.005367 40.728251, -74.009266 40.715478)",,1,179.0,True
F02,F03,0,Queens Blvd,1163.349241141848,"LINESTRING (-73.793604 40.71047, -73.803326 40.707564)",True,,,
F02,F01,0,Queens Blvd,1135.3840358303478,"LINESTRING (-73.793604 40.71047, -73.783817 40.712646)",True,,,
F30,F31,0,6th Av - Culver,656.9589711017009,"LINESTRING (-73.976971 40.629755, -73.976127 40.625322)",True,,,
F30,F29,0,6th Av - Culver,943.0340913567072,"LINESTRING (-73.976971 40.629755, -73.978172 40.636119)",True,,,
501,502,0,Dyre Av,1661.041824786199,"LINESTRING (-73.830834 40.8883, -73.838591 40.878663)",True,,,
G31,G32,0,Crosstown,863.1149719680269,"LINESTRING (-73.950234 40.700377, -73.949046 40.694568)",True,,,
G31,G30,0,Crosstown,839.2344278436116,"LINESTRING (-73.950234 40.700377, -73.950308 40.706092)",True,,,
B16,B17,0,West End,1033.0110635545966,"LINESTRING (-73.996895 40.626472, -73.998864 40.619589)",True,,,
B16,B15,0,West End,744.8999061330467,"LINESTRING (-73.996895 40.626472, -73.995476 40.631435)",True,,,
251,250,0,Eastern Pky,1303.5271215723435,"LINESTRING (-73.92261 40.664717, -73.932942 40.668897)",True,,,
251,250,1,,1303.5271215723435,"LINESTRING (-73.92261 40.664717, -73.932942 40.668897)",,3,114.77083333333333,True
251,250,2,,1303.5271215723435,"LINESTRING (-73.92261 40.664717, -73.932942 40.668897)",,5,124.0,True
251,250,3,,1303.5271215723435,"LINESTRING (-73.92261 40.664717, -73.932942 40.668897)",,4,131.0,True
251,250,4,,1303.5271215723435,"LINESTRING (-73.92261 40.664717, -73.932942 40.668897)",,2,108.0,True
251,252,0,Eastern Pky,847.7198572766923,"LINESTRING (-73.92261 40.664717, -73.916327 40.661453)",True,,,
251,252,1,,847.7198572766923,"LINESTRING (-73.92261 40.664717, -73.916327 40.661453)",,3,108.94039735099338,True
251,252,2,,847.7198572766923,"LINESTRING (-73.92261 40.664717, -73.916327 40.661453)",,2,112.0,True
251,252,3,,847.7198572766923,"LINESTRING (-73.92261 40.664717, -73.916327 40.661453)",,4,116.75,True
251,253,0,,1553.988131671322,"LINESTRING (-73.92261 40.664717, -73.908946 40.662549)",,3,177.0,True
251,255,0,,3085.24315661442,"LINESTRING (-73.92261 40.664717, -73.894895 40.664635)",,3,323.0,True
214,215,0,Lenox - White Plains Rd,963.1338807995247,"LINESTRING (-73.880049 40.840295, -73.887734 40.837288)",True,,,
214,215,1,,963.1338807995247,"LINESTRING (-73.880049 40.840295, -73.887734 40.837288)",,2,114.6774193548387,True
214,215,2,,963.1338807995247,"LINESTRING (-73.880049 40.840295, -73.887734 40.837288)",,5,115.97,True
214,213,0,Lenox - White Plains Rd,767.3301891806414,"LINESTRING (-73.880049 40.840295, -73.873488 40.841894)",True,,,
214,213,1,,767.3301891806414,"LINESTRING (-73.880049 40.840295, -73.873488 40.841894)",,2,111.17241379310344,True
214,213,2,,767.3301891806414,"LINESTRING (-73.880049 40.840295, -73.873488 40.841894)",,5,114.28571428571429,True
214,212,0,,1800.5142821536044,"LINESTRING (-73.880049 40.840295, -73.868457 40.848828)",,2,260.0,True
214,210,0,,3964.3954007134353,"LINESTRING (-73.880049 40.840295, -73.867352 40.865462)",,2,105.0,True
624,625,0,Lexington Av,827.5671703191418,"LINESTRING (-73.947478 40.7906, -73.95107 40.785672)",True,,,
624,625,1,,827.5671703191418,"LINESTRING (-73.947478 40.7906, -73.95107 40.785672)",,6,94.37378640776699,True
624,625,2,,827.5671703191418,"LINESTRING (-73.947478 40.7906, -73.95107 40.785672)",,6X,96.11538461538461,True
624,625,3,,827.5671703191418,"LINESTRING (-73.947478 40.7906, -73.95107 40.785672)",,4,94.83333333333333,True
624,623,0,Lexington Av,742.6359175972306,"LINESTRING (-73.947478 40.7906, -73.94425 40.79502)",True,,,
624,623,1,,742.6359175972306,"LINESTRING (-73.947478 40.7906, -73.94425 40.79502)",,4,80.57894736842105,True
624,623,2,,742.6359175972306,"LINESTRING (-73.947478 40.7906, -73.94425 40.79502)",,6,82.02803738317758,True
624,623,3,,742.6359175972306,"LINESTRING (-73.947478 40.7906, -73.94425 40.79502)",,6X,83.65,True
624,628,0,,3772.3645275313465,"LINESTRING (-73.947478 40.7906, -73.96387 40.768141)",,6,1.0,True
H10,H08,0,Rockaway,1937.459293655249,"LINESTRING (-73.761353 40.600066, -73.776013 40.592943)",True,,,
H10,H07,0,Rockaway,3227.83408513156,"LINESTRING (-73.761353 40.600066, -73.788522 40.592374)",True,,,
M22,M23,0,Jamaica,690.8188100551772,"LINESTRING (-74.007582 40.710374, -74.011056 40.706476)",True,,,
M22,M21,0,Jamaica,627.8132020621191,"LINESTRING (-74.007582 40.710374, -74.003401 40.713243)",True,,,
R21,R22,0,Broadway - Brighton,1046.639308964506,"LINESTRING (-73.992629 40.730328, -73.997702 40.724329)",True,,,
R21,R20,0,Broadway - Brighton,826.9338673571,"LINESTRING (-73.992629 40.730328, -73.990568 40.735736)",True,,,
L12,L13,0,Canarsie,621.6211628959522,"LINESTRING (-73.94067 40.711926, -73.93985 40.707739)",True,,,
L12,L11,0,Canarsie,540.4015906232399,"LINESTRING (-73.94067 40.711926, -73.944053 40.714565)",True,,,
902,901,0,Lexington - Shuttle,915.0104467680158,"LINESTRING (-73.986229 40.755983, -73.979189 40.752769)",True,,,
S15,S14,0,Staten Island,2030.8862764462885,"LINESTRING (-74.200064 40.525507, -74.217847 40.52241)",True,,,
S15,S16,0,Staten Island,1509.3918905943112,"LINESTRING (-74.200064 40.525507, -74.191794 40.533674)",True,,,
256,255,0,Eastern Pky,623.8024645660427,"LINESTRING (-73.889395 40.665449, -73.894895 40.664635)",True,,,
256,255,1,,623.8024645660427,"LINESTRING (-73.889395 40.665449, -73.894895 40.664635)",,3,79.11111111111111,True
256,255,2,,623.8024645660427,"LINESTRING (-73.889395 40.665449, -73.894895 40.664635)",,5,79.5,True
256,255,3,,623.8024645660427,"LINESTRING (-73.889395 40.665449, -73.894895 40.664635)",,4,67.0,True
256,255,4,,623.8024645660427,"LINESTRING (-73.889395 40.665449, -73.894895 40.664635)",,2,83.6,True
256,257,0,Eastern Pky,602.9121274753044,"LINESTRING (-73.889395 40.665449, -73.884079 40.666235)",True,,,
256,257,1,,602.9121274753044,"LINESTRING (-73.889395 40.665449, -73.884079 40.666235)",,3,97.6158940397351,True
256,257,2,,602.9121274753044,"LINESTRING (-73.889395 40.665449, -73.884079 40.666235)",,2,114.66666666666667,True
256,257,3,,602.9121274753044,"LINESTRING (-73.889395 40.665449, -73.884079 40.666235)",,4,76.5,True
701,702,0,Flushing,1883.873150854119,"LINESTRING (-73.83003 40.7596, -73.845625 40.754622)",True,,,
701,709,0,,6226.557487554283,"LINESTRING (-73.83003 40.7596, -73.883697 40.747659)",,7,73.0,True
S04,S03,0,Franklin Shuttle,674.6382680963457,"LINESTRING (-73.959245 40.670343, -73.957624 40.674772)",True,,,
D05,D06,0,Concourse,835.0968360862878,"LINESTRING (-73.897749 40.861296, -73.900741 40.856093)",True,,,
D05,D04,0,Concourse,960.3630213314354,"LINESTRING (-73.897749 40.861296, -73.893509 40.866978)",True,,,
236,235,0,Eastern Pky,591.8093262643115,"LINESTRING (-73.975098 40.680829, -73.977666 40.684359)",True,,,
236,235,1,,591.8093262643115,"LINESTRING (-73.975098 40.680829, -73.977666 40.684359)",,2,55.758389261744966,True
236,235,2,,591.8093262643115,"LINESTRING (-73.975098 40.680829, -73.977666 40.684359)",,3,51.63194444444444,True
236,235,3,,591.8093262643115,"LINESTRING (-73.975098 40.680829, -73.977666 40.684359)",,4,61.5,True
236,237,0,Eastern Pky,936.8521717935414,"LINESTRING (-73.975098 40.680829, -73.971046 40.675235)",True,,,
236,237,1,,936.8521717935414,"LINESTRING (-73.975098 40.680829, -73.971046 40.675235)",,3,104.27631578947368,True
236,237,2,,936.8521717935414,"LINESTRING (-73.975098 40.680829, -73.971046 40.675235)",,2,104.21153846153847,True
236,237,3,,936.8521717935414,"LINESTRING (-73.975098 40.680829, -73.971046 40.675235)",,4,101.1875,True
236,237,4,,936.8521717935414,"LINESTRING (-73.975098 40.680829, -73.971046 40.675235)",,5,100.0,True
236,244,0,,5238.181998841061,"LINESTRING (-73.975098 40.680829, -73.949575 40.650843)",,2,92.0,True
236,234,0,,1243.4060586876628,"LINESTRING (-73.975098 40.680829, -73.980492 40.688246)",,2,4.0,True
M08,M09,0,Myrtle Av,823.2458651513381,"LINESTRING (-73.912385 40.69943, -73.919711 40.698664)",True,,,
M08,M06,0,Myrtle Av,711.859037532339,"LINESTRING (-73.912385 40.69943, -73.90774 40.702762)",True,,,
124,125,0,Broadway - 7Av,763.954688741989,"LINESTRING (-73.982209 40.77344, -73.981929 40.768247)",True,,,
124,125,1,,763.954688741989,"LINESTRING (-73.982209 40.77344, -73.981929 40.768247)",,1,84.83333333333333,True
124,125,2,,763.954688741989,"LINESTRING (-73.982209 40.77344, -73.981929 40.768247)",,2,80.33333333333333,True
124,123,0,Broadway - 7Av,737.3970979694766,"LINESTRING (-73.982209 40.77344, -73.98197 40.778453)",True,,,
124,123,1,,737.3970979694766,"LINESTRING (-73.982209 40.77344, -73.98197 40.778453)",,2,82.26666666666667,True
124,123,2,,737.3970979694766,"LINESTRING (-73.982209 40.77344, -73.98197 40.778453)",,1,85.97209302325581,True
124,133,0,,6315.929924711315,"LINESTRING (-73.982209 40.77344, -74.002906 40.733422)",,1,3.0,True
F24,F25,0,6th Av - Culver,871.4221018386593,"LINESTRING (-73.980305 40.666271, -73.979493 40.660365)",True,,,
F24,F23,0,6th Av - Culver,1207.0925614359817,"LINESTRING (-73.980305 40.666271, -73.989779 40.670272)",True,,,
617,618,0,Pelham,662.8106528570484,"LINESTRING (-73.914042 40.805368, -73.91924 40.807566)",True,,,
617,618,1,,662.8106528570484,"LINESTRING (-73.914042 40.805368, -73.91924 40.807566)",,6,78.14012738853503,True
617,616,0,Pelham,864.9185911780429,"LINESTRING (-73.914042 40.805368, -73.907657 40.808719)",True,,,
617,616,1,,864.9185911780429,"LINESTRING (-73.914042 40.805368, -73.907657 40.808719)",,6,114.38823529411765,True
617,616,2,,864.9185911780429,"LINESTRING (-73.914042 40.805368, -73.907657 40.808719)",,6X,113.0,True
617,621,0,,2628.0294565030417,"LINESTRING (-73.914042 40.805368, -73.937594 40.804138)",,6,101.0,True
A18,A19,0,8th Av - Fulton St,747.2599129435397,"LINESTRING (-73.961454 40.796092, -73.964696 40.791642)",True,,,
A18,A17,0,8th Av - Fulton St,757.8953408784218,"LINESTRING (-73.961454 40.796092, -73.958161 40.800603)",True,,,
H03,H04,0,Rockaway,7807.400373454671,"LINESTRING (-73.830301 40.660476, -73.815925 40.608382)",True,,,
H03,H02,0,Rockaway,1212.9110742180696,"LINESTRING (-73.830301 40.660476, -73.834058 40.668234)",True,,,
244,245,0,Nostrand,845.6849450019442,"LINESTRING (-73.949575 40.650843, -73.948959 40.645098)",True,,,
244,245,1,,845.6849450019442,"LINESTRING (-73.949575 40.650843, -73.948959 40.645098)",,2,95.3955223880597,True
244,245,2,,845.6849450019442,"LINESTRING (-73.949575 40.650843, -73.948959 40.645098)",,5,98.68518518518519,True
244,243,0,Nostrand,855.1988525539748,"LINESTRING (-73.949575 40.650843, -73.9502 40.656652)",True,,,
244,243,1,,855.1988525539748,"LINESTRING (-73.949575 40.650843, -73.9502 40.656652)",,2,88.60416666666667,True
244,243,2,,855.1988525539748,"LINESTRING (-73.949575 40.650843, -73.9502 40.656652)",,5,92.72222222222223,True
244,247,0,,2650.4742722891287,"LINESTRING (-73.949575 40.650843, -73.947642 40.632836)",,5,963.0,True
244,247,1,,2650.4742722891287,"LINESTRING (-73.949575 40.650843, -73.947642 40.632836)",,2,208.0,True
244,241,0,,2503.557608395212,"LINESTRING (-73.949575 40.650843, -73.950683 40.667883)",,5,60.0,True
244,237,0,,4304.200363608193,"LINESTRING (-73.949575 40.650843, -73.971046 40.675235)",,2,7.0,True
710,711,0,Flushing,562.8699465938829,"LINESTRING (-73.891394 40.746848, -73.896403 40.746325)",True,,,
710,709,0,Flushing,865.0732102454948,"LINESTRING (-73.891394 40.746848, -73.883697 40.747659)",True,,,
710,709,1,,865.0732102454948,"LINESTRING (-73.891394 40.746848, -73.883697 40.747659)",,7,68.22388059701493,True
710,708,0,,1661.3033917089406,"LINESTRING (-73.891394 40.746848, -73.876613 40.748408)",,7,76.50617283950618,True
710,712,0,,1302.5463761785988,"LINESTRING (-73.891394 40.746848, -73.902984 40.74563)",,7,186.19724770642202,True
710,714,0,,3059.307802245609,"LINESTRING (-73.891394 40.746848, -73.918435 40.743132)",,7,313.5,True
710,707,0,,2457.5114854319795,"LINESTRING (-73.891394 40.746848, -73.869527 40.749145)",,7X,181.29166666666666,True
710,702,0,,5221.476001522065,"LINESTRING (-73.891394 40.746848, -73.845625 40.754622)",,7X,147.84375,True
J24,J27,0,Jamaica,748.7032226867798,"LINESTRING (-73.898654 40.676992, -73.904512 40.679498)",True,,,
J24,J23,0,Jamaica,790.1086221004914,"LINESTRING (-73.898654 40.676992, -73.891688 40.678024)",True,,,
L21,L22,0,Canarsie,624.6114055238927,"LINESTRING (-73.905249 40.682829, -73.90324 40.678856)",True,,,
L21,L20,0,Canarsie,881.502561774424,"LINESTRING (-73.905249 40.682829, -73.904046 40.688764)",True,,,
R32,R33,0,4th Av,1111.5725482506584,"LINESTRING (-73.98311 40.677316, -73.988302 40.670847)",True,,,
R32,R31,0,4th Av,1047.84325615805,"LINESTRING (-73.98311 40.677316, -73.97881 40.683666)",True,,,
631,632,0,Lexington Av,1019.3065258923133,"LINESTRING (-73.976848 40.751776, -73.982076 40.746081)",True,,,
631,632,1,,1019.3065258923133,"LINESTRING (-73.976848 40.751776, -73.982076 40.746081)",,6,146.11682242990653,True
631,632,2,,1019.3065258923133,"LINESTRING (-73.976848 40.751776, -73.982076 40.746081)",,4,162.9,True
631,632,3,,1019.3065258923133,"LINESTRING (-73.976848 40.751776, -73.982076 40.746081)",,6X,148.73584905660377,True
631,630,0,Lexington Av,956.3857242376977,"LINESTRING (-73.976848 40.751776, -73.97192 40.757107)",True,,,
631,630,1,,956.3857242376977,"LINESTRING (-73.976848 40.751776, -73.97192 40.757107)",,4,149.89473684210526,True
631,630,2,,956.3857242376977,"LINESTRING (-73.976848 40.751776, -73.97192 40.757107)",,6,134.08837209302325,True
631,630,3,,956.3857242376977,"LINESTRING (-73.976848 40.751776, -73.97192 40.757107)",,6X,140.225,True
631,635,0,,2905.5735655151916,"LINESTRING (-73.976848 40.751776, -73.989951 40.734673)",,4,252.84076433121018,True
631,635,1,,2905.5735655151916,"LINESTRING (-73.976848 40.751776, -73.989951 40.734673)",,5,256.36641221374043,True
631,635,2,,2905.5735655151916,"LINESTRING (-73.976848 40.751776, -73.989951 40.734673)",,6,161.5,True
631,635,3,,2905.5735655151916,"LINESTRING (-73.976848 40.751776, -73.989951 40.734673)",,6X,719.3333333333334,True
631,635,4,,2905.5735655151916,"LINESTRING (-73.976848 40.751776, -73.989951 40.734673)",,2,768.6666666666666,True
631,629,0,,1863.653549362019,"LINESTRING (-73.976848 40.751776, -73.967967 40.762526)",,6,92.0,True
631,629,1,,1863.653549362019,"LINESTRING (-73.976848 40.751776, -73.967967 40.762526)",,4,162.05806451612904,True
631,629,2,,1863.653549362019,"LINESTRING (-73.976848 40.751776, -73.967967 40.762526)",,5,159.96969696969697,True
631,626,0,,4711.174407788251,"LINESTRING (-73.976848 40.751776, -73.955589 40.779492)",,6,210.0,True
J16,J17,0,Jamaica,810.185903641711,"LINESTRING (-73.86001 40.692435, -73.867139 40.691324)",True,,,
J16,J15,0,Jamaica,962.5074837584775,"LINESTRING (-73.86001 40.692435, -73.851576 40.693879)",True,,,
B08,B06,0,63rd St,1642.1840794808586,"LINESTRING (-73.966113 40.764629, -73.95326 40.759145)",True,,,
R27,R28,0,Broadway,2705.486963179197,"LINESTRING (-74.012994 40.703087, -73.991777 40.6941)",True,,,
R27,R26,0,Broadway,608.1447721430955,"LINESTRING (-74.012994 40.703087, -74.013342 40.70722)",True,,,
217,218,0,Lenox - White Plains Rd,494.5232251532556,"LINESTRING (-73.893064 40.824073, -73.896736 40.822181)",True,,,
217,218,1,,494.5232251532556,"LINESTRING (-73.893064 40.824073, -73.896736 40.822181)",,2,76.73548387096774,True
217,218,2,,494.5232251532556,"LINESTRING (-73.893064 40.824073, -73.896736 40.822181)",,5,76.3,True
217,216,0,Lenox - White Plains Rd,881.0853718322433,"LINESTRING (-73.893064 40.824073, -73.891865 40.829993)",True,,,
217,216,1,,881.0853718322433,"LINESTRING (-73.893064 40.824073, -73.891865 40.829993)",,2,107.70945945945945,True
217,216,2,,881.0853718322433,"LINESTRING (-73.893064 40.824073, -73.891865 40.829993)",,5,109.52747252747253,True
217,213,0,,3409.332531103093,"LINESTRING (-73.893064 40.824073, -73.873488 40.841894)",,2,45.0,True
L27,L28,0,Canarsie,1197.6775280681193,"LINESTRING (-73.899232 40.658733, -73.899485 40.650573)",True,,,
L27,L26,0,Canarsie,792.6416766134822,"LINESTRING (-73.899232 40.658733, -73.900571 40.664038)",True,,,
210,211,0,Lenox - White Plains Rd,1217.6176614770948,"LINESTRING (-73.867352 40.865462, -73.867615 40.857192)",True,,,
210,211,1,,1217.6176614770948,"LINESTRING (-73.867352 40.865462, -73.867615 40.857192)",,2,102.39354838709677,True
210,211,2,,1217.6176614770948,"LINESTRING (-73.867352 40.865462, -73.867615 40.857192)",,5,107.45454545454545,True
210,209,0,Lenox - White Plains Rd,867.8860899880644,"LINESTRING (-73.867352 40.865462, -73.867164 40.871356)",True,,,
210,209,1,,867.8860899880644,"LINESTRING (-73.867352 40.865462, -73.867164 40.871356)",,2,87.49324324324324,True
210,209,2,,867.8860899880644,"LINESTRING (-73.867352 40.865462, -73.867164 40.871356)",,5,90.0909090909091,True
210,213,0,,3535.202035649617,"LINESTRING (-73.867352 40.865462, -73.873488 40.841894)",,2,115.0,True
D16,D17,0,6th Av - Culver,754.3673984223735,"LINESTRING (-73.984569 40.754222, -73.987823 40.749719)",True,,,
D16,D15,0,6th Av - Culver,745.6718358778896,"LINESTRING (-73.984569 40.754222, -73.981329 40.758663)",True,,,
F36,F38,0,6th Av - Culver,949.746982899054,"LINESTRING (-73.973357 40.596063, -73.97425 40.58962)",True,,,
F36,F35,0,6th Av - Culver,1054.711854202131,"LINESTRING (-73.973357 40.596063, -73.972361 40.603217)",True,,,
416,415,0,Jerome Av,807.0760239228813,"LINESTRING (-73.929849 40.813224, -73.927351 40.818375)",True,,,
416,415,1,,807.0760239228813,"LINESTRING (-73.929849 40.813224, -73.927351 40.818375)",,4,103.30344827586207,True
416,621,0,,1590.3033094060795,"LINESTRING (-73.929849 40.813224, -73.937594 40.804138)",,4,136.33766233766235,True
416,621,1,,1590.3033094060795,"LINESTRING (-73.929849 40.813224, -73.937594 40.804138)",,5,144.82442748091603,True
416,222,0,,838.6622130897122,"LINESTRING (-73.929849 40.813224, -73.926718 40.81841)",,5,169.62121212121212,True
B20,B21,0,West End,631.5150066242123,"LINESTRING (-73.998168 40.604556, -73.993728 40.601875)",True,,,
B20,B19,0,West End,637.1820442542376,"LINESTRING (-73.998168 40.604556, -74.001736 40.607954)",True,,,
B13,B14,0,West End,684.8828894202702,"LINESTRING (-73.994304 40.640914, -73.994791 40.63626)",True,,,
B13,B12,0,West End,789.0058901635931,"LINESTRING (-73.994304 40.640914, -73.994324 40.646292)",True,,,
F25,F26,0,6th Av - Culver,1465.7820204738505,"LINESTRING (-73.979493 40.660365, -73.975776 40.650782)",True,,,
F25,F24,0,6th Av - Culver,871.4221018386593,"LINESTRING (-73.979493 40.660365, -73.980305 40.666271)",True,,,
138,139,0,Broadway - 7Av,659.0734928056581,"LINESTRING (-74.012188 40.711835, -74.013783 40.707513)",True,,,
138,139,1,,659.0734928056581,"LINESTRING (-74.012188 40.711835, -74.013783 40.707513)",,1,87.23245614035088,True
138,137,0,Broadway - 7Av,626.1428580072679,"LINESTRING (-74.012188 40.711835, -74.009266 40.715478)",True,,,
138,137,1,,626.1428580072679,"LINESTRING (-74.012188 40.711835, -74.009266 40.715478)",,1,82.2018779342723,True
D20,D21,0,6th Av - Culver,1139.2765765186155,"LINESTRING (-74.000495 40.732338, -73.996204 40.725297)",True,,,
D20,D19,0,6th Av - Culver,988.1276681698706,"LINESTRING (-74.000495 40.732338, -73.996209 40.738228)",True,,,
G26,G28,0,Crosstown,1047.9745988201641,"LINESTRING (-73.954449 40.731352, -73.951277 40.724635)",True,,,
G26,G24,0,Crosstown,1940.4009012465526,"LINESTRING (-73.954449 40.731352, -73.949724 40.744065)",True,,,
M18,M19,0,Jamaica,776.7378158591721,"LINESTRING (-73.987437 40.718315, -73.993915 40.72028)",True,,,
M18,M16,0,Jamaica,3613.045773187026,"LINESTRING (-73.987437 40.718315, -73.957757 40.708359)",True,,,
L06,L08,0,Canarsie,3407.935169264644,"LINESTRING (-73.981628 40.730953, -73.956872 40.717304)",True,,,
L06,L05,0,Canarsie,572.5806904549003,"LINESTRING (-73.981628 40.730953, -73.986122 40.732849)",True,,,
D40,D41,0,Broadway - Brighton,816.024474092399,"LINESTRING (-73.961376 40.577621, -73.968501 40.576312)",True,,,
D40,D42,0,Broadway - Brighton,1635.8664926890333,"LINESTRING (-73.961376 40.577621, -73.975939 40.576127)",True,,,
A27,A28,0,8th Av - Fulton St,842.656909558795,"LINESTRING (-73.989735 40.757308, -73.993391 40.752287)",True,,,
A27,A25,0,8th Av - Fulton St,864.1573810550325,"LINESTRING (-73.989735 40.757308, -73.985984 40.762456)",True,,,
R04,R05,0,Astoria,855.7931040343744,"LINESTRING (-73.921479 40.766779, -73.925508 40.76182)",True,,,
R04,R03,0,Astoria,652.1639350715593,"LINESTRING (-73.921479 40.766779, -73.917843 40.770258)",True,,,
402,405,0,Jerome Av,1110.5172203655657,"LINESTRING (-73.884655 40.87975, -73.890064 40.873412)",True,,,
402,405,1,,1110.5172203655657,"LINESTRING (-73.884655 40.87975, -73.890064 40.873412)",,4,110.01851851851852,True
402,401,0,Jerome Av,1135.2755022178837,"LINESTRING (-73.884655 40.87975, -73.878751 40.886037)",True,,,
402,401,1,,1135.2755022178837,"LINESTRING (-73.884655 40.87975, -73.878751 40.886037)",,4,160.50310559006212,True
H11,H07,0,Rockaway,4061.224617643018,"LINESTRING (-73.755405 40.603995, -73.788522 40.592374)",True,,,
H11,H06,0,Rockaway,5003.227998928418,"LINESTRING (-73.755405 40.603995, -73.796924 40.590927)",True,,,
L02,L03,0,Canarsie,770.9641343564485,"LINESTRING (-73.996786 40.737335, -73.99073 40.734789)",True,,,
L02,L01,0,Canarsie,737.8605663402989,"LINESTRING (-73.996786 40.737335, -74.002578 40.739777)",True,,,
601,602,0,Pelham,967.9982873772809,"LINESTRING (-73.828121 40.852462, -73.832569 40.84681)",True,,,
723,724,0,Flushing,746.9522595110968,"LINESTRING (-73.976041 40.751431, -73.981963 40.753821)",True,,,
723,724,1,,746.9522595110968,"LINESTRING (-73.976041 40.751431, -73.981963 40.753821)",,7,56.086580086580085,True
723,724,2,,746.9522595110968,"LINESTRING (-73.976041 40.751431, -73.981963 40.753821)",,7X,39.71052631578947,True
723,721,0,Flushing,2815.1468938037206,"LINESTRING (-73.976041 40.751431, -73.953581 40.742626)",True,,,
723,721,1,,2815.1468938037206,"LINESTRING (-73.976041 40.751431, -73.953581 40.742626)",,7,213.04020100502512,True
723,721,2,,2815.1468938037206,"LINESTRING (-73.976041 40.751431, -73.953581 40.742626)",,7X,228.4,True
723,726,0,,2953.071997684424,"LINESTRING (-73.976041 40.751431, -74.00191 40.755882)",,7X,165.0,True
723,726,1,,2953.071997684424,"LINESTRING (-73.976041 40.751431, -74.00191 40.755882)",,7,153.0,True
723,725,0,,1426.669330342708,"LINESTRING (-73.976041 40.751431, -73.987691 40.755477)",,7X,176.0,True
723,725,1,,1426.669330342708,"LINESTRING (-73.976041 40.751431, -73.987691 40.755477)",,7,154.33333333333334,True
723,720,0,,3309.230452817414,"LINESTRING (-73.976041 40.751431, -73.948916 40.742216)",,7,239.83333333333334,True
723,720,1,,3309.230452817414,"LINESTRING (-73.976041 40.751431, -73.948916 40.742216)",,7X,99.08333333333333,True
613,614,0,Pelham,967.9988281026613,"LINESTRING (-73.890549 40.820948, -73.896435 40.816104)",True,,,
613,614,1,,967.9988281026613,"LINESTRING (-73.890549 40.820948, -73.896435 40.816104)",,6,149.23417721518987,True
613,612,0,Pelham,947.9462583342976,"LINESTRING (-73.890549 40.820948, -73.886283 40.826525)",True,,,
613,612,1,,947.9462583342976,"LINESTRING (-73.890549 40.820948, -73.886283 40.826525)",,6,128.73417721518987,True
613,612,2,,947.9462583342976,"LINESTRING (-73.890549 40.820948, -73.886283 40.826525)",,6X,102.0,True
613,619,0,,4250.651732384526,"LINESTRING (-73.890549 40.820948, -73.926138 40.810476)",,6,594.75,True
613,619,1,,4250.651732384526,"LINESTRING (-73.890549 40.820948, -73.926138 40.810476)",,6X,447.63461538461536,True
613,608,0,,3770.6507591826417,"LINESTRING (-73.890549 40.820948, -73.860816 40.833226)",,6,479.4,True
613,608,1,,3770.6507591826417,"LINESTRING (-73.890549 40.820948, -73.860816 40.833226)",,6X,274.9512195121951,True
S27,S26,0,Staten Island,1021.264175648566,"LINESTRING (-74.084087 40.603117, -74.087368 40.596612)",True,,,
S27,S28,0,Staten Island,3019.6598039062224,"LINESTRING (-74.084087 40.603117, -74.071402 40.621319)",True,,,
J20,J19,0,Jamaica,999.9812549622759,"LINESTRING (-73.873785 40.683194, -73.87255 40.689941)",True,,,
J20,J17,0,Jamaica,1404.2279283518492,"LINESTRING (-73.873785 40.683194, -73.867139 40.691324)",True,,,
A64,A63,0,Liberty Av,724.9217853833472,"LINESTRING (-73.832163 40.684331, -73.837683 40.681711)",True,,,
A64,A65,0,Liberty Av,747.3941845036239,"LINESTRING (-73.832163 40.684331, -73.825798 40.685951)",True,,,
A07,A09,0,8th Av - Fulton St,981.9282387621864,"LINESTRING (-73.939704 40.847391, -73.939561 40.840719)",True,,,
A07,A06,0,8th Av - Fulton St,662.1876248414471,"LINESTRING (-73.939704 40.847391, -73.937969 40.851695)",True,,,
106,107,0,Broadway - 7Av,967.0873862535292,"LINESTRING (-73.909831 40.874561, -73.915279 40.869444)",True,,,
106,107,1,,967.0873862535292,"LINESTRING (-73.909831 40.874561, -73.915279 40.869444)",,1,91.98076923076923,True
106,104,0,Broadway - 7Av,842.1819980460244,"LINESTRING (-73.909831 40.874561, -73.904834 40.878856)",True,,,
106,104,1,,842.1819980460244,"LINESTRING (-73.909831 40.874561, -73.904834 40.878856)",,1,92.66829268292683,True
121,122,0,Broadway - 7Av,805.6602866195442,"LINESTRING (-73.976218 40.788644, -73.979917 40.783934)",True,,,
121,122,1,,805.6602866195442,"LINESTRING (-73.976218 40.788644, -73.979917 40.783934)",,1,81.75688073394495,True
121,122,2,,805.6602866195442,"LINESTRING (-73.976218 40.788644, -73.979917 40.783934)",,2,80.93333333333334,True
121,120,0,Broadway - 7Av,888.5781923103928,"LINESTRING (-73.976218 40.788644, -73.972323 40.793919)",True,,,
121,120,1,,888.5781923103928,"LINESTRING (-73.976218 40.788644, -73.972323 40.793919)",,2,89.53333333333333,True
121,120,2,,888.5781923103928,"LINESTRING (-73.976218 40.788644, -73.972323 40.793919)",,1,70.22535211267606,True
121,130,0,,6898.074241533468,"LINESTRING (-73.976218 40.788644, -73.995657 40.744081)",,1,36.0,True
121,118,0,,2482.9576818161654,"LINESTRING (-73.976218 40.788644, -73.966847 40.803967)",,1,15.0,True
206,207,0,Lenox - White Plains Rd,659.0714720749687,"LINESTRING (-73.860341 40.888022, -73.862633 40.883895)",True,,,
206,207,1,,659.0714720749687,"LINESTRING (-73.860341 40.888022, -73.862633 40.883895)",,2,75.2258064516129,True
206,207,2,,659.0714720749687,"LINESTRING (-73.860341 40.888022, -73.862633 40.883895)",,5,76.36363636363636,True
206,205,0,Lenox - White Plains Rd,825.6811612849231,"LINESTRING (-73.860341 40.888022, -73.857473 40.893193)",True,,,
206,205,1,,825.6811612849231,"LINESTRING (-73.860341 40.888022, -73.857473 40.893193)",,2,96.6241610738255,True
206,205,2,,825.6811612849231,"LINESTRING (-73.860341 40.888022, -73.857473 40.893193)",,5,90.0909090909091,True
G13,G14,0,Queens Blvd,1206.503243850211,"LINESTRING (-73.882017 40.742454, -73.891338 40.746644)",True,,,
G13,G12,0,Queens Blvd,960.919523514962,"LINESTRING (-73.882017 40.742454, -73.877223 40.737015)",True,,,
635,636,0,Lexington Av,689.8925562106587,"LINESTRING (-73.989951 40.734673, -73.99107 40.730054)",True,,,
635,636,1,,689.8925562106587,"LINESTRING (-73.989951 40.734673, -73.99107 40.730054)",,6,124.72429906542057,True
635,636,2,,689.8925562106587,"LINESTRING (-73.989951 40.734673, -73.99107 40.730054)",,4,131.0,True
635,636,3,,689.8925562106587,"LINESTRING (-73.989951 40.734673, -73.99107 40.730054)",,6X,126.53571428571429,True
635,634,0,Lexington Av,849.0314701308652,"LINESTRING (-73.989951 40.734673, -73.986599 40.739864)",True,,,
635,634,1,,849.0314701308652,"LINESTRING (-73.989951 40.734673, -73.986599 40.739864)",,4,118.63157894736842,True
635,634,2,,849.0314701308652,"LINESTRING (-73.989951 40.734673, -73.986599 40.739864)",,6,133.58064516129033,True
635,634,3,,849.0314701308652,"LINESTRING (-73.989951 40.734673, -73.986599 40.739864)",,6X,129.775,True
635,640,0,,3544.7753304851585,"LINESTRING (-73.989951 40.734673, -74.004131 40.713065)",,4,276.31847133757964,True
635,640,1,,3544.7753304851585,"LINESTRING (-73.989951 40.734673, -74.004131 40.713065)",,5,282.7480916030534,True
635,640,2,,3544.7753304851585,"LINESTRING (-73.989951 40.734673, -74.004131 40.713065)",,6,606.25,True
635,640,3,,3544.7753304851585,"LINESTRING (-73.989951 40.734673, -74.004131 40.713065)",,6X,663.0,True
635,640,4,,3544.7753304851585,"LINESTRING (-73.989951 40.734673, -74.004131 40.713065)",,2,591.0,True
635,637,0,,1389.2050231864864,"LINESTRING (-73.989951 40.734673, -73.994659 40.725915)",,6,223.6,True
635,631,0,,2905.5735655151916,"LINESTRING (-73.989951 40.734673, -73.976848 40.751776)",,4,234.8967741935484,True
635,631,1,,2905.5735655151916,"LINESTRING (-73.989951 40.734673, -73.976848 40.751776)",,5,236.83333333333334,True
635,632,0,,1891.503536545715,"LINESTRING (-73.989951 40.734673, -73.982076 40.746081)",,6,163.5,True
635,235,0,,7514.326645679136,"LINESTRING (-73.989951 40.734673, -73.977666 40.684359)",,2,415.5,True
D13,D12,0,Concourse,1033.0015811743158,"LINESTRING (-73.944216 40.824783, -73.938209 40.830135)",True,,,
D27,D28,0,Broadway - Brighton,718.4956257735861,"LINESTRING (-73.961495 40.655292, -73.962982 40.650527)",True,,,
D27,D26,0,Broadway - Brighton,931.4620631496371,"LINESTRING (-73.961495 40.655292, -73.962246 40.661614)",True,,,
248,239,0,Eastern Pky,862.0197720107215,"LINESTRING (-73.950466 40.669847, -73.958131 40.670682)",True,,,
248,239,1,,862.0197720107215,"LINESTRING (-73.950466 40.669847, -73.958131 40.670682)",,3,137.97916666666666,True
248,239,2,,862.0197720107215,"LINESTRING (-73.950466 40.669847, -73.958131 40.670682)",,4,114.75,True
248,239,3,,862.0197720107215,"LINESTRING (-73.950466 40.669847, -73.958131 40.670682)",,5,90.0,True
248,239,4,,862.0197720107215,"LINESTRING (-73.950466 40.669847, -73.958131 40.670682)",,2,150.4,True
248,249,0,Eastern Pky,926.8435558020432,"LINESTRING (-73.950466 40.669847, -73.942161 40.669399)",True,,,
248,249,1,,926.8435558020432,"LINESTRING (-73.950466 40.669847, -73.942161 40.669399)",,3,94.76315789473684,True
248,249,2,,926.8435558020432,"LINESTRING (-73.950466 40.669847, -73.942161 40.669399)",,4,121.625,True
248,249,3,,926.8435558020432,"LINESTRING (-73.950466 40.669847, -73.942161 40.669399)",,2,99.0,True
707,708,0,Flushing,796.2091522094946,"LINESTRING (-73.869527 40.749145, -73.876613 40.748408)",True,,,
707,708,1,,796.2091522094946,"LINESTRING (-73.869527 40.749145, -73.876613 40.748408)",,7,66.82608695652173,True
707,706,0,Flushing,767.3071008729536,"LINESTRING (-73.869527 40.749145, -73.8627 40.749865)",True,,,
707,706,1,,767.3071008729536,"LINESTRING (-73.869527 40.749145, -73.8627 40.749865)",,7,61.242553191489364,True
707,709,0,,1592.4383901172832,"LINESTRING (-73.869527 40.749145, -73.883697 40.747659)",,7,143.8846153846154,True
707,714,0,,5515.636948589833,"LINESTRING (-73.869527 40.749145, -73.918435 40.743132)",,7X,24.0,True
707,712,0,,3760.0578602479804,"LINESTRING (-73.869527 40.749145, -73.902984 40.74563)",,7X,174.17142857142858,True
707,705,0,,1624.978015440104,"LINESTRING (-73.869527 40.749145, -73.855334 40.75173)",,7,167.0,True
707,702,0,,2779.8189756367447,"LINESTRING (-73.869527 40.749145, -73.845625 40.754622)",,7X,118.9090909090909,True
707,701,0,,4657.493672318117,"LINESTRING (-73.869527 40.749145, -73.83003 40.7596)",,7X,133.4516129032258,True
R44,R45,0,4th Av,931.2654021036992,"LINESTRING (-74.028398 40.622687, -74.030876 40.616622)",True,,,
R44,R43,0,4th Av,1083.5563517256933,"LINESTRING (-74.028398 40.622687, -74.02551 40.629742)",True,,,
412,413,0,Jerome Av,779.2599506365264,"LINESTRING (-73.917791 40.840075, -73.9214 40.835537)",True,,,
412,413,1,,779.2599506365264,"LINESTRING (-73.917791 40.840075, -73.9214 40.835537)",,4,90.59883720930233,True
412,411,0,Jerome Av,728.6747858526753,"LINESTRING (-73.917791 40.840075, -73.914685 40.844434)",True,,,
412,411,1,,728.6747858526753,"LINESTRING (-73.917791 40.840075, -73.914685 40.844434)",,4,81.97546012269939,True
221,222,0,Lenox - White Plains Rd,1053.3894701996167,"LINESTRING (-73.917757 40.816109, -73.926718 40.81841)",True,,,
221,222,1,,1053.3894701996167,"LINESTRING (-73.917757 40.816109, -73.926718 40.81841)",,2,109.09032258064516,True
221,222,2,,1053.3894701996167,"LINESTRING (-73.917757 40.816109, -73.926718 40.81841)",,5,110.13076923076923,True
221,220,0,Lenox - White Plains Rd,1109.0457631604854,"LINESTRING (-73.917757 40.816109, -73.907807 40.81649)",True,,,
221,220,1,,1109.0457631604854,"LINESTRING (-73.917757 40.816109, -73.907807 40.81649)",,2,124.94630872483222,True
221,220,2,,1109.0457631604854,"LINESTRING (-73.917757 40.816109, -73.907807 40.81649)",,5,123.3956043956044,True
221,213,0,,6218.964919648251,"LINESTRING (-73.917757 40.816109, -73.873488 40.841894)",,5,604.0571428571428,True
221,505,0,,8503.724712048353,"LINESTRING (-73.917757 40.816109, -73.860495 40.854364)",,5,1018.5,True
221,212,0,,7300.113909231177,"LINESTRING (-73.917757 40.816109, -73.868457 40.848828)",,5,588.5,True
108,109,0,Broadway - 7Av,959.7052432414515,"LINESTRING (-73.918822 40.864621, -73.925536 40.860531)",True,,,
108,109,1,,959.7052432414515,"LINESTRING (-73.918822 40.864621, -73.925536 40.860531)",,1,80.23076923076923,True
108,107,0,Broadway - 7Av,812.1576029739664,"LINESTRING (-73.918822 40.864621, -73.915279 40.869444)",True,,,
108,107,1,,812.1576029739664,"LINESTRING (-73.918822 40.864621, -73.915279 40.869444)",,1,92.75598086124401,True
108,113,0,,5354.748330918054,"LINESTRING (-73.918822 40.864621, -73.94489 40.834041)",,1,98.0,True
125,126,0,Broadway - 7Av,981.6921531234968,"LINESTRING (-73.981929 40.768247, -73.983849 40.761728)",True,,,
125,126,1,,981.6921531234968,"LINESTRING (-73.981929 40.768247, -73.983849 40.761728)",,1,103.83408071748879,True
125,126,2,,981.6921531234968,"LINESTRING (-73.981929 40.768247, -73.983849 40.761728)",,2,96.73333333333333,True
125,124,0,Broadway - 7Av,763.954688741989,"LINESTRING (-73.981929 40.768247, -73.982209 40.77344)",True,,,
125,124,1,,763.954688741989,"LINESTRING (-73.981929 40.768247, -73.982209 40.77344)",,2,83.2,True
125,124,2,,763.954688741989,"LINESTRING (-73.981929 40.768247, -73.982209 40.77344)",,1,90.70560747663552,True
125,134,0,,6430.138979831147,"LINESTRING (-73.981929 40.768247, -74.005367 40.728251)",,1,6.0,True
H04,H12,0,Rockaway,2994.0285428902216,"LINESTRING (-73.815925 40.608382, -73.813641 40.588034)",True,,,
H04,H03,0,Rockaway,7807.400373454671,"LINESTRING (-73.815925 40.608382, -73.830301 40.660476)",True,,,
A44,A45,0,8th Av - Fulton St,1038.2339631325437,"LINESTRING (-73.965838 40.683263, -73.956848 40.68138)",True,,,
A44,A43,0,8th Av - Fulton St,994.831138024345,"LINESTRING (-73.965838 40.683263, -73.973946 40.686113)",True,,,
A49,A50,0,8th Av - Fulton St,986.604401808636,"LINESTRING (-73.920786 40.678822, -73.911946 40.67834)",True,,,
A49,A48,0,8th Av - Fulton St,1109.705298686363,"LINESTRING (-73.920786 40.678822, -73.930729 40.679364)",True,,,
711,712,0,Flushing,739.6768117403458,"LINESTRING (-73.896403 40.746325, -73.902984 40.74563)",True,,,
711,712,1,,739.6768117403458,"LINESTRING (-73.896403 40.746325, -73.902984 40.74563)",,7,11.0,True
711,710,0,Flushing,562.8699465938829,"LINESTRING (-73.896403 40.746325, -73.891394 40.746848)",True,,,
711,710,1,,562.8699465938829,"LINESTRING (-73.896403 40.746325, -73.891394 40.746848)",,7,81.68720379146919,True
711,710,2,,562.8699465938829,"LINESTRING (-73.896403 40.746325, -73.891394 40.746848)",,7X,184.6851851851852,True
711,708,0,,2224.1728877044898,"LINESTRING (-73.896403 40.746325, -73.876613 40.748408)",,7,191.0,True
711,707,0,,3020.3812774740177,"LINESTRING (-73.896403 40.746325, -73.869527 40.749145)",,7X,184.0,True
B23,B22,0,West End,1343.328812876634,"LINESTRING (-73.983765 40.588841, -73.986829 40.597704)",True,,,
G11,G12,0,Queens Blvd,1059.0994912142335,"LINESTRING (-73.869229 40.733106, -73.877223 40.737015)",True,,,
G11,G10,0,Queens Blvd,974.5916249798396,"LINESTRING (-73.869229 40.733106, -73.861604 40.729846)",True,,,
S09,S11,0,Staten Island,1232.015105205371,"LINESTRING (-74.251961 40.512764, -74.242096 40.516578)",True,,,
J27,J28,0,Jamaica,828.3635121621919,"LINESTRING (-73.904512 40.679498, -73.910456 40.682893)",True,,,
J27,J24,0,Jamaica,748.7032226867798,"LINESTRING (-73.904512 40.679498, -73.898654 40.676992)",True,,,
L17,L19,0,Canarsie,1039.1790271262857,"LINESTRING (-73.911586 40.699814, -73.904084 40.695602)",True,,,
L17,L16,0,Canarsie,961.2812074095425,"LINESTRING (-73.911586 40.699814, -73.918425 40.703811)",True,,,
R09,R11,0,Astoria,3495.96901756236,"LINESTRING (-73.940202 40.750582, -73.967258 40.76266)",True,,,
R09,R08,0,Astoria,895.2457641068123,"LINESTRING (-73.940202 40.750582, -73.932755 40.752882)",True,,,
M13,M14,0,Jamaica,802.3347722890987,"LINESTRING (-73.947408 40.703869, -73.953431 40.70687)",True,,,
M13,M12,0,Jamaica,877.4211298708999,"LINESTRING (-73.947408 40.703869, -73.941126 40.70026)",True,,,
S23,S22,0,Staten Island,1159.4852094453881,"LINESTRING (-74.109704 40.578965, -74.11721 40.57348)",True,,,
S23,S24,0,Staten Island,980.7870815021882,"LINESTRING (-74.109704 40.578965, -74.103338 40.583591)",True,,,
G06,G07,0,Queens - Archer,1035.6880909517968,"LINESTRING (-73.807969 40.700486, -73.816859 40.702566)",True,,,
G06,G05,0,Queens - Archer,801.6537905753881,"LINESTRING (-73.807969 40.700486, -73.801109 40.702147)",True,,,
716,718,0,Flushing,1351.2882030966175,"LINESTRING (-73.930997 40.744587, -73.940202 40.750582)",True,,,
716,718,1,,1351.2882030966175,"LINESTRING (-73.930997 40.744587, -73.940202 40.750582)",,7,179.37037037037038,True
716,718,2,,1351.2882030966175,"LINESTRING (-73.930997 40.744587, -73.940202 40.750582)",,7X,259.0,True
716,715,0,Flushing,786.0931362604497,"LINESTRING (-73.930997 40.744587, -73.924016 40.743781)",True,,,
716,715,1,,786.0931362604497,"LINESTRING (-73.930997 40.744587, -73.924016 40.743781)",,7,58.30075187969925,True
716,715,2,,786.0931362604497,"LINESTRING (-73.930997 40.744587, -73.924016 40.743781)",,7X,56.5,True
716,713,0,,2054.6301046872522,"LINESTRING (-73.930997 40.744587, -73.912549 40.744149)",,7,34.0,True
716,719,0,,1628.0293705607432,"LINESTRING (-73.930997 40.744587, -73.945264 40.747023)",,7,214.8494623655914,True
716,719,1,,1628.0293705607432,"LINESTRING (-73.930997 40.744587, -73.945264 40.747023)",,7X,185.5,True
716,714,0,,1414.642430698885,"LINESTRING (-73.930997 40.744587, -73.918435 40.743132)",,7,63.473684210526315,True
716,714,1,,1414.642430698885,"LINESTRING (-73.930997 40.744587, -73.918435 40.743132)",,7X,107.0,True
716,720,0,,2024.9258429565568,"LINESTRING (-73.930997 40.744587, -73.948916 40.742216)",,7,383.5,True
A17,A18,0,8th Av - Fulton St,757.8953408784218,"LINESTRING (-73.958161 40.800603, -73.961454 40.796092)",True,,,
A17,A16,0,8th Av - Fulton St,753.448459943392,"LINESTRING (-73.958161 40.800603, -73.954882 40.805085)",True,,,
F06,F07,0,Queens Blvd,905.9529287038897,"LINESTRING (-73.831008 40.714441, -73.837324 40.718331)",True,,,
F06,F05,0,Queens Blvd,1395.0916047026394,"LINESTRING (-73.831008 40.714441, -73.820574 40.709179)",True,,,
130,131,0,Broadway - 7Av,510.2734036375061,"LINESTRING (-73.995657 40.744081, -73.997871 40.74104)",True,,,
130,131,1,,510.2734036375061,"LINESTRING (-73.995657 40.744081, -73.997871 40.74104)",,1,70.53125,True
130,131,2,,510.2734036375061,"LINESTRING (-73.995657 40.744081, -73.997871 40.74104)",,2,68.9,True
130,131,3,,510.2734036375061,"LINESTRING (-73.995657 40.744081, -73.997871 40.74104)",,3,85.0,True
130,129,0,Broadway - 7Av,526.4515987613836,"LINESTRING (-73.995657 40.744081, -73.993365 40.747215)",True,,,
130,129,1,,526.4515987613836,"LINESTRING (-73.995657 40.744081, -73.993365 40.747215)",,2,69.33333333333333,True
130,129,2,,526.4515987613836,"LINESTRING (-73.995657 40.744081, -73.993365 40.747215)",,1,70.51643192488262,True
130,122,0,,6113.842480445526,"LINESTRING (-73.995657 40.744081, -73.979917 40.783934)",,1,59.0,True
A42,A43,0,8th Av - Fulton St,1278.9152057419446,"LINESTRING (-73.985001 40.688484, -73.973946 40.686113)",True,,,
A42,A41,0,8th Av - Fulton St,622.9431018822535,"LINESTRING (-73.985001 40.688484, -73.987342 40.692338)",True,,,
R20,R21,0,Broadway - Brighton,826.9338673571,"LINESTRING (-73.990568 40.735736, -73.992629 40.730328)",True,,,
R20,R19,0,Broadway - Brighton,829.1668912224625,"LINESTRING (-73.990568 40.735736, -73.989344 40.741303)",True,,,
224,225,0,Lenox - White Plains Rd,1087.9348627700936,"LINESTRING (-73.94077 40.814229, -73.945495 40.807754)",True,,,
224,225,1,,1087.9348627700936,"LINESTRING (-73.94077 40.814229, -73.945495 40.807754)",,3,108.83443708609272,True
224,225,2,,1087.9348627700936,"LINESTRING (-73.94077 40.814229, -73.945495 40.807754)",,2,108.36774193548388,True
224,302,0,Lenox - White Plains Rd,1040.8117997923061,"LINESTRING (-73.94077 40.814229, -73.936245 40.820421)",True,,,
224,302,1,,1040.8117997923061,"LINESTRING (-73.94077 40.814229, -73.936245 40.820421)",,3,140.80281690140845,True
224,222,0,,1680.8098106076845,"LINESTRING (-73.94077 40.814229, -73.926718 40.81841)",,2,212.16778523489933,True
224,301,0,,1498.1582731245528,"LINESTRING (-73.94077 40.814229, -73.93647 40.82388)",,3,208.0,True
N06,N07,0,Sea Beach,893.5026323064781,"LINESTRING (-73.985026 40.61741, -73.981848 40.611815)",True,,,
N06,N05,0,Sea Beach,767.1139817568995,"LINESTRING (-73.985026 40.61741, -73.990414 40.620671)",True,,,
A05,A06,0,8th Av - Fulton St,1157.9220791491782,"LINESTRING (-73.93418 40.859022, -73.937969 40.851695)",True,,,
A05,A03,0,8th Av - Fulton St,1224.0049942060452,"LINESTRING (-73.93418 40.859022, -73.927271 40.865491)",True,,,
G35,G36,0,Crosstown,960.8342201205378,"LINESTRING (-73.966839 40.688089, -73.975375 40.687119)",True,,,
G35,G34,0,Crosstown,762.2613030936463,"LINESTRING (-73.966839 40.688089, -73.96007 40.688873)",True,,,
616,617,0,Pelham,864.9185911780429,"LINESTRING (-73.907657 40.808719, -73.914042 40.805368)",True,,,
616,617,1,,864.9185911780429,"LINESTRING (-73.907657 40.808719, -73.914042 40.805368)",,6,105.35668789808918,True
616,615,0,Pelham,637.8714239384144,"LINESTRING (-73.907657 40.808719, -73.904098 40.812118)",True,,,
616,615,1,,637.8714239384144,"LINESTRING (-73.907657 40.808719, -73.904098 40.812118)",,6,78.22485207100591,True
616,615,2,,637.8714239384144,"LINESTRING (-73.907657 40.808719, -73.904098 40.812118)",,6X,74.0,True
616,612,0,,3538.5312141464565,"LINESTRING (-73.907657 40.808719, -73.886283 40.826525)",,6,35.0,True
616,619,0,,2073.461258893334,"LINESTRING (-73.907657 40.808719, -73.926138 40.810476)",,6,87.0,True
J29,J30,0,Jamaica,795.7522982722487,"LINESTRING (-73.916559 40.68637, -73.92227 40.68963)",True,,,
J29,J28,0,Jamaica,849.7599034268727,"LINESTRING (-73.916559 40.68637, -73.910456 40.682893)",True,,,
D22,F15,0,6th Av - Culver,629.7606388623437,"LINESTRING (-73.993753 40.718267, -73.988114 40.718611)",True,,,
D22,F14,0,6th Av - Culver,865.5708631999181,"LINESTRING (-73.993753 40.718267, -73.989938 40.723402)",True,,,
N10,N09,0,Sea Beach,703.935236264886,"LINESTRING (-73.97823 40.592721, -73.979137 40.597473)",True,,,
252,251,0,Eastern Pky,847.7198572766923,"LINESTRING (-73.916327 40.661453, -73.92261 40.664717)",True,,,
252,251,1,,847.7198572766923,"LINESTRING (-73.916327 40.661453, -73.92261 40.664717)",,3,102.86805555555556,True
252,251,2,,847.7198572766923,"LINESTRING (-73.916327 40.661453, -73.92261 40.664717)",,5,101.0,True
252,251,3,,847.7198572766923,"LINESTRING (-73.916327 40.661453, -73.92261 40.664717)",,4,102.0,True
252,251,4,,847.7198572766923,"LINESTRING (-73.916327 40.661453, -73.92261 40.664717)",,2,102.0,True
252,253,0,Eastern Pky,837.2431728300136,"LINESTRING (-73.916327 40.661453, -73.908946 40.662549)",True,,,
252,253,1,,837.2431728300136,"LINESTRING (-73.916327 40.661453, -73.908946 40.662549)",,3,87.37086092715232,True
252,253,2,,837.2431728300136,"LINESTRING (-73.916327 40.661453, -73.908946 40.662549)",,2,86.33333333333333,True
252,253,3,,837.2431728300136,"LINESTRING (-73.916327 40.661453, -73.908946 40.662549)",,4,89.0,True
252,254,0,,1574.4668384336999,"LINESTRING (-73.916327 40.661453, -73.902447 40.663515)",,3,152.0,True
S19,S18,0,Staten Island,1758.7261953190714,"LINESTRING (-74.151399 40.551231, -74.16457 40.544601)",True,,,
S19,S20,0,Staten Island,1782.1581178924116,"LINESTRING (-74.151399 40.551231, -74.136907 40.5564)",True,,,
232,231,0,Clark St,712.0336735561372,"LINESTRING (-73.989998 40.693219, -73.993086 40.697466)",True,,,
232,231,1,,712.0336735561372,"LINESTRING (-73.989998 40.693219, -73.993086 40.697466)",,2,116.52348993288591,True
232,231,2,,712.0336735561372,"LINESTRING (-73.989998 40.693219, -73.993086 40.697466)",,3,115.91666666666667,True
232,233,0,,675.0381863532292,"LINESTRING (-73.989998 40.693219, -73.985065 40.690545)",,3,88.55263157894737,True
232,233,1,,675.0381863532292,"LINESTRING (-73.989998 40.693219, -73.985065 40.690545)",,2,89.18709677419355,True
232,233,2,,675.0381863532292,"LINESTRING (-73.989998 40.693219, -73.985065 40.690545)",,5,85.0,True
M06,M08,0,Myrtle Av,711.859037532339,"LINESTRING (-73.90774 40.702762, -73.912385 40.69943)",True,,,
M06,M05,0,Myrtle Av,573.5293142268418,"LINESTRING (-73.90774 40.702762, -73.903077 40.704423)",True,,,
H15,H14,0,Rockaway,955.9761995915513,"LINESTRING (-73.835592 40.580903, -73.827559 40.583209)",True,,,
H15,H12,0,Rockaway,2657.7472231133897,"LINESTRING (-73.835592 40.580903, -73.813641 40.588034)",True,,,
L13,L14,0,Canarsie,781.7213663799743,"LINESTRING (-73.93985 40.707739, -73.933147 40.706152)",True,,,
L13,L12,0,Canarsie,621.6211628959522,"LINESTRING (-73.93985 40.707739, -73.94067 40.711926)",True,,,
D10,D11,0,Concourse,1178.6326672209082,"LINESTRING (-73.91844 40.833771, -73.925651 40.827905)",True,,,
D10,D09,0,Concourse,988.9470727055412,"LINESTRING (-73.91844 40.833771, -73.9134 40.839306)",True,,,
257,256,0,Eastern Pky,602.9121274753044,"LINESTRING (-73.884079 40.666235, -73.889395 40.665449)",True,,,
S14,S13,0,Staten Island,1321.4664910431354,"LINESTRING (-74.217847 40.52241, -74.229141 40.519631)",True,,,
S14,S15,0,Staten Island,2030.8862764462885,"LINESTRING (-74.217847 40.52241, -74.200064 40.525507)",True,,,
502,503,0,Dyre Av,1600.617932164805,"LINESTRING (-73.838591 40.878663, -73.846384 40.869526)",True,,,
502,503,1,,1600.617932164805,"LINESTRING (-73.838591 40.878663, -73.846384 40.869526)",,5,124.11971830985915,True
502,501,0,Dyre Av,1661.041824786199,"LINESTRING (-73.838591 40.878663, -73.830834 40.8883)",True,,,
502,501,1,,1661.041824786199,"LINESTRING (-73.838591 40.878663, -73.830834 40.8883)",,5,156.992700729927,True
G32,G33,0,Crosstown,880.0570769323135,"LINESTRING (-73.949046 40.694568, -73.953522 40.689627)",True,,,
G32,G31,0,Crosstown,863.1149719680269,"LINESTRING (-73.949046 40.694568, -73.950234 40.700377)",True,,,
215,216,0,Lenox - White Plains Rd,1167.6722511668777,"LINESTRING (-73.887734 40.837288, -73.891865 40.829993)",True,,,
215,216,1,,1167.6722511668777,"LINESTRING (-73.887734 40.837288, -73.891865 40.829993)",,2,105.65161290322581,True
215,216,2,,1167.6722511668777,"LINESTRING (-73.887734 40.837288, -73.891865 40.829993)",,5,104.56,True
215,214,0,Lenox - White Plains Rd,963.1338807995247,"LINESTRING (-73.887734 40.837288, -73.880049 40.840295)",True,,,
215,214,1,,963.1338807995247,"LINESTRING (-73.887734 40.837288, -73.880049 40.840295)",,2,118.33108108108108,True
215,214,2,,963.1338807995247,"LINESTRING (-73.887734 40.837288, -73.880049 40.840295)",,5,120.73626373626374,True
215,213,0,,1724.6076658020017,"LINESTRING (-73.887734 40.837288, -73.873488 40.841894)",,2,19.0,True
F09,F11,0,Queens Blvd,2936.1690919199546,"LINESTRING (-73.946 40.747846, -73.969055 40.757552)",True,,,
F09,G21,0,Queens Blvd,988.7908188893799,"LINESTRING (-73.946 40.747846, -73.937243 40.748973)",True,,,
407,408,0,Jerome Av,720.3925156363524,"LINESTRING (-73.901034 40.862803, -73.903879 40.858407)",True,,,
407,408,1,,720.3925156363524,"LINESTRING (-73.901034 40.862803, -73.903879 40.858407)",,4,80.07558139534883,True
407,406,0,Jerome Av,846.7881653833845,"LINESTRING (-73.901034 40.862803, -73.897174 40.86776)",True,,,
407,406,1,,846.7881653833845,"LINESTRING (-73.901034 40.862803, -73.897174 40.86776)",,4,96.75460122699387,True
A21,A22,0,8th Av - Fulton St,981.0350096095691,"LINESTRING (-73.972143 40.781433, -73.97641 40.775594)",True,,,
A21,A20,0,8th Av - Fulton St,744.4343746726748,"LINESTRING (-73.972143 40.781433, -73.968916 40.785868)",True,,,
S31,S30,0,Staten Island,1006.2157507342421,"LINESTRING (-74.073643 40.643748, -74.074835 40.636949)",True,,,
A53,A54,0,8th Av - Fulton St,1089.6754826907406,"LINESTRING (-73.890358 40.67271, -73.88075 40.67413)",True,,,
113,114,0,Broadway - 7Av,1258.9894605560853,"LINESTRING (-73.94489 40.834041, -73.95036 40.826551)",True,,,
113,114,1,,1258.9894605560853,"LINESTRING (-73.94489 40.834041, -73.95036 40.826551)",,1,109.8076923076923,True
113,112,0,Broadway - 7Av,1095.1397557829587,"LINESTRING (-73.94489 40.834041, -73.940133 40.840556)",True,,,
113,112,1,,1095.1397557829587,"LINESTRING (-73.94489 40.834041, -73.940133 40.840556)",,1,72.21052631578948,True
113,110,0,,3561.781824764049,"LINESTRING (-73.94489 40.834041, -73.929412 40.855225)",,1,39.0,True
113,120,0,,6644.692330420581,"LINESTRING (-73.94489 40.834041, -73.972323 40.793919)",,1,140.0,True
603,604,0,Pelham,941.3540267586553,"LINESTRING (-73.836322 40.843863, -73.842952 40.839892)",True,,,
603,604,1,,941.3540267586553,"LINESTRING (-73.836322 40.843863, -73.842952 40.839892)",,6,106.89908256880734,True
603,604,2,,941.3540267586553,"LINESTRING (-73.836322 40.843863, -73.842952 40.839892)",,6X,110.15384615384616,True
603,602,0,Pelham,602.1692960521002,"LINESTRING (-73.836322 40.843863, -73.832569 40.84681)",True,,,
603,602,1,,602.1692960521002,"LINESTRING (-73.836322 40.843863, -73.832569 40.84681)",,6,79.43697478991596,True
603,602,2,,602.1692960521002,"LINESTRING (-73.836322 40.843863, -73.832569 40.84681)",,6X,79.30952380952381,True
R34,R35,0,4th Av,937.8715451972117,"LINESTRING (-73.992872 40.665414, -73.998091 40.660397)",True,,,
R34,R33,0,4th Av,945.8313755779866,"LINESTRING (-73.992872 40.665414, -73.988302 40.670847)",True,,,
E01,A38,0,8th Av - Fulton St,420.487910439552,"LINESTRING (-74.009781 40.712582, -74.007691 40.710197)",True,,,
E01,A36,0,8th Av - Fulton St,261.0554921428606,"LINESTRING (-74.009781 40.712582, -74.008585 40.714111)",True,,,
S03,S04,0,Franklin Shuttle,674.6382680963457,"LINESTRING (-73.957624 40.674772, -73.959245 40.670343)",True,,,
S03,S01,0,Franklin Shuttle,877.964800605908,"LINESTRING (-73.957624 40.674772, -73.955827 40.680596)",True,,,
D31,D32,0,Broadway - Brighton,862.1529882319415,"LINESTRING (-73.962793 40.635082, -73.961639 40.62927)",True,,,
D31,D30,0,Broadway - Brighton,866.1121414605796,"LINESTRING (-73.962793 40.635082, -73.963891 40.640927)",True,,,
G19,G20,0,Queens Blvd,1143.2955158796226,"LINESTRING (-73.92074 40.756879, -73.928781 40.752039)",True,,,
G19,G18,0,Queens Blvd,828.743057326076,"LINESTRING (-73.92074 40.756879, -73.913333 40.756312)",True,,,
F03,F04,0,Queens Blvd,877.9244835636382,"LINESTRING (-73.803326 40.707564, -73.810708 40.70546)",True,,,
F03,F02,0,Queens Blvd,1163.349241141848,"LINESTRING (-73.803326 40.707564, -73.793604 40.71047)",True,,,
133,134,0,Broadway - 7Av,807.5188412828485,"LINESTRING (-74.002906 40.733422, -74.005367 40.728251)",True,,,
133,134,1,,807.5188412828485,"LINESTRING (-74.002906 40.733422, -74.005367 40.728251)",,1,83.18666666666667,True
133,134,2,,807.5188412828485,"LINESTRING (-74.002906 40.733422, -74.005367 40.728251)",,2,79.45,True
133,134,3,,807.5188412828485,"LINESTRING (-74.002906 40.733422, -74.005367 40.728251)",,3,84.0,True
133,132,0,Broadway - 7Av,713.6404623985393,"LINESTRING (-74.002906 40.733422, -74.000201 40.737826)",True,,,
133,132,1,,713.6404623985393,"LINESTRING (-74.002906 40.733422, -74.000201 40.737826)",,2,79.73333333333333,True
133,132,2,,713.6404623985393,"LINESTRING (-74.002906 40.733422, -74.000201 40.737826)",,1,82.8169014084507,True
133,125,0,,5624.991379165531,"LINESTRING (-74.002906 40.733422, -73.981929 40.768247)",,1,84.0,True
420,419,0,Lexington Av,471.20646618362633,"LINESTRING (-74.014065 40.704817, -74.011862 40.707557)",True,,,
420,419,1,,471.20646618362633,"LINESTRING (-74.014065 40.704817, -74.011862 40.707557)",,4,77.98701298701299,True
420,419,2,,471.20646618362633,"LINESTRING (-74.014065 40.704817, -74.011862 40.707557)",,5,76.73333333333333,True
420,423,0,,3226.242071877425,"LINESTRING (-74.014065 40.704817, -73.990151 40.692404)",,4,253.43421052631578,True
420,423,1,,3226.242071877425,"LINESTRING (-74.014065 40.704817, -73.990151 40.692404)",,5,256.92436974789916,True
420,423,2,,3226.242071877425,"LINESTRING (-74.014065 40.704817, -73.990151 40.692404)",,2,255.0,True
609,610,0,Pelham,821.6972356814995,"LINESTRING (-73.867618 40.831509, -73.874516 40.829521)",True,,,
609,610,1,,821.6972356814995,"LINESTRING (-73.867618 40.831509, -73.874516 40.829521)",,6,83.32758620689656,True
609,608,0,Pelham,798.2225457872438,"LINESTRING (-73.867618 40.831509, -73.860816 40.833226)",True,,,
609,608,1,,798.2225457872438,"LINESTRING (-73.867618 40.831509, -73.860816 40.833226)",,6,82.4367088607595,True
609,608,2,,798.2225457872438,"LINESTRING (-73.867618 40.831509, -73.860816 40.833226)",,6X,163.0,True
609,613,0,,2988.30342827218,"LINESTRING (-73.867618 40.831509, -73.890549 40.820948)",,6,31.0,True
609,607,0,,1869.374216990379,"LINESTRING (-73.867618 40.831509, -73.851222 40.834255)",,6,311.75,True
116,117,0,Broadway - 7Av,1320.6501549703075,"LINESTRING (-73.958372 40.815581, -73.96411 40.807722)",True,,,
116,117,1,,1320.6501549703075,"LINESTRING (-73.958372 40.815581, -73.96411 40.807722)",,1,113.92039800995025,True
116,115,0,Broadway - 7Av,1080.2916956157035,"LINESTRING (-73.958372 40.815581, -73.953676 40.822008)",True,,,
116,115,1,,1080.2916956157035,"LINESTRING (-73.958372 40.815581, -73.953676 40.822008)",,1,104.20560747663552,True
116,112,0,,4197.901734462927,"LINESTRING (-73.958372 40.815581, -73.940133 40.840556)",,1,333.0,True
R11,R13,0,Astoria,747.9246717886185,"LINESTRING (-73.967258 40.76266, -73.973347 40.764811)",True,,,
R11,R09,0,Astoria,3495.96901756236,"LINESTRING (-73.967258 40.76266, -73.940202 40.750582)",True,,,
F18,F20,0,6th Av - Culver,2285.5786321898927,"LINESTRING (-73.986751 40.701397, -73.990862 40.686145)",True,,,
F18,F16,0,6th Av - Culver,1848.5751990474125,"LINESTRING (-73.986751 40.701397, -73.990173 40.713715)",True,,,
F31,F32,0,6th Av - Culver,674.6370819142277,"LINESTRING (-73.976127 40.625322, -73.975264 40.620769)",True,,,
F31,F30,0,6th Av - Culver,656.9589711017009,"LINESTRING (-73.976127 40.625322, -73.976971 40.629755)",True,,,
B15,B16,0,West End,744.8999061330467,"LINESTRING (-73.995476 40.631435, -73.996895 40.626472)",True,,,
B15,B14,0,West End,711.8649343788046,"LINESTRING (-73.995476 40.631435, -73.994791 40.63626)",True,,,
H09,H08,0,Rockaway,943.8360696915962,"LINESTRING (-73.768175 40.595398, -73.776013 40.592943)",True,,,
M23,M22,0,Jamaica,690.8188100551772,"LINESTRING (-74.011056 40.706476, -74.007582 40.710374)",True,,,
625,626,0,Lexington Av,1038.5277879243115,"LINESTRING (-73.95107 40.785672, -73.955589 40.779492)",True,,,
625,626,1,,1038.5277879243115,"LINESTRING (-73.95107 40.785672, -73.955589 40.779492)",,6,121.25490196078431,True
625,626,2,,1038.5277879243115,"LINESTRING (-73.95107 40.785672, -73.955589 40.779492)",,6X,112.75,True
625,626,3,,1038.5277879243115,"LINESTRING (-73.95107 40.785672, -73.955589 40.779492)",,4,102.16666666666667,True
625,624,0,Lexington Av,827.5671703191418,"LINESTRING (-73.95107 40.785672, -73.947478 40.7906)",True,,,
625,624,1,,827.5671703191418,"LINESTRING (-73.95107 40.785672, -73.947478 40.7906)",,4,87.3157894736842,True
625,624,2,,827.5671703191418,"LINESTRING (-73.95107 40.785672, -73.947478 40.7906)",,6,88.8232558139535,True
625,624,3,,827.5671703191418,"LINESTRING (-73.95107 40.785672, -73.947478 40.7906)",,6X,89.475,True
625,627,0,,2024.7553849910248,"LINESTRING (-73.95107 40.785672, -73.959874 40.77362)",,6,78.0,True
625,619,0,,4583.307596414771,"LINESTRING (-73.95107 40.785672, -73.926138 40.810476)",,6,65.0,True
R17,R18,0,Broadway - Brighton,604.1377905014675,"LINESTRING (-73.98795 40.749567, -73.988691 40.745494)",True,,,
R17,R16,0,Broadway - Brighton,761.8949647848648,"LINESTRING (-73.98795 40.749567, -73.986754 40.754672)",True,,,
901,902,0,Lexington - Shuttle,915.0104467680158,"LINESTRING (-73.979189 40.752769, -73.986229 40.755983)",True,,,
142,139,0,Broadway - 7Av,799.6754460187199,"LINESTRING (-74.013664 40.702068, -74.013783 40.707513)",True,,,
D06,D07,0,Concourse,974.1222232663947,"LINESTRING (-73.900741 40.856093, -73.905227 40.85041)",True,,,
D06,D05,0,Concourse,835.0968360862878,"LINESTRING (-73.900741 40.856093, -73.897749 40.861296)",True,,,
640,418,0,Lexington Av,717.838568393504,"LINESTRING (-74.004131 40.713065, -74.009509 40.710368)",True,,,
640,418,1,,717.838568393504,"LINESTRING (-74.004131 40.713065, -74.009509 40.710368)",,4,122.09433962264151,True
640,418,2,,717.838568393504,"LINESTRING (-74.004131 40.713065, -74.009509 40.710368)",,5,118.16030534351145,True
640,418,3,,717.838568393504,"LINESTRING (-74.004131 40.713065, -74.009509 40.710368)",,2,151.0,True
640,639,0,Lexington Av,949.9320693793613,"LINESTRING (-74.004131 40.713065, -74.000193 40.718803)",True,,,
640,639,1,,949.9320693793613,"LINESTRING (-74.004131 40.713065, -74.000193 40.718803)",,4,147.0,True
640,635,0,,3544.7753304851585,"LINESTRING (-74.004131 40.713065, -73.989951 40.734673)",,4,254.5741935483871,True
640,635,1,,3544.7753304851585,"LINESTRING (-74.004131 40.713065, -73.989951 40.734673)",,5,253.87121212121212,True
640,635,2,,3544.7753304851585,"LINESTRING (-74.004131 40.713065, -73.989951 40.734673)",,6,294.3333333333333,True
640,235,0,,5142.458674417752,"LINESTRING (-74.004131 40.713065, -73.977666 40.684359)",,2,1.0,True
A14,A15,0,8th Av - Fulton St,1126.5036722373432,"LINESTRING (-73.947649 40.817894, -73.952343 40.811109)",True,,,
A14,A12,0,8th Av - Fulton St,1083.0480780787175,"LINESTRING (-73.947649 40.817894, -73.944216 40.824783)",True,,,
211,212,0,Lenox - White Plains Rd,1234.5104249083447,"LINESTRING (-73.867615 40.857192, -73.868457 40.848828)",True,,,
211,212,1,,1234.5104249083447,"LINESTRING (-73.867615 40.857192, -73.868457 40.848828)",,2,116.52258064516128,True
211,212,2,,1234.5104249083447,"LINESTRING (-73.867615 40.857192, -73.868457 40.848828)",,5,122.9090909090909,True
211,210,0,Lenox - White Plains Rd,1217.6176614770948,"LINESTRING (-73.867615 40.857192, -73.867352 40.865462)",True,,,
211,210,1,,1217.6176614770948,"LINESTRING (-73.867615 40.857192, -73.867352 40.865462)",,2,117.49324324324324,True
211,210,2,,1217.6176614770948,"LINESTRING (-73.867615 40.857192, -73.867352 40.865462)",,5,116.54545454545455,True
211,209,0,,2085.503750246912,"LINESTRING (-73.867615 40.857192, -73.867164 40.871356)",,2,166.0,True
N07,N08,0,Sea Beach,1169.1163474324155,"LINESTRING (-73.981848 40.611815, -73.980353 40.603923)",True,,,
N07,N06,0,Sea Beach,893.5026323064781,"LINESTRING (-73.981848 40.611815, -73.985026 40.61741)",True,,,
225,226,0,Lenox - White Plains Rd,950.4018426787723,"LINESTRING (-73.945495 40.807754, -73.949625 40.802098)",True,,,
225,226,1,,950.4018426787723,"LINESTRING (-73.945495 40.807754, -73.949625 40.802098)",,3,105.95364238410596,True
225,226,2,,950.4018426787723,"LINESTRING (-73.945495 40.807754, -73.949625 40.802098)",,2,101.65806451612903,True
225,226,3,,950.4018426787723,"LINESTRING (-73.945495 40.807754, -73.949625 40.802098)",,5,108.66666666666667,True
225,224,0,Lenox - White Plains Rd,1087.9348627700936,"LINESTRING (-73.945495 40.807754, -73.94077 40.814229)",True,,,
225,224,1,,1087.9348627700936,"LINESTRING (-73.945495 40.807754, -73.94077 40.814229)",,2,117.75838926174497,True
225,224,2,,1087.9348627700936,"LINESTRING (-73.945495 40.807754, -73.94077 40.814229)",,3,117.1875,True
225,302,0,,2128.7465763228874,"LINESTRING (-73.945495 40.807754, -73.936245 40.820421)",,3,10.0,True
B14,B15,0,West End,711.8649343788046,"LINESTRING (-73.994791 40.63626, -73.995476 40.631435)",True,,,
B14,B13,0,West End,684.8828894202702,"LINESTRING (-73.994791 40.63626, -73.994304 40.640914)",True,,,
R45,R44,0,4th Av,931.2654021036992,"LINESTRING (-74.030876 40.616622, -74.028398 40.622687)",True,,,
G28,G29,0,Crosstown,1739.5082929297212,"LINESTRING (-73.951277 40.724635, -73.951418 40.712792)",True,,,
G28,G26,0,Crosstown,1047.9745988201641,"LINESTRING (-73.951277 40.724635, -73.954449 40.731352)",True,,,
A33,A34,0,8th Av - Fulton St,810.7692144066788,"LINESTRING (-74.003739 40.726227, -74.005229 40.720824)",True,,,
A33,A32,0,8th Av - Fulton St,967.6066094173364,"LINESTRING (-74.003739 40.726227, -74.000495 40.732338)",True,,,
411,412,0,Jerome Av,728.6747858526753,"LINESTRING (-73.914685 40.844434, -73.917791 40.840075)",True,,,
411,412,1,,728.6747858526753,"LINESTRING (-73.914685 40.844434, -73.917791 40.840075)",,4,83.84883720930233,True
411,410,0,Jerome Av,676.809664674417,"LINESTRING (-73.914685 40.844434, -73.911794 40.84848)",True,,,
411,410,1,,676.809664674417,"LINESTRING (-73.914685 40.844434, -73.911794 40.84848)",,4,78.74074074074075,True
411,408,0,,2382.3800537203224,"LINESTRING (-73.914685 40.844434, -73.903879 40.858407)",,4,19.0,True
A09,A10,0,8th Av - Fulton St,693.4182887722956,"LINESTRING (-73.939561 40.840719, -73.939892 40.836013)",True,,,
A09,A07,0,8th Av - Fulton St,981.9282387621864,"LINESTRING (-73.939561 40.840719, -73.939704 40.847391)",True,,,
G05,G06,0,Queens - Archer,801.6537905753881,"LINESTRING (-73.801109 40.702147, -73.807969 40.700486)",True,,,
109,110,0,Broadway - 7Av,892.2200045264452,"LINESTRING (-73.925536 40.860531, -73.929412 40.855225)",True,,,
109,110,1,,892.2200045264452,"LINESTRING (-73.925536 40.860531, -73.929412 40.855225)",,1,91.91282051282052,True
109,108,0,Broadway - 7Av,959.7052432414515,"LINESTRING (-73.925536 40.860531, -73.918822 40.864621)",True,,,
109,108,1,,959.7052432414515,"LINESTRING (-73.925536 40.860531, -73.918822 40.864621)",,1,101.01435406698565,True
109,107,0,,1739.2562405385302,"LINESTRING (-73.925536 40.860531, -73.915279 40.869444)",,1,225.0,True
R40,R41,0,4th Av,692.2179495981477,"LINESTRING (-74.014034 40.645069, -74.017881 40.641362)",True,,,
R40,R39,0,4th Av,723.4970927633993,"LINESTRING (-74.014034 40.645069, -74.010006 40.648939)",True,,,
A59,A57,0,Liberty Av,755.9427743770543,"LINESTRING (-73.858992 40.679371, -73.86505 40.677044)",True,,,
A59,A60,0,Liberty Av,840.206700199725,"LINESTRING (-73.858992 40.679371, -73.85147 40.679843)",True,,,
A50,A51,0,8th Av - Fulton St,738.0487494391782,"LINESTRING (-73.911946 40.67834, -73.905316 40.678334)",True,,,
A50,A49,0,8th Av - Fulton St,986.604401808636,"LINESTRING (-73.911946 40.67834, -73.920786 40.678822)",True,,,
G14,G15,0,Queens Blvd,908.2390965718549,"LINESTRING (-73.891338 40.746644, -73.898453 40.749669)",True,,,
G14,G13,0,Queens Blvd,1206.503243850211,"LINESTRING (-73.891338 40.746644, -73.882017 40.742454)",True,,,
D35,D37,0,Broadway - Brighton,1388.4670453855938,"LINESTRING (-73.957734 40.60867, -73.955929 40.5993)",True,,,
D35,D34,0,Broadway - Brighton,1325.1822452702625,"LINESTRING (-73.957734 40.60867, -73.959399 40.617618)",True,,,
626,627,0,Lexington Av,986.2277707477426,"LINESTRING (-73.955589 40.779492, -73.959874 40.77362)",True,,,
626,627,1,,986.2277707477426,"LINESTRING (-73.955589 40.779492, -73.959874 40.77362)",,6,107.8829268292683,True
626,627,2,,986.2277707477426,"LINESTRING (-73.955589 40.779492, -73.959874 40.77362)",,6X,105.47169811320755,True
626,627,3,,986.2277707477426,"LINESTRING (-73.955589 40.779492, -73.959874 40.77362)",,4,93.88888888888889,True
626,625,0,Lexington Av,1038.5277879243115,"LINESTRING (-73.955589 40.779492, -73.95107 40.785672)",True,,,
626,625,1,,1038.5277879243115,"LINESTRING (-73.955589 40.779492, -73.95107 40.785672)",,4,100.47368421052632,True
626,625,2,,1038.5277879243115,"LINESTRING (-73.955589 40.779492, -73.95107 40.785672)",,6,101.94859813084112,True
626,625,3,,1038.5277879243115,"LINESTRING (-73.955589 40.779492, -73.95107 40.785672)",,6X,104.625,True
626,629,0,,2849.186880775263,"LINESTRING (-73.955589 40.779492, -73.967967 40.762526)",,6,430.27272727272725,True
626,629,1,,2849.186880775263,"LINESTRING (-73.955589 40.779492, -73.967967 40.762526)",,4,204.39622641509433,True
626,629,2,,2849.186880775263,"LINESTRING (-73.955589 40.779492, -73.967967 40.762526)",,5,203.99236641221373,True
626,629,3,,2849.186880775263,"LINESTRING (-73.955589 40.779492, -73.967967 40.762526)",,6X,250.0,True
626,629,4,,2849.186880775263,"LINESTRING (-73.955589 40.779492, -73.967967 40.762526)",,2,243.33333333333334,True
626,631,0,,4711.174407788251,"LINESTRING (-73.955589 40.779492, -73.976848 40.751776)",,6,116.5,True
626,621,0,,4140.667598726983,"LINESTRING (-73.955589 40.779492, -73.937594 40.804138)",,4,261.89677419354837,True
626,621,1,,4140.667598726983,"LINESTRING (-73.955589 40.779492, -73.937594 40.804138)",,5,258.8787878787879,True
626,621,2,,4140.667598726983,"LINESTRING (-73.955589 40.779492, -73.937594 40.804138)",,6,777.0,True
626,630,0,,3759.0787209241316,"LINESTRING (-73.955589 40.779492, -73.97192 40.757107)",,6,333.0,True
626,628,0,,1906.2700583285744,"LINESTRING (-73.955589 40.779492, -73.96387 40.768141)",,6,78.0,True
R03,R04,0,Astoria,652.1639350715593,"LINESTRING (-73.917843 40.770258, -73.921479 40.766779)",True,,,
R03,R01,0,Astoria,954.6934558989794,"LINESTRING (-73.917843 40.770258, -73.912034 40.775036)",True,,,
216,217,0,Lenox - White Plains Rd,881.0853718322433,"LINESTRING (-73.891865 40.829993, -73.893064 40.824073)",True,,,
216,217,1,,881.0853718322433,"LINESTRING (-73.891865 40.829993, -73.893064 40.824073)",,2,120.92258064516129,True
216,217,2,,881.0853718322433,"LINESTRING (-73.891865 40.829993, -73.893064 40.824073)",,5,124.68,True
216,215,0,Lenox - White Plains Rd,1167.6722511668777,"LINESTRING (-73.891865 40.829993, -73.887734 40.837288)",True,,,
216,215,1,,1167.6722511668777,"LINESTRING (-73.891865 40.829993, -73.887734 40.837288)",,2,112.79865771812081,True
216,215,2,,1167.6722511668777,"LINESTRING (-73.891865 40.829993, -73.887734 40.837288)",,5,116.3076923076923,True
D01,D03,0,Concourse,950.4799490038685,"LINESTRING (-73.878855 40.874811, -73.887138 40.873244)",True,,,
706,707,0,Flushing,767.3071008729536,"LINESTRING (-73.8627 40.749865, -73.869527 40.749145)",True,,,
706,707,1,,767.3071008729536,"LINESTRING (-73.8627 40.749865, -73.869527 40.749145)",,7,64.89908256880734,True
706,705,0,Flushing,864.5643355483609,"LINESTRING (-73.8627 40.749865, -73.855334 40.75173)",True,,,
706,705,1,,864.5643355483609,"LINESTRING (-73.8627 40.749865, -73.855334 40.75173)",,7,148.45578231292518,True
706,708,0,,1563.5155574268404,"LINESTRING (-73.8627 40.749865, -73.876613 40.748408)",,7,63.75,True
706,709,0,,2359.745336800978,"LINESTRING (-73.8627 40.749865, -73.883697 40.747659)",,7,148.07692307692307,True
706,702,0,,2025.244715015074,"LINESTRING (-73.8627 40.749865, -73.845625 40.754622)",,7,144.04347826086956,True
243,244,0,Nostrand,855.1988525539748,"LINESTRING (-73.9502 40.656652, -73.949575 40.650843)",True,,,
243,244,1,,855.1988525539748,"LINESTRING (-73.9502 40.656652, -73.949575 40.650843)",,2,86.07792207792208,True
243,244,2,,855.1988525539748,"LINESTRING (-73.9502 40.656652, -73.949575 40.650843)",,5,91.52252252252252,True
243,242,0,Nostrand,896.5997966018658,"LINESTRING (-73.9502 40.656652, -73.95085 40.662742)",True,,,
243,242,1,,896.5997966018658,"LINESTRING (-73.9502 40.656652, -73.95085 40.662742)",,2,101.78472222222223,True
243,242,2,,896.5997966018658,"LINESTRING (-73.9502 40.656652, -73.95085 40.662742)",,5,104.92592592592592,True
243,245,0,,1700.8837820174197,"LINESTRING (-73.9502 40.656652, -73.948959 40.645098)",,2,230.0,True
F23,F24,0,6th Av - Culver,1207.0925614359817,"LINESTRING (-73.989779 40.670272, -73.980305 40.666271)",True,,,
F23,F22,0,6th Av - Culver,842.0282169605271,"LINESTRING (-73.989779 40.670272, -73.995959 40.67358)",True,,,
F26,F27,0,6th Av - Culver,1080.205809180048,"LINESTRING (-73.975776 40.650782, -73.979678 40.644041)",True,,,
F26,F25,0,6th Av - Culver,1465.7820204738505,"LINESTRING (-73.975776 40.650782, -73.979493 40.660365)",True,,,
F38,F39,0,6th Av - Culver,1262.4345462409487,"LINESTRING (-73.97425 40.58962, -73.974574 40.581011)",True,,,
F38,F36,0,6th Av - Culver,949.746982899054,"LINESTRING (-73.97425 40.58962, -73.973357 40.596063)",True,,,
205,206,0,Lenox - White Plains Rd,825.6811612849231,"LINESTRING (-73.857473 40.893193, -73.860341 40.888022)",True,,,
205,206,1,,825.6811612849231,"LINESTRING (-73.857473 40.893193, -73.860341 40.888022)",,2,85.81290322580645,True
205,206,2,,825.6811612849231,"LINESTRING (-73.857473 40.893193, -73.860341 40.888022)",,5,86.81818181818181,True
205,204,0,Lenox - White Plains Rd,837.9360123559547,"LINESTRING (-73.857473 40.893193, -73.854376 40.898379)",True,,,
205,204,1,,837.9360123559547,"LINESTRING (-73.857473 40.893193, -73.854376 40.898379)",,2,96.15436241610739,True
205,204,2,,837.9360123559547,"LINESTRING (-73.857473 40.893193, -73.854376 40.898379)",,5,86.81818181818181,True
L16,L17,0,Canarsie,961.2812074095425,"LINESTRING (-73.918425 40.703811, -73.911586 40.699814)",True,,,
L16,L15,0,Canarsie,646.6658460243953,"LINESTRING (-73.918425 40.703811, -73.922913 40.706607)",True,,,
L28,L29,0,Canarsie,632.4025368340076,"LINESTRING (-73.899485 40.650573, -73.90185 40.646654)",True,,,
L28,L27,0,Canarsie,1197.6775280681193,"LINESTRING (-73.899485 40.650573, -73.899232 40.658733)",True,,,
721,723,0,Flushing,2815.1468938037206,"LINESTRING (-73.953581 40.742626, -73.976041 40.751431)",True,,,
721,723,1,,2815.1468938037206,"LINESTRING (-73.953581 40.742626, -73.976041 40.751431)",,7,212.84581497797356,True
721,723,2,,2815.1468938037206,"LINESTRING (-73.953581 40.742626, -73.976041 40.751431)",,7X,216.69230769230768,True
721,720,0,Flushing,522.7877136771638,"LINESTRING (-73.953581 40.742626, -73.948916 40.742216)",True,,,
721,720,1,,522.7877136771638,"LINESTRING (-73.953581 40.742626, -73.948916 40.742216)",,7,30.098522167487683,True
721,720,2,,522.7877136771638,"LINESTRING (-73.953581 40.742626, -73.948916 40.742216)",,7X,34.825,True
721,719,0,,1128.9743977873381,"LINESTRING (-73.953581 40.742626, -73.945264 40.747023)",,7,83.6923076923077,True
721,719,1,,1128.9743977873381,"LINESTRING (-73.953581 40.742626, -73.945264 40.747023)",,7X,68.33333333333333,True
721,724,0,,3562.056756267713,"LINESTRING (-73.953581 40.742626, -73.981963 40.753821)",,7X,260.0,True
721,724,1,,3562.056756267713,"LINESTRING (-73.953581 40.742626, -73.981963 40.753821)",,7,60.07692307692308,True
721,718,0,,1893.3473386163982,"LINESTRING (-73.953581 40.742626, -73.940202 40.750582)",,7X,200.0,True
721,718,1,,1893.3473386163982,"LINESTRING (-73.953581 40.742626, -73.940202 40.750582)",,7,209.0,True
621,622,0,Lexington Av,925.6812212597305,"LINESTRING (-73.937594 40.804138, -73.941617 40.798629)",True,,,
621,622,1,,925.6812212597305,"LINESTRING (-73.937594 40.804138, -73.941617 40.798629)",,6,136.37560975609756,True
621,622,2,,925.6812212597305,"LINESTRING (-73.937594 40.804138, -73.941617 40.798629)",,6X,109.38461538461539,True
621,622,3,,925.6812212597305,"LINESTRING (-73.937594 40.804138, -73.941617 40.798629)",,4,116.11111111111111,True
621,416,0,,1590.3033094060795,"LINESTRING (-73.937594 40.804138, -73.929849 40.813224)",,4,174.59722222222223,True
621,416,1,,1590.3033094060795,"LINESTRING (-73.937594 40.804138, -73.929849 40.813224)",,5,179.8030303030303,True
621,619,0,,1579.6209558917528,"LINESTRING (-73.937594 40.804138, -73.926138 40.810476)",,6,176.93055555555554,True
621,619,1,,1579.6209558917528,"LINESTRING (-73.937594 40.804138, -73.926138 40.810476)",,6X,192.95,True
621,626,0,,4140.667598726983,"LINESTRING (-73.937594 40.804138, -73.955589 40.779492)",,6,685.8,True
621,626,1,,4140.667598726983,"LINESTRING (-73.937594 40.804138, -73.955589 40.779492)",,4,279.9937106918239,True
621,626,2,,4140.667598726983,"LINESTRING (-73.937594 40.804138, -73.955589 40.779492)",,5,279.5038167938931,True
621,626,3,,4140.667598726983,"LINESTRING (-73.937594 40.804138, -73.955589 40.779492)",,6X,789.0,True
621,626,4,,4140.667598726983,"LINESTRING (-73.937594 40.804138, -73.955589 40.779492)",,2,329.0,True
621,415,0,,2384.2960209215034,"LINESTRING (-73.937594 40.804138, -73.927351 40.818375)",,4,280.48275862068965,True
621,631,0,,8851.34158588363,"LINESTRING (-73.937594 40.804138, -73.976848 40.751776)",,6,790.0,True
621,618,0,,2104.437844733551,"LINESTRING (-73.937594 40.804138, -73.91924 40.807566)",,6,87.0,True
S24,S23,0,Staten Island,980.7870815021882,"LINESTRING (-74.103338 40.583591, -74.109704 40.578965)",True,,,
S24,S25,0,Staten Island,1115.8090114053105,"LINESTRING (-74.103338 40.583591, -74.09609 40.588849)",True,,,
137,138,0,Broadway - 7Av,626.1428580072679,"LINESTRING (-74.009266 40.715478, -74.012188 40.711835)",True,,,
137,138,1,,626.1428580072679,"LINESTRING (-74.009266 40.715478, -74.012188 40.711835)",,1,87.5906976744186,True
137,136,0,Broadway - 7Av,623.1177125184798,"LINESTRING (-74.009266 40.715478, -74.006886 40.719318)",True,,,
137,136,1,,623.1177125184798,"LINESTRING (-74.009266 40.715478, -74.006886 40.719318)",,2,134.4,True
137,136,2,,623.1177125184798,"LINESTRING (-74.009266 40.715478, -74.006886 40.719318)",,1,76.32394366197182,True
137,228,0,,360.02188593534527,"LINESTRING (-74.009266 40.715478, -74.008811 40.713051)",,3,96.73026315789474,True
137,228,1,,360.02188593534527,"LINESTRING (-74.009266 40.715478, -74.008811 40.713051)",,2,104.56129032258065,True
137,228,2,,360.02188593534527,"LINESTRING (-74.009266 40.715478, -74.008811 40.713051)",,5,101.0,True
137,132,0,,3434.3471732664516,"LINESTRING (-74.009266 40.715478, -74.000201 40.737826)",,3,269.7916666666667,True
137,132,1,,3434.3471732664516,"LINESTRING (-74.009266 40.715478, -74.000201 40.737826)",,2,265.7985074626866,True
137,127,0,,6331.072904667373,"LINESTRING (-74.009266 40.715478, -73.987495 40.75529)",,1,38.0,True
A65,A64,0,Liberty Av,747.3941845036239,"LINESTRING (-73.825798 40.685951, -73.832163 40.684331)",True,,,
B19,B20,0,West End,637.1820442542376,"LINESTRING (-74.001736 40.607954, -73.998168 40.604556)",True,,,
B19,B18,0,West End,822.9974500767338,"LINESTRING (-74.001736 40.607954, -74.00061 40.613501)",True,,,
M19,M20,0,Jamaica,738.9007702218022,"LINESTRING (-73.993915 40.72028, -73.999892 40.718092)",True,,,
M19,M18,0,Jamaica,776.7378158591721,"LINESTRING (-73.993915 40.72028, -73.987437 40.718315)",True,,,
R33,R34,0,4th Av,945.8313755779866,"LINESTRING (-73.988302 40.670847, -73.992872 40.665414)",True,,,
R33,R32,0,4th Av,1111.5725482506584,"LINESTRING (-73.988302 40.670847, -73.98311 40.677316)",True,,,
239,238,0,Eastern Pky,720.9857404182546,"LINESTRING (-73.958131 40.670682, -73.964375 40.671987)",True,,,
239,238,1,,720.9857404182546,"LINESTRING (-73.958131 40.670682, -73.964375 40.671987)",,2,126.04026845637584,True
239,238,2,,720.9857404182546,"LINESTRING (-73.958131 40.670682, -73.964375 40.671987)",,3,128.14583333333334,True
239,238,3,,720.9857404182546,"LINESTRING (-73.958131 40.670682, -73.964375 40.671987)",,4,122.3,True
239,248,0,Eastern Pky,862.0197720107215,"LINESTRING (-73.958131 40.670682, -73.950466 40.669847)",True,,,
239,248,1,,862.0197720107215,"LINESTRING (-73.958131 40.670682, -73.950466 40.669847)",,3,150.01315789473685,True
239,248,2,,862.0197720107215,"LINESTRING (-73.958131 40.670682, -73.950466 40.669847)",,4,131.625,True
239,248,3,,862.0197720107215,"LINESTRING (-73.958131 40.670682, -73.950466 40.669847)",,2,230.0,True
239,241,0,,925.2966751036521,"LINESTRING (-73.958131 40.670682, -73.950683 40.667883)",,2,180.95483870967743,True
239,241,1,,925.2966751036521,"LINESTRING (-73.958131 40.670682, -73.950683 40.667883)",,5,195.78181818181818,True
239,250,0,,2816.238350560078,"LINESTRING (-73.958131 40.670682, -73.932942 40.668897)",,4,293.0514705882353,True
239,250,1,,2816.238350560078,"LINESTRING (-73.958131 40.670682, -73.932942 40.668897)",,5,358.5833333333333,True
239,243,0,,2240.255978995812,"LINESTRING (-73.958131 40.670682, -73.9502 40.656652)",,5,7.0,True
239,235,0,,2959.613559940672,"LINESTRING (-73.958131 40.670682, -73.977666 40.684359)",,5,258.6,True
239,235,1,,2959.613559940672,"LINESTRING (-73.958131 40.670682, -73.977666 40.684359)",,4,269.4513888888889,True
239,244,0,,3063.1543836190094,"LINESTRING (-73.958131 40.670682, -73.949575 40.650843)",,2,338.0,True
636,637,0,Lexington Av,727.5189220523703,"LINESTRING (-73.99107 40.730054, -73.994659 40.725915)",True,,,
636,637,1,,727.5189220523703,"LINESTRING (-73.99107 40.730054, -73.994659 40.725915)",,6,85.65437788018433,True
636,637,2,,727.5189220523703,"LINESTRING (-73.99107 40.730054, -73.994659 40.725915)",,4,80.4,True
636,637,3,,727.5189220523703,"LINESTRING (-73.99107 40.730054, -73.994659 40.725915)",,6X,82.375,True
636,635,0,Lexington Av,689.8925562106587,"LINESTRING (-73.99107 40.730054, -73.989951 40.734673)",True,,,
636,635,1,,689.8925562106587,"LINESTRING (-73.99107 40.730054, -73.989951 40.734673)",,4,80.78947368421052,True
636,635,2,,689.8925562106587,"LINESTRING (-73.99107 40.730054, -73.989951 40.734673)",,6,84.31481481481481,True
636,635,3,,689.8925562106587,"LINESTRING (-73.99107 40.730054, -73.989951 40.734673)",,6X,87.6,True
D28,D29,0,Broadway - Brighton,967.7858423160982,"LINESTRING (-73.962982 40.650527, -73.964492 40.644031)",True,,,
D28,D27,0,Broadway - Brighton,718.4956257735861,"LINESTRING (-73.962982 40.650527, -73.961495 40.655292)",True,,,
R28,R29,0,Broadway,708.0797003914098,"LINESTRING (-73.991777 40.6941, -73.985942 40.69218)",True,,,
R28,R27,0,Broadway,2705.486963179197,"LINESTRING (-73.991777 40.6941, -74.012994 40.703087)",True,,,
J28,J29,0,Jamaica,849.7599034268727,"LINESTRING (-73.910456 40.682893, -73.916559 40.68637)",True,,,
J28,J27,0,Jamaica,828.3635121621919,"LINESTRING (-73.910456 40.682893, -73.904512 40.679498)",True,,,
712,713,0,Flushing,1086.7796323156017,"LINESTRING (-73.902984 40.74563, -73.912549 40.744149)",True,,,
712,711,0,Flushing,739.6768117403458,"LINESTRING (-73.902984 40.74563, -73.896403 40.746325)",True,,,
712,711,1,,739.6768117403458,"LINESTRING (-73.902984 40.74563, -73.896403 40.746325)",,7,61.45544554455446,True
712,711,2,,739.6768117403458,"LINESTRING (-73.902984 40.74563, -73.896403 40.746325)",,7X,61.64705882352941,True
712,714,0,,1758.722736691112,"LINESTRING (-73.902984 40.74563, -73.918435 40.743132)",,7,175.4080717488789,True
712,714,1,,1758.722736691112,"LINESTRING (-73.902984 40.74563, -73.918435 40.743132)",,7X,47.266666666666666,True
712,710,0,,1302.5463761785988,"LINESTRING (-73.902984 40.74563, -73.891394 40.746848)",,7,133.41176470588235,True
712,710,1,,1302.5463761785988,"LINESTRING (-73.902984 40.74563, -73.891394 40.746848)",,7X,251.0,True
712,715,0,,2356.9813398527617,"LINESTRING (-73.902984 40.74563, -73.924016 40.743781)",,7,235.5,True
712,718,0,,4206.501183433373,"LINESTRING (-73.902984 40.74563, -73.940202 40.750582)",,7,236.5,True
712,716,0,,3122.1563317272276,"LINESTRING (-73.902984 40.74563, -73.930997 40.744587)",,7,236.0,True
D41,D40,0,Broadway - Brighton,816.024474092399,"LINESTRING (-73.968501 40.576312, -73.961376 40.577621)",True,,,
J21,J22,0,Jamaica,555.2792793620442,"LINESTRING (-73.880039 40.68141, -73.884639 40.679947)",True,,,
J21,J19,0,Jamaica,1504.4705315059532,"LINESTRING (-73.880039 40.68141, -73.87255 40.689941)",True,,,
L22,L24,0,Canarsie,515.6009647259868,"LINESTRING (-73.90324 40.678856, -73.903097 40.675345)",True,,,
L22,L21,0,Canarsie,624.6114055238927,"LINESTRING (-73.90324 40.678856, -73.905249 40.682829)",True,,,
104,106,0,Broadway - 7Av,842.1819980460244,"LINESTRING (-73.904834 40.878856, -73.909831 40.874561)",True,,,
104,106,1,,842.1819980460244,"LINESTRING (-73.904834 40.878856, -73.909831 40.874561)",,1,83.38461538461539,True
104,103,0,Broadway - 7Av,962.6789231518977,"LINESTRING (-73.904834 40.878856, -73.90087 40.884667)",True,,,
104,103,1,,962.6789231518977,"LINESTRING (-73.904834 40.878856, -73.90087 40.884667)",,1,95.1504854368932,True
G10,G11,0,Queens Blvd,974.5916249798396,"LINESTRING (-73.861604 40.729846, -73.869229 40.733106)",True,,,
G10,G09,0,Queens Blvd,1102.9695048508702,"LINESTRING (-73.861604 40.729846, -73.852719 40.726523)",True,,,
A28,A30,0,8th Av - Fulton St,1071.031029968501,"LINESTRING (-73.993391 40.752287, -73.998041 40.745906)",True,,,
A28,A27,0,8th Av - Fulton St,842.656909558795,"LINESTRING (-73.993391 40.752287, -73.989735 40.757308)",True,,,
H12,H15,0,Rockaway,2657.7472231133897,"LINESTRING (-73.813641 40.588034, -73.835592 40.580903)",True,,,
H12,H04,0,Rockaway,2994.0285428902216,"LINESTRING (-73.813641 40.588034, -73.815925 40.608382)",True,,,
126,127,0,Broadway - 7Av,1029.5252502306162,"LINESTRING (-73.983849 40.761728, -73.987495 40.75529)",True,,,
126,127,1,,1029.5252502306162,"LINESTRING (-73.983849 40.761728, -73.987495 40.75529)",,1,83.02702702702703,True
126,127,2,,1029.5252502306162,"LINESTRING (-73.983849 40.761728, -73.987495 40.75529)",,2,100.33333333333333,True
126,125,0,Broadway - 7Av,981.6921531234968,"LINESTRING (-73.983849 40.761728, -73.981929 40.768247)",True,,,
126,125,1,,981.6921531234968,"LINESTRING (-73.983849 40.761728, -73.981929 40.768247)",,2,96.66666666666667,True
126,125,2,,981.6921531234968,"LINESTRING (-73.983849 40.761728, -73.981929 40.768247)",,1,102.25233644859813,True
126,128,0,,1851.5904415873636,"LINESTRING (-73.983849 40.761728, -73.991057 40.750373)",,1,271.0,True
126,136,0,,6738.089388956259,"LINESTRING (-73.983849 40.761728, -74.006886 40.719318)",,1,51.0,True
120,121,0,Broadway - 7Av,888.5781923103928,"LINESTRING (-73.972323 40.793919, -73.976218 40.788644)",True,,,
120,121,1,,888.5781923103928,"LINESTRING (-73.972323 40.793919, -73.976218 40.788644)",,1,154.8709677419355,True
120,121,2,,888.5781923103928,"LINESTRING (-73.972323 40.793919, -73.976218 40.788644)",,2,116.93333333333334,True
120,119,0,Broadway - 7Av,923.7362438030033,"LINESTRING (-73.972323 40.793919, -73.968379 40.799446)",True,,,
120,119,1,,923.7362438030033,"LINESTRING (-73.972323 40.793919, -73.968379 40.799446)",,1,135.44859813084113,True
120,227,0,,2404.8043939866693,"LINESTRING (-73.972323 40.793919, -73.951822 40.799075)",,2,283.91946308724835,True
120,227,1,,2404.8043939866693,"LINESTRING (-73.972323 40.793919, -73.951822 40.799075)",,3,273.8689655172414,True
120,123,0,,2514.706450821528,"LINESTRING (-73.972323 40.793919, -73.98197 40.778453)",,3,179.51655629139074,True
120,123,1,,2514.706450821528,"LINESTRING (-73.972323 40.793919, -73.98197 40.778453)",,2,173.89285714285714,True
120,123,2,,2514.706450821528,"LINESTRING (-73.972323 40.793919, -73.98197 40.778453)",,1,343.0,True
120,123,3,,2514.706450821528,"LINESTRING (-73.972323 40.793919, -73.98197 40.778453)",,5,172.66666666666666,True
120,124,0,,3205.6129232932776,"LINESTRING (-73.972323 40.793919, -73.982209 40.77344)",,1,483.2,True
120,128,0,,6732.107988214601,"LINESTRING (-73.972323 40.793919, -73.991057 40.750373)",,1,142.0,True
A45,A46,0,8th Av - Fulton St,728.1440581527679,"LINESTRING (-73.956848 40.68138, -73.950426 40.680438)",True,,,
A45,A44,0,8th Av - Fulton St,1038.2339631325437,"LINESTRING (-73.956848 40.68138, -73.965838 40.683263)",True,,,
630,631,0,Lexington Av,956.3857242376977,"LINESTRING (-73.97192 40.757107, -73.976848 40.751776)",True,,,
630,631,1,,956.3857242376977,"LINESTRING (-73.97192 40.757107, -73.976848 40.751776)",,6,128.34285714285716,True
630,631,2,,956.3857242376977,"LINESTRING (-73.97192 40.757107, -73.976848 40.751776)",,6X,124.27777777777777,True
630,631,3,,956.3857242376977,"LINESTRING (-73.97192 40.757107, -73.976848 40.751776)",,4,120.44444444444444,True
630,629,0,Lexington Av,909.8918401802778,"LINESTRING (-73.97192 40.757107, -73.967967 40.762526)",True,,,
630,629,1,,909.8918401802778,"LINESTRING (-73.97192 40.757107, -73.967967 40.762526)",,4,92.26315789473684,True
630,629,2,,909.8918401802778,"LINESTRING (-73.97192 40.757107, -73.967967 40.762526)",,6,100.11214953271028,True
630,629,3,,909.8918401802778,"LINESTRING (-73.97192 40.757107, -73.967967 40.762526)",,6X,102.825,True
630,626,0,,3759.0787209241316,"LINESTRING (-73.97192 40.757107, -73.955589 40.779492)",,6,29.0,True
N02,N03,0,Sea Beach,890.8359671148671,"LINESTRING (-74.011719 40.635064, -74.005351 40.631386)",True,,,
S13,S11,0,Staten Island,1509.849524305548,"LINESTRING (-74.229141 40.519631, -74.242096 40.516578)",True,,,
S13,S14,0,Staten Island,1321.4664910431354,"LINESTRING (-74.229141 40.519631, -74.217847 40.52241)",True,,,
235,234,0,Eastern Pky,651.5967445215506,"LINESTRING (-73.977666 40.684359, -73.980492 40.688246)",True,,,
235,234,1,,651.5967445215506,"LINESTRING (-73.977666 40.684359, -73.980492 40.688246)",,2,86.32214765100672,True
235,234,2,,651.5967445215506,"LINESTRING (-73.977666 40.684359, -73.980492 40.688246)",,3,86.68055555555556,True
235,234,3,,651.5967445215506,"LINESTRING (-73.977666 40.684359, -73.980492 40.688246)",,4,93.86363636363636,True
235,234,4,,651.5967445215506,"LINESTRING (-73.977666 40.684359, -73.980492 40.688246)",,5,90.08333333333333,True
235,236,0,Eastern Pky,591.8093262643115,"LINESTRING (-73.977666 40.684359, -73.975098 40.680829)",True,,,
235,236,1,,591.8093262643115,"LINESTRING (-73.977666 40.684359, -73.975098 40.680829)",,3,98.45033112582782,True
235,236,2,,591.8093262643115,"LINESTRING (-73.977666 40.684359, -73.975098 40.680829)",,2,100.86363636363636,True
235,236,3,,591.8093262643115,"LINESTRING (-73.977666 40.684359, -73.975098 40.680829)",,4,106.25,True
235,236,4,,591.8093262643115,"LINESTRING (-73.977666 40.684359, -73.975098 40.680829)",,5,100.0,True
235,239,0,,2959.613559940672,"LINESTRING (-73.977666 40.684359, -73.958131 40.670682)",,5,237.34453781512605,True
235,239,1,,2959.613559940672,"LINESTRING (-73.977666 40.684359, -73.958131 40.670682)",,4,242.35294117647058,True
235,242,0,,4356.3737598303505,"LINESTRING (-73.977666 40.684359, -73.95085 40.662742)",,5,145.0,True
235,231,0,,2578.64303989416,"LINESTRING (-73.977666 40.684359, -73.993086 40.697466)",,2,54.0,True
235,231,1,,2578.64303989416,"LINESTRING (-73.977666 40.684359, -73.993086 40.697466)",,5,11.0,True
235,250,0,,5471.5454710863305,"LINESTRING (-73.977666 40.684359, -73.932942 40.668897)",,3,33.0,True
235,418,0,,5210.448239780243,"LINESTRING (-73.977666 40.684359, -74.009509 40.710368)",,2,94.0,True
235,640,0,,5142.458674417752,"LINESTRING (-73.977666 40.684359, -74.004131 40.713065)",,2,111.5,True
247,246,0,Nostrand,1049.5682004332346,"LINESTRING (-73.947642 40.632836, -73.948411 40.639967)",True,,,
401,402,0,Jerome Av,1135.2755022178837,"LINESTRING (-73.878751 40.886037, -73.884655 40.87975)",True,,,
D17,D18,0,6th Av - Culver,1148.892181830478,"LINESTRING (-73.987823 40.749719, -73.992821 40.742878)",True,,,
D17,D16,0,6th Av - Culver,754.3673984223735,"LINESTRING (-73.987823 40.749719, -73.984569 40.754222)",True,,,
505,504,0,Dyre Av,888.5076321652308,"LINESTRING (-73.860495 40.854364, -73.855359 40.858985)",True,,,
505,504,1,,888.5076321652308,"LINESTRING (-73.860495 40.854364, -73.855359 40.858985)",,5,92.27338129496403,True
505,213,0,,2336.5767684907187,"LINESTRING (-73.860495 40.854364, -73.873488 40.841894)",,5,187.8943661971831,True
L01,L02,0,Canarsie,737.8605663402989,"LINESTRING (-74.002578 40.739777, -73.996786 40.737335)",True,,,
718,719,0,Flushing,768.7797966334986,"LINESTRING (-73.940202 40.750582, -73.945264 40.747023)",True,,,
718,719,1,,768.7797966334986,"LINESTRING (-73.940202 40.750582, -73.945264 40.747023)",,7,108.89655172413794,True
718,716,0,Flushing,1351.2882030966175,"LINESTRING (-73.940202 40.750582, -73.930997 40.744587)",True,,,
718,716,1,,1351.2882030966175,"LINESTRING (-73.940202 40.750582, -73.930997 40.744587)",,7,139.981220657277,True
718,716,2,,1351.2882030966175,"LINESTRING (-73.940202 40.750582, -73.930997 40.744587)",,7X,139.66666666666666,True
718,720,0,,1565.9078062145816,"LINESTRING (-73.940202 40.750582, -73.948916 40.742216)",,7,54.49375,True
718,720,1,,1565.9078062145816,"LINESTRING (-73.940202 40.750582, -73.948916 40.742216)",,7X,65.02702702702703,True
718,715,0,,2060.3861426958215,"LINESTRING (-73.940202 40.750582, -73.924016 40.743781)",,7,200.35294117647058,True
718,715,1,,2060.3861426958215,"LINESTRING (-73.940202 40.750582, -73.924016 40.743781)",,7X,217.0,True
612,613,0,Pelham,947.9462583342976,"LINESTRING (-73.886283 40.826525, -73.890549 40.820948)",True,,,
612,613,1,,947.9462583342976,"LINESTRING (-73.886283 40.826525, -73.890549 40.820948)",,6,177.67241379310346,True
612,611,0,Pelham,848.9213928556944,"LINESTRING (-73.886283 40.826525, -73.879159 40.828584)",True,,,
612,611,1,,848.9213928556944,"LINESTRING (-73.886283 40.826525, -73.879159 40.828584)",,6,105.33333333333333,True
612,611,2,,848.9213928556944,"LINESTRING (-73.886283 40.826525, -73.879159 40.828584)",,6X,95.0,True
612,615,0,,2902.4211150447763,"LINESTRING (-73.886283 40.826525, -73.904098 40.812118)",,6,48.0,True
M12,M13,0,Jamaica,877.4211298708999,"LINESTRING (-73.941126 40.70026, -73.947408 40.703869)",True,,,
M12,M11,0,Jamaica,756.0388366958624,"LINESTRING (-73.941126 40.70026, -73.935657 40.697207)",True,,,
S28,S27,0,Staten Island,3019.6598039062224,"LINESTRING (-74.071402 40.621319, -74.084087 40.603117)",True,,,
S28,S29,0,Staten Island,1054.0845223595413,"LINESTRING (-74.071402 40.621319, -74.075162 40.627915)",True,,,
228,229,0,Clark St,589.1963755705161,"LINESTRING (-74.008811 40.713051, -74.006571 40.709416)",True,,,
228,229,1,,589.1963755705161,"LINESTRING (-74.008811 40.713051, -74.006571 40.709416)",,3,119.53947368421052,True
228,229,2,,589.1963755705161,"LINESTRING (-74.008811 40.713051, -74.006571 40.709416)",,2,120.90322580645162,True
228,229,3,,589.1963755705161,"LINESTRING (-74.008811 40.713051, -74.006571 40.709416)",,5,131.66666666666666,True
228,137,0,,360.02188593534527,"LINESTRING (-74.008811 40.713051, -74.009266 40.715478)",,2,90.33557046979865,True
228,137,1,,360.02188593534527,"LINESTRING (-74.008811 40.713051, -74.009266 40.715478)",,3,94.86805555555556,True
220,221,0,Lenox - White Plains Rd,1109.0457631604854,"LINESTRING (-73.907807 40.81649, -73.917757 40.816109)",True,,,
220,221,1,,1109.0457631604854,"LINESTRING (-73.907807 40.81649, -73.917757 40.816109)",,2,141.23870967741937,True
220,221,2,,1109.0457631604854,"LINESTRING (-73.907807 40.81649, -73.917757 40.816109)",,5,139.74,True
220,219,0,Lenox - White Plains Rd,811.7211577209916,"LINESTRING (-73.907807 40.81649, -73.90177 40.819585)",True,,,
220,219,1,,811.7211577209916,"LINESTRING (-73.907807 40.81649, -73.90177 40.819585)",,2,91.01342281879195,True
220,219,2,,811.7211577209916,"LINESTRING (-73.907807 40.81649, -73.90177 40.819585)",,5,93.34065934065934,True
D07,D08,0,Concourse,859.721287409109,"LINESTRING (-73.905227 40.85041, -73.910136 40.8459)",True,,,
D07,D06,0,Concourse,974.1222232663947,"LINESTRING (-73.905227 40.85041, -73.900741 40.856093)",True,,,
L08,L10,0,Canarsie,875.1465872616042,"LINESTRING (-73.956872 40.717304, -73.950275 40.714063)",True,,,
L08,L06,0,Canarsie,3407.935169264644,"LINESTRING (-73.956872 40.717304, -73.981628 40.730953)",True,,,
B06,B08,0,63rd St,1642.1840794808586,"LINESTRING (-73.95326 40.759145, -73.966113 40.764629)",True,,,
B06,B04,0,63rd St,1368.9346647133589,"LINESTRING (-73.95326 40.759145, -73.942836 40.754203)",True,,,
J15,J16,0,Jamaica,962.5074837584775,"LINESTRING (-73.851576 40.693879, -73.86001 40.692435)",True,,,
J15,J14,0,Jamaica,828.8618631876775,"LINESTRING (-73.851576 40.693879, -73.84433 40.695178)",True,,,
S18,S17,0,Staten Island,1635.8085086866554,"LINESTRING (-74.16457 40.544601, -74.178217 40.54046)",True,,,
S18,S19,0,Staten Island,1758.7261953190714,"LINESTRING (-74.16457 40.544601, -74.151399 40.551231)",True,,,
F14,D22,0,6th Av - Culver,865.5708631999181,"LINESTRING (-73.989938 40.723402, -73.993753 40.718267)",True,,,
F14,D21,0,6th Av - Culver,751.0157095376504,"LINESTRING (-73.989938 40.723402, -73.996204 40.725297)",True,,,
253,252,0,Eastern Pky,837.2431728300136,"LINESTRING (-73.908946 40.662549, -73.916327 40.661453)",True,,,
253,252,1,,837.2431728300136,"LINESTRING (-73.908946 40.662549, -73.916327 40.661453)",,3,83.09722222222223,True
253,252,2,,837.2431728300136,"LINESTRING (-73.908946 40.662549, -73.916327 40.661453)",,5,88.0,True
253,252,3,,837.2431728300136,"LINESTRING (-73.908946 40.662549, -73.916327 40.661453)",,4,70.0,True
253,252,4,,837.2431728300136,"LINESTRING (-73.908946 40.662549, -73.916327 40.661453)",,2,82.0,True
253,254,0,Eastern Pky,737.2236728251258,"LINESTRING (-73.908946 40.662549, -73.902447 40.663515)",True,,,
253,254,1,,737.2236728251258,"LINESTRING (-73.908946 40.662549, -73.902447 40.663515)",,3,82.45033112582782,True
253,254,2,,737.2236728251258,"LINESTRING (-73.908946 40.662549, -73.902447 40.663515)",,2,88.33333333333333,True
253,254,3,,737.2236728251258,"LINESTRING (-73.908946 40.662549, -73.902447 40.663515)",,4,89.25,True
253,256,0,,2217.6278796372276,"LINESTRING (-73.908946 40.662549, -73.889395 40.665449)",,3,177.0,True
