GTFS Stop ID,Station ID,Complex ID,Division,Line,Stop Name,Borough,CBD,Daytime Routes,Structure,GTFS Latitude,GTFS Longitude,North Direction Label,South Direction Label,ADA,ADA Northbound,ADA Southbound,ADA Notes,Georeference,geometry,_x,_y,is_cbd,geometry_wkt
127,317,611,IRT,Broadway - 7Av,Times Sq-42 St,M,True,1 2 3,Subway,40.75529,-73.987495,Uptown,Downtown,1,1,1,,POINT (-73.987495 40.75529),POINT (-73.987495 40.75529),-8236250.268469874,4976313.724786738,True,POINT (-73.987495 40.75529)
S17,515,515,SIR,Staten Island,Annadale,SI,False,SIR,Open Cut,40.54046,-74.178217,Ferry,South Shore,0,0,0,,POINT (-74.178217 40.54046),POINT (-74.178217 40.54046),-8257481.344392949,4944794.097393341,False,POINT (-74.178217 40.54046)
S01,139,627,BMT,Franklin Shuttle,Franklin Av,Bk,False,S,Elevated,40.680596,-73.955827,Last Stop,Prospect Park,1,1,1,,POINT (-73.955827 40.680596),POINT (-73.955827 40.680596),-8232725.002835433,4965343.188491902,False,POINT (-73.955827 40.680596)
254,349,349,IRT,Eastern Pky,Junius St,Bk,False,3,Elevated,40.663515,-73.902447,Manhattan,New Lots,0,0,0,,POINT (-73.902447 40.663515),POINT (-73.902447 40.663515),-8226782.768416888,4962836.1774836,False,POINT (-73.902447 40.663515)
M01,108,108,BMT,Myrtle Av,Middle Village-Metropolitan Av,Q,False,M,Elevated,40.711396,-73.889601,Inbound,Last Stop,1,1,1,,POINT (-73.889601 40.711396),POINT (-73.889601 40.711396),-8225352.758238157,4969865.3875062745,False,POINT (-73.889601 40.711396)
726,471,471,IRT,Flushing,34 St-Hudson Yards,M,True,7,Subway,40.755882,-74.00191,Last Stop,Queens,1,1,1,,POINT (-74.00191 40.755882),POINT (-74.00191 40.755882),-8237854.938929659,4976400.722835481,True,POINT (-74.00191 40.755882)
713,457,457,IRT,Flushing,52 St,Q,False,7,Elevated,40.744149,-73.912549,Outbound,Manhattan,0,0,0,,POINT (-73.912549 40.744149),POINT (-73.912549 40.744149),-8227907.317912881,4974676.630615639,False,POINT (-73.912549 40.744149)
615,373,373,IRT,Pelham,E 149 St,Bx,False,6,Subway,40.812118,-73.904098,Northbound,Manhattan,1,1,1,,POINT (-73.904098 40.812118),POINT (-73.904098 40.812118),-8226966.556896188,4984668.485078848,False,POINT (-73.904098 40.812118)
M11,97,97,BMT,Jamaica,Myrtle Av,Bk,False,M J Z,Elevated,40.697207,-73.935657,Outbound,Manhattan,0,0,0,,POINT (-73.935657 40.697207),POINT (-73.935657 40.697207),-8230479.6887061335,4967781.832920411,False,POINT (-73.935657 40.697207)
F16,234,234,IND,6th Av - Culver,East Broadway,M,True,F,Subway,40.713715,-73.990173,Uptown,Brooklyn,0,0,0,,POINT (-73.990173 40.713715),POINT (-73.990173 40.713715),-8236548.382066218,4970205.958510377,True,POINT (-73.990173 40.713715)
F33,248,248,IND,6th Av - Culver,Avenue N,Bk,False,F,Elevated,40.61514,-73.974197,Manhattan,Southbound,0,0,0,,POINT (-73.974197 40.61514),POINT (-73.974197 40.61514),-8234769.9418813065,4955739.567947191,False,POINT (-73.974197 40.61514)
233,336,336,IRT,Eastern Pky,Hoyt St,Bk,False,2 3,Subway,40.690545,-73.985065,Manhattan,Outbound,2,0,1,Outbound only,POINT (-73.985065 40.690545),POINT (-73.985065 40.690545),-8235979.7621072475,4966803.718298695,False,POINT (-73.985065 40.690545)
M05,110,110,BMT,Myrtle Av,Forest Av,Q,False,M,Elevated,40.704423,-73.903077,Inbound,Middle Village,0,0,0,,POINT (-73.903077 40.704423),POINT (-73.903077 40.704423),-8226852.899696087,4968841.39616248,False,POINT (-73.903077 40.704423)
S30,502,502,SIR,Staten Island,Tompkinsville,SI,False,SIR,At Grade,40.636949,-74.074835,Ferry,South Shore,0,0,0,,POINT (-74.074835 40.636949),POINT (-74.074835 40.636949),-8245972.912795758,4958938.310323006,False,POINT (-74.074835 40.636949)
R43,37,37,BMT,4th Av,77 St,Bk,False,R,Subway,40.629742,-74.02551,Manhattan,Bay Ridge,0,0,0,,POINT (-74.02551 40.629742),POINT (-74.02551 40.629742),-8240482.07891238,4957881.13866871,False,POINT (-74.02551 40.629742)
A36,170,624,IND,8th Av - Fulton St,Chambers St,M,True,A C,Subway,40.714111,-74.008585,Uptown,Brooklyn,0,0,0,,POINT (-74.008585 40.714111),POINT (-74.008585 40.714111),-8238597.996530703,4970264.11671105,True,POINT (-74.008585 40.714111)
604,363,363,IRT,Pelham,Westchester Sq-E Tremont Av,Bx,False,6,Elevated,40.839892,-73.842952,Pelham Bay,Manhattan,1,1,1,,POINT (-73.842952 40.839892),POINT (-73.842952 40.839892),-8220159.815312142,4988754.376605597,False,POINT (-73.842952 40.839892)
D09,217,217,IND,Concourse,170 St,Bx,False,B D,Subway,40.839306,-73.9134,Northbound,Manhattan,0,0,0,,POINT (-73.9134 40.839306),POINT (-73.9134 40.839306),-8228002.050799546,4988668.15123844,False,POINT (-73.9134 40.839306)
629,400,613,IRT,Lexington Av,59 St,M,True,4 5 6,Subway,40.762526,-73.967967,Uptown,Downtown,0,0,0,,POINT (-73.967967 40.762526),POINT (-73.967967 40.762526),-8234076.421453664,4977377.1527266465,True,POINT (-73.967967 40.762526)
219,432,432,IRT,Lenox - White Plains Rd,Prospect Av,Bx,False,2 5,Elevated,40.819585,-73.90177,Northbound,Manhattan,0,0,0,,POINT (-73.90177 40.819585),POINT (-73.90177 40.819585),-8226707.405121621,4985766.802979668,False,POINT (-73.90177 40.819585)
F39,253,253,IND,6th Av - Culver,Neptune Av,Bk,False,F,Elevated,40.581011,-73.974574,Manhattan,Coney Island,0,0,0,,POINT (-73.974574 40.581011),POINT (-73.974574 40.581011),-8234811.909329335,4950735.936659922,False,POINT (-73.974574 40.581011)
N09,78,78,BMT,Sea Beach,Avenue U,Bk,False,N,Open Cut,40.597473,-73.979137,Manhattan,Coney Island,0,0,0,,POINT (-73.979137 40.597473),POINT (-73.979137 40.597473),-8235319.860165824,4953149.101256795,False,POINT (-73.979137 40.597473)
610,368,368,IRT,Pelham,Morrison Av-Soundview,Bx,False,6,Elevated,40.829521,-73.874516,Northbound,Manhattan,0,0,0,,POINT (-73.874516 40.829521),POINT (-73.874516 40.829521),-8223673.503719541,4987228.476793425,False,POINT (-73.874516 40.829521)
F32,247,247,IND,6th Av - Culver,Bay Pkwy,Bk,False,F,Elevated,40.620769,-73.975264,Manhattan,Southbound,0,0,0,,POINT (-73.975264 40.620769),POINT (-73.975264 40.620769),-8234888.719777981,4956565.077597248,False,POINT (-73.975264 40.620769)
R13,8,8,BMT,Astoria,5 Av/59 St,M,True,N R W,Subway,40.764811,-73.973347,Queens,Downtown,0,0,0,,POINT (-73.973347 40.764811),POINT (-73.973347 40.764811),-8234675.320314132,4977712.988392476,True,POINT (-73.973347 40.764811)
B22,69,69,BMT,West End,25 Av,Bk,False,D,Elevated,40.597704,-73.986829,Manhattan,Coney Island,0,0,0,,POINT (-73.986829 40.597704),POINT (-73.986829 40.597704),-8236176.129689005,4953182.967773991,False,POINT (-73.986829 40.597704)
622,393,393,IRT,Lexington Av,116 St,M,False,6,Subway,40.798629,-73.941617,The Bronx,Downtown,0,0,0,,POINT (-73.941617 40.798629),POINT (-73.941617 40.798629),-8231143.15287126,4982684.707003031,False,POINT (-73.941617 40.798629)
H14,202,202,IND,Rockaway,Beach 105 St,Q,False,A S,Viaduct,40.583209,-73.827559,Inbound,Rockaway Park,0,0,0,,POINT (-73.827559 40.583209),POINT (-73.827559 40.583209),-8218446.27439036,4951058.107122809,False,POINT (-73.827559 40.583209)
F05,258,258,IND,Queens Blvd,Briarwood,Q,False,E F,Subway,40.709179,-73.820574,Jamaica,Manhattan,0,0,0,,POINT (-73.820574 40.709179),POINT (-73.820574 40.709179),-8217668.70774717,4969539.807429255,False,POINT (-73.820574 40.709179)
R19,14,14,BMT,Broadway - Brighton,23 St,M,True,R W,Subway,40.741303,-73.989344,Uptown,Downtown,0,0,0,,POINT (-73.989344 40.741303),POINT (-73.989344 40.741303),-8236456.098208351,4974258.474250428,True,POINT (-73.989344 40.741303)
R18,13,13,BMT,Broadway - Brighton,28 St,M,True,R W,Subway,40.745494,-73.988691,Uptown,Downtown,0,0,0,,POINT (-73.988691 40.745494),POINT (-73.988691 40.745494),-8236383.4065808635,4974874.254660399,True,POINT (-73.988691 40.745494)
114,304,304,IRT,Broadway - 7Av,145 St,M,False,1,Subway,40.826551,-73.95036,Uptown,Downtown,0,0,0,,POINT (-73.95036 40.826551),POINT (-73.95036 40.826551),-8232116.419179266,4986791.540478667,False,POINT (-73.95036 40.826551)
A03,144,144,IND,8th Av - Fulton St,Dyckman St,M,False,A,Subway,40.865491,-73.927271,Uptown,Downtown,0,0,0,,POINT (-73.927271 40.865491),POINT (-73.927271 40.865491),-8229546.16345634,4992521.815754781,False,POINT (-73.927271 40.865491)
M16,101,101,BMT,Jamaica,Marcy Av,Bk,False,M J Z,Elevated,40.708359,-73.957757,Outbound,Manhattan,1,1,1,,POINT (-73.957757 40.708359),POINT (-73.957757 40.708359),-8232939.849452664,4969419.388135093,False,POINT (-73.957757 40.708359)
720,463,463,IRT,Flushing,Hunters Point Av,Q,False,7,Subway,40.742216,-73.948916,Outbound,Manhattan,0,0,0,,POINT (-73.948916 40.742216),POINT (-73.948916 40.742216),-8231955.6738345595,4974392.617333286,False,POINT (-73.948916 40.742216)
A16,154,154,IND,8th Av - Fulton St,116 St,M,False,C B,Subway,40.805085,-73.954882,Uptown,Downtown,0,0,0,,POINT (-73.954882 40.805085),POINT (-73.954882 40.805085),-8232619.8059166325,4983634.117088335,False,POINT (-73.954882 40.805085)
A41,174,636,IND,8th Av - Fulton St,Jay St-MetroTech,Bk,False,A C F,Subway,40.692338,-73.987342,Manhattan,Outbound,1,1,1,,POINT (-73.987342 40.692338),POINT (-73.987342 40.692338),-8236233.236587783,4967066.956881289,False,POINT (-73.987342 40.692338)
R39,33,33,BMT,4th Av,45 St,Bk,False,R,Subway,40.648939,-74.010006,Manhattan,Southbound,0,0,0,,POINT (-74.010006 40.648939),POINT (-74.010006 40.648939),-8238756.181527122,4960697.33776677,False,POINT (-74.010006 40.648939)
A52,185,185,IND,8th Av - Fulton St,Liberty Av,Bk,False,C,Subway,40.674542,-73.896548,Manhattan,Outbound,0,0,0,,POINT (-73.896548 40.674542),POINT (-73.896548 40.674542),-8226126.094740698,4964454.557867741,False,POINT (-73.896548 40.674542)
G34,290,290,IND,Crosstown,Classon Av,Bk,False,G,Subway,40.688873,-73.96007,Queens,Southbound,0,0,0,,POINT (-73.96007 40.688873),POINT (-73.96007 40.688873),-8233197.331434869,4966558.250665265,False,POINT (-73.96007 40.688873)
D30,46,46,BMT,Broadway - Brighton,Cortelyou Rd,Bk,False,Q,Open Cut,40.640927,-73.963891,Manhattan,Southbound,0,0,0,,POINT (-73.963891 40.640927),POINT (-73.963891 40.640927),-8233622.683209191,4959521.879231761,False,POINT (-73.963891 40.640927)
G20,272,272,IND,Queens Blvd,36 St,Q,False,M R,Subway,40.752039,-73.928781,Outbound,Manhattan,0,0,0,,POINT (-73.928781 40.752039),POINT (-73.928781 40.752039),-8229714.255887438,4975835.984106985,False,POINT (-73.928781 40.752039)
418,412,628,IRT,Lexington Av,Fulton St,M,True,4 5,Subway,40.710368,-74.009509,Uptown,Downtown,1,1,1,,POINT (-74.009509 40.710368),POINT (-74.009509 40.710368),-8238700.855740197,4969714.418039722,True,POINT (-74.009509 40.710368)
212,425,425,IRT,Lenox - White Plains Rd,Bronx Park East,Bx,False,2 5,Elevated,40.848828,-73.868457,Northbound,Manhattan,0,0,0,,POINT (-73.868457 40.848828),POINT (-73.868457 40.848828),-8222999.018924825,4990069.334339716,False,POINT (-73.868457 40.848828)
503,444,444,IRT,Dyre Av,Gun Hill Rd,Bx,False,5,Open Cut,40.869526,-73.846384,Eastchester,Manhattan,1,1,1,,POINT (-73.846384 40.869526),POINT (-73.846384 40.869526),-8220541.863804544,4993115.784955956,False,POINT (-73.846384 40.869526)
B18,65,65,BMT,West End,79 St,Bk,False,D,Elevated,40.613501,-74.00061,Manhattan,Southbound,0,0,0,,POINT (-74.00061 40.613501),POINT (-74.00061 40.613501),-8237710.223591628,4955499.216779508,False,POINT (-74.00061 40.613501)
G29,285,629,IND,Crosstown,Metropolitan Av,Bk,False,G,Subway,40.712792,-73.951418,Queens,Southbound,1,1,1,,POINT (-73.951418 40.712792),POINT (-73.951418 40.712792),-8232234.195200525,4970070.404248993,False,POINT (-73.951418 40.712792)
G21,273,273,IND,Queens Blvd,Queens Plaza,Q,False,E F R,Subway,40.748973,-73.937243,Outbound,Manhattan,1,1,1,,POINT (-73.937243 40.748973),POINT (-73.937243 40.748973),-8230656.24141853,4975385.450934071,False,POINT (-73.937243 40.748973)
406,381,381,IRT,Jerome Av,Kingsbridge Rd,Bx,False,4,Elevated,40.86776,-73.897174,Northbound,Manhattan,0,0,0,,POINT (-73.897174 40.86776),POINT (-73.897174 40.86776),-8226195.780741936,4992855.81777373,False,POINT (-73.897174 40.86776)
R23,18,623,BMT,Broadway,Canal St,M,True,R W,Subway,40.719527,-74.001775,Uptown,Downtown,0,0,0,,POINT (-74.001775 40.719527),POINT (-74.001775 40.719527),-8237839.910798402,4971059.56763086,True,POINT (-74.001775 40.719527)
110,300,300,IRT,Broadway - 7Av,191 St,M,False,1,Subway,40.855225,-73.929412,The Bronx,Downtown,0,0,0,,POINT (-73.929412 40.855225),POINT (-73.929412 40.855225),-8229784.498486129,4991010.779938227,False,POINT (-73.929412 40.855225)
G09,262,262,IND,Queens Blvd,67 Av,Q,False,M R,Subway,40.726523,-73.852719,Outbound,Manhattan,0,0,0,,POINT (-73.852719 40.726523),POINT (-73.852719 40.726523),-8221247.0727787195,4972087.169826615,False,POINT (-73.852719 40.726523)
A51,184,621,IND,8th Av - Fulton St,Broadway Junction,Bk,False,A C,Subway,40.678334,-73.905316,Manhattan,Outbound,0,0,0,,POINT (-73.905316 40.678334),POINT (-73.905316 40.678334),-8227102.144035974,4965011.1535331085,False,POINT (-73.905316 40.678334)
R01,1,1,BMT,Astoria,Astoria-Ditmars Blvd,Q,False,N W,Elevated,40.775036,-73.912034,Last Stop,Manhattan,0,0,0,,POINT (-73.912034 40.775036),POINT (-73.912034 40.775036),-8227849.9883751245,4979215.939342059,False,POINT (-73.912034 40.775036)
246,358,358,IRT,Nostrand,Newkirk Av-Little Haiti,Bk,False,2 5,Subway,40.639967,-73.948411,Manhattan,Flatbush,0,0,0,,POINT (-73.948411 40.639967),POINT (-73.948411 40.639967),-8231899.457491709,4959381.044939071,False,POINT (-73.948411 40.639967)
L15,126,126,BMT,Canarsie,Jefferson St,Bk,False,L,Subway,40.706607,-73.922913,Manhattan,Outbound,0,0,0,,POINT (-73.922913 40.706607),POINT (-73.922913 40.706607),-8229061.033115463,4969162.107001863,False,POINT (-73.922913 40.706607)
725,467,611,IRT,Flushing,Times Sq-42 St,M,True,7,Subway,40.755477,-73.987691,Queens,Hudson Yards,1,1,1,,POINT (-73.987691 40.755477),POINT (-73.987691 40.755477),-8236272.087090069,4976341.205505592,True,POINT (-73.987691 40.755477)
S25,507,507,SIR,Staten Island,Dongan Hills,SI,False,SIR,Embankment,40.588849,-74.09609,Ferry,South Shore,1,1,1,,POINT (-74.09609 40.588849),POINT (-74.09609 40.588849),-8248339.00857257,4951884.835002804,False,POINT (-74.09609 40.588849)
H01,196,196,IND,Rockaway,Aqueduct Racetrack,Q,False,A,At Grade,40.672097,-73.835919,Manhattan,Rockaways,1,1,1,,POINT (-73.835919 40.672097),POINT (-73.835919 40.672097),-8219376.905333394,4964095.693746098,False,POINT (-73.835919 40.672097)
J22,89,89,BMT,Jamaica,Cleveland St,Bk,False,J,Elevated,40.679947,-73.884639,Outbound,Manhattan,0,0,0,,POINT (-73.884639 40.679947),POINT (-73.884639 40.679947),-8224800.390924842,4965247.921783058,False,POINT (-73.884639 40.679947)
A20,158,158,IND,8th Av - Fulton St,86 St,M,False,C B,Subway,40.785868,-73.968916,Uptown,Downtown,0,0,0,,POINT (-73.968916 40.785868),POINT (-73.968916 40.785868),-8234182.0636504255,4980808.3642692,False,POINT (-73.968916 40.785868)
A57,189,189,IND,Liberty Av,Grant Av,Bk,False,A,Subway,40.677044,-73.86505,Manhattan,Queens,0,0,0,,POINT (-73.86505 40.677044),POINT (-73.86505 40.677044),-8222619.753419691,4964821.8017710745,False,POINT (-73.86505 40.677044)
G15,268,268,IND,Queens Blvd,65 St,Q,False,M R,Subway,40.749669,-73.898453,Outbound,Manhattan,0,0,0,,POINT (-73.898453 40.749669),POINT (-73.898453 40.749669),-8226338.15837066,4975487.722786716,False,POINT (-73.898453 40.749669)
D34,50,50,BMT,Broadway - Brighton,Avenue M,Bk,False,Q,Open Cut,40.617618,-73.959399,Manhattan,Southbound,0,0,0,,POINT (-73.959399 40.617618),POINT (-73.959399 40.617618),-8233122.636056547,4956102.965472652,False,POINT (-73.959399 40.617618)
103,294,294,IRT,Broadway - 7Av,238 St,Bx,False,1,Elevated,40.884667,-73.90087,Van Cortlandt,Manhattan,0,0,0,,POINT (-73.90087 40.884667),POINT (-73.90087 40.884667),-8226607.217579907,4995344.927506436,False,POINT (-73.90087 40.884667)
238,341,341,IRT,Eastern Pky,Eastern Pkwy-Brooklyn Museum,Bk,False,2 3,Subway,40.671987,-73.964375,Manhattan,Outbound,1,1,1,,POINT (-73.964375 40.671987),POINT (-73.964375 40.671987),-8233676.561842734,4964079.548839329,False,POINT (-73.964375 40.671987)
637,408,619,IRT,Lexington Av,Bleecker St,M,True,6,Subway,40.725915,-73.994659,Uptown,Downtown,1,1,1,,POINT (-73.994659 40.725915),POINT (-73.994659 40.725915),-8237047.761301918,4971997.859918311,True,POINT (-73.994659 40.725915)
D29,45,45,BMT,Broadway - Brighton,Beverley Rd,Bk,False,Q,Open Cut,40.644031,-73.964492,Manhattan,Southbound,0,0,0,,POINT (-73.964492 40.644031),POINT (-73.964492 40.644031),-8233689.586223157,4959977.25730724,False,POINT (-73.964492 40.644031)
705,449,449,IRT,Flushing,111 St,Q,False,7,Elevated,40.75173,-73.855334,Outbound,Manhattan,0,0,0,,POINT (-73.855334 40.75173),POINT (-73.855334 40.75173),-8221538.173247144,4975790.577180506,False,POINT (-73.855334 40.75173)
A15,153,153,IND,8th Av - Fulton St,125 St,M,False,A C B D,Subway,40.811109,-73.952343,Uptown,Downtown,1,1,1,,POINT (-73.952343 40.811109),POINT (-73.952343 40.811109),-8232337.165729509,4984520.081171933,False,POINT (-73.952343 40.811109)
D18,228,228,IND,6th Av - Culver,23 St,M,True,F M,Subway,40.742878,-73.992821,Uptown,Downtown,0,0,0,,POINT (-73.992821 40.742878),POINT (-73.992821 40.742878),-8236843.15607784,4974489.883239371,True,POINT (-73.992821 40.742878)
419,413,413,IRT,Lexington Av,Wall St,M,True,4 5,Subway,40.707557,-74.011862,Uptown,Downtown,0,0,0,,POINT (-74.011862 40.707557),POINT (-74.011862 40.707557),-8238962.790502034,4969301.613625616,True,POINT (-74.011862 40.707557)
N08,77,77,BMT,Sea Beach,Kings Hwy,Bk,False,N,Open Cut,40.603923,-73.980353,Manhattan,Coney Island,0,0,0,,POINT (-73.980353 40.603923),POINT (-73.980353 40.603923),-8235455.224666629,4954094.768776315,False,POINT (-73.980353 40.603923)
115,305,305,IRT,Broadway - 7Av,137 St-City College,M,False,1,Subway,40.822008,-73.953676,Uptown,Downtown,2,1,0,Uptown only,POINT (-73.953676 40.822008),POINT (-73.953676 40.822008),-8232485.554610737,4986123.227602737,False,POINT (-73.953676 40.822008)
226,440,440,IRT,Lenox - White Plains Rd,116 St,M,False,2 3,Subway,40.802098,-73.949625,Uptown,Downtown,0,0,0,,POINT (-73.949625 40.802098),POINT (-73.949625 40.802098),-8232034.599353533,4983194.841680378,False,POINT (-73.949625 40.802098)
136,326,326,IRT,Broadway - 7Av,Franklin St,M,True,1,Subway,40.719318,-74.006886,Uptown,Downtown,0,0,0,,POINT (-74.006886 40.719318),POINT (-74.006886 40.719318),-8238408.864715845,4971028.870484608,True,POINT (-74.006886 40.719318)
410,385,385,IRT,Jerome Av,176 St,Bx,False,4,Elevated,40.84848,-73.911794,Northbound,Manhattan,0,0,0,,POINT (-73.911794 40.84848),POINT (-73.911794 40.84848),-8227823.271697333,4990018.121834957,False,POINT (-73.911794 40.84848)
D14,277,277,IND,Queens Blvd,7 Av,M,True,E B D,Subway,40.762862,-73.981637,Outbound,Downtown,0,0,0,,POINT (-73.981637 40.762862),POINT (-73.981637 40.762862),-8235598.1588928085,4977426.535277733,True,POINT (-73.981637 40.762862)
D08,216,216,IND,Concourse,174-175 Sts,Bx,False,B D,Subway,40.8459,-73.910136,Northbound,Manhattan,0,0,0,,POINT (-73.910136 40.8459),POINT (-73.910136 40.8459),-8227638.703981597,4989638.451308406,False,POINT (-73.910136 40.8459)
M20,104,623,BMT,Jamaica,Canal St,M,True,J Z,Subway,40.718092,-73.999892,Brooklyn,Downtown,0,0,0,,POINT (-73.999892 40.718092),POINT (-73.999892 40.718092),-8237630.296197239,4970848.802084306,True,POINT (-73.999892 40.718092)
L10,121,629,BMT,Canarsie,Lorimer St,Bk,False,L,Subway,40.714063,-73.950275,Manhattan,Outbound,1,1,1,,POINT (-73.950275 40.714063),POINT (-73.950275 40.714063),-8232106.95702255,4970257.067213758,False,POINT (-73.950275 40.714063)
A30,165,165,IND,8th Av - Fulton St,23 St,M,True,C E,Subway,40.745906,-73.998041,Uptown,Downtown,0,0,0,,POINT (-73.998041 40.745906),POINT (-73.998041 40.745906),-8237424.243819781,4974934.791598658,True,POINT (-73.998041 40.745906)
A46,179,179,IND,8th Av - Fulton St,Nostrand Av,Bk,False,A C,Subway,40.680438,-73.950426,Manhattan,Outbound,0,0,0,,POINT (-73.950426 40.680438),POINT (-73.950426 40.680438),-8232123.766265658,4965319.995586765,False,POINT (-73.950426 40.680438)
N03,72,72,BMT,Sea Beach,Fort Hamilton Pkwy,Bk,False,N,Open Cut,40.631386,-74.005351,Manhattan,Coney Island,0,0,0,,POINT (-74.005351 40.631386),POINT (-74.005351 40.631386),-8238237.989297479,4958122.281696374,False,POINT (-74.005351 40.631386)
504,445,445,IRT,Dyre Av,Pelham Pkwy,Bx,False,5,Open Cut,40.858985,-73.855359,Eastchester,Manhattan,0,0,0,,POINT (-73.855359 40.858985),POINT (-73.855359 40.858985),-8221540.956234415,4991564.181033896,False,POINT (-73.855359 40.858985)
R06,5,5,BMT,Astoria,36 Av,Q,False,N W,Elevated,40.756804,-73.929575,Astoria,Manhattan,0,0,0,,POINT (-73.929575 40.756804),POINT (-73.929575 40.756804),-8229802.643563128,4976536.217960992,False,POINT (-73.929575 40.756804)
D03,211,211,IND,Concourse,Bedford Park Blvd,Bx,False,B D,Subway,40.873244,-73.887138,Northbound,Manhattan,1,1,1,,POINT (-73.887138 40.873244),POINT (-73.887138 40.873244),-8225078.578332333,4993663.122448002,False,POINT (-73.887138 40.873244)
619,377,377,IRT,Pelham,3 Av-138 St,Bx,False,6,Subway,40.810476,-73.926138,Northbound,Manhattan,0,0,0,,POINT (-73.926138 40.810476),POINT (-73.926138 40.810476),-8229420.03847327,4984426.980566658,False,POINT (-73.926138 40.810476)
M10,114,114,BMT,Myrtle Av,Central Av,Bk,False,M,Elevated,40.697857,-73.927397,Inbound,Middle Village,0,0,0,,POINT (-73.927397 40.697857),POINT (-73.927397 40.697857),-8229560.18971218,4967877.271136132,False,POINT (-73.927397 40.697857)
242,354,354,IRT,Nostrand,Sterling St,Bk,False,2 5,Subway,40.662742,-73.95085,Manhattan,Flatbush,0,0,0,,POINT (-73.95085 40.662742),POINT (-73.95085 40.662742),-8232170.965729755,4962722.737983697,False,POINT (-73.95085 40.662742)
F22,238,238,IND,6th Av - Culver,Smith-9 Sts,Bk,False,F G,Viaduct,40.67358,-73.995959,Northbound,Southbound,0,0,0,,POINT (-73.995959 40.67358),POINT (-73.995959 40.67358),-8237192.476639949,4964313.359043883,False,POINT (-73.995959 40.67358)
611,369,369,IRT,Pelham,Elder Av,Bx,False,6,Elevated,40.828584,-73.879159,Northbound,Manhattan,0,0,0,,POINT (-73.879159 40.828584),POINT (-73.879159 40.828584),-8224190.360115294,4987090.626422103,False,POINT (-73.879159 40.828584)
Q05,475,475,IND,Second Av,96 St,M,False,Q,Subway,40.784318,-73.947152,Last Stop,Downtown,1,1,1,,POINT (-73.947152 40.784318),POINT (-73.947152 40.784318),-8231759.306252802,4980580.481043124,False,POINT (-73.947152 40.784318)
229,332,628,IRT,Clark St,Fulton St,M,True,2 3,Subway,40.709416,-74.006571,Uptown,Brooklyn,1,1,1,,POINT (-74.006571 40.709416),POINT (-74.006571 40.709416),-8238373.799076246,4969574.611818546,True,POINT (-74.006571 40.709416)
S29,503,503,SIR,Staten Island,Stapleton,SI,False,SIR,Elevated,40.627915,-74.075162,Ferry,South Shore,0,0,0,,POINT (-74.075162 40.627915),POINT (-74.075162 40.627915),-8246009.314269248,4957613.160042351,False,POINT (-74.075162 40.627915)
M04,109,109,BMT,Myrtle Av,Fresh Pond Rd,Q,False,M,Elevated,40.706186,-73.895877,Inbound,Middle Village,0,0,0,,POINT (-73.895877 40.706186),POINT (-73.895877 40.706186),-8226051.399362377,4969100.284176547,False,POINT (-73.895877 40.706186)
A10,149,149,IND,8th Av - Fulton St,163 St-Amsterdam Av,M,False,C,Subway,40.836013,-73.939892,Uptown,Downtown,0,0,0,,POINT (-73.939892 40.836013),POINT (-73.939892 40.836013),-8230951.126749642,4988183.625937289,False,POINT (-73.939892 40.836013)
R30,26,26,BMT,Broadway - Brighton,DeKalb Av,Bk,False,B Q R,Subway,40.690635,-73.981824,Manhattan,Southbound,1,1,1,,POINT (-73.981824 40.690635),POINT (-73.981824 40.690635),-8235618.975637586,4966816.931444084,False,POINT (-73.981824 40.690635)
633,404,404,IRT,Lexington Av,28 St,M,True,6,Subway,40.74307,-73.984264,Uptown,Downtown,2,0,1,Downtown only,POINT (-73.984264 40.74307),POINT (-73.984264 40.74307),-8235890.59519512,4974518.093471789,True,POINT (-73.984264 40.74307)
119,309,309,IRT,Broadway - 7Av,103 St,M,False,1,Subway,40.799446,-73.968379,Uptown,Downtown,0,0,0,,POINT (-73.968379 40.799446),POINT (-73.968379 40.799446),-8234122.2850838695,4982804.848745776,False,POINT (-73.968379 40.799446)
B04,221,221,IND,63rd St,21 St-Queensbridge,Q,False,M,Subway,40.754203,-73.942836,Outbound,Manhattan,1,1,1,,POINT (-73.942836 40.754203),POINT (-73.942836 40.754203),-8231278.851330537,4976153.985454187,False,POINT (-73.942836 40.754203)
204,417,417,IRT,Lenox - White Plains Rd,Nereid Av,Bx,False,2 5,Elevated,40.898379,-73.854376,Northbound,Manhattan,0,0,0,,POINT (-73.854376 40.898379),POINT (-73.854376 40.898379),-8221431.529174964,4997364.124806353,False,POINT (-73.854376 40.898379)
J14,82,82,BMT,Jamaica,104 St,Q,False,J Z,Elevated,40.695178,-73.84433,Jamaica,Manhattan,0,0,0,,POINT (-73.84433 40.695178),POINT (-73.84433 40.695178),-8220313.213570455,4967483.924849286,False,POINT (-73.84433 40.695178)
L24,133,133,BMT,Canarsie,Atlantic Av,Bk,False,L,Elevated,40.675345,-73.903097,Manhattan,Canarsie,0,0,0,,POINT (-73.903097 40.675345),POINT (-73.903097 40.675345),-8226855.1260859035,4964572.420816116,False,POINT (-73.903097 40.675345)
R29,25,636,BMT,Broadway,Jay St-MetroTech,Bk,False,R,Subway,40.69218,-73.985942,Manhattan,Southbound,1,1,1,,POINT (-73.985942 40.69218),POINT (-73.985942 40.69218),-8236077.389300672,4967043.7598894695,False,POINT (-73.985942 40.69218)
234,337,337,IRT,Eastern Pky,Nevins St,Bk,False,2 3 4 5,Subway,40.688246,-73.980492,Manhattan,Outbound,0,0,0,,POINT (-73.980492 40.688246),POINT (-73.980492 40.688246),-8235470.69807585,4966466.201890581,False,POINT (-73.980492 40.688246)
L25,134,134,BMT,Canarsie,Sutter Av,Bk,False,L,Elevated,40.669367,-73.901975,Manhattan,Canarsie,0,0,0,,POINT (-73.901975 40.669367),POINT (-73.901975 40.669367),-8226730.225617233,4963695.014386207,False,POINT (-73.901975 40.669367)
D24,40,617,BMT,Broadway - Brighton,Atlantic Av-Barclays Ctr,Bk,False,B Q,Subway,40.68446,-73.97689,Manhattan,Southbound,1,1,1,,POINT (-73.97689 40.68446),POINT (-73.97689 40.68446),-8235069.725270011,4965910.404246793,False,POINT (-73.97689 40.68446)
606,364,364,IRT,Pelham,Zerega Av,Bx,False,6,Elevated,40.836488,-73.847036,Pelham Bay,Manhattan,0,0,0,,POINT (-73.847036 40.836488),POINT (-73.847036 40.836488),-8220614.444112543,4988253.514982618,False,POINT (-73.847036 40.836488)
F27,243,243,IND,6th Av - Culver,Church Av,Bk,False,F G,Subway,40.644041,-73.979678,Northbound,Southbound,1,1,1,,POINT (-73.979678 40.644041),POINT (-73.979678 40.644041),-8235380.084010343,4959978.724410005,False,POINT (-73.979678 40.644041)
D42,57,57,BMT,Broadway - Brighton,W 8 St-NY Aquarium,Bk,False,F Q,Elevated,40.576127,-73.975939,Manhattan,Coney Island,0,0,0,,POINT (-73.975939 40.576127),POINT (-73.975939 40.576127),-8234963.860434268,4950020.105334536,False,POINT (-73.975939 40.576127)
F34,249,249,IND,6th Av - Culver,Avenue P,Bk,False,F,Elevated,40.608944,-73.973022,Manhattan,Southbound,0,0,0,,POINT (-73.973022 40.608944),POINT (-73.973022 40.608944),-8234639.1414796235,4954830.9864619225,False,POINT (-73.973022 40.608944)
414,389,604,IRT,Jerome Av,161 St-Yankee Stadium,Bx,False,4,Elevated,40.827994,-73.925831,Northbound,Manhattan,1,1,1,,POINT (-73.925831 40.827994),POINT (-73.925831 40.827994),-8229385.863389597,4987003.827294428,False,POINT (-73.925831 40.827994)
301,436,436,IRT,Lenox - White Plains Rd,Harlem-148 St,M,False,3,Subway,40.82388,-73.93647,Last Stop,Downtown,1,1,1,,POINT (-73.93647 40.82388),POINT (-73.93647 40.82388),-8230570.191452148,4986398.608740966,False,POINT (-73.93647 40.82388)
132,322,601,IRT,Broadway - 7Av,14 St,M,True,1 2 3,Subway,40.737826,-74.000201,Uptown,Downtown,1,1,1,,POINT (-74.000201 40.737826),POINT (-74.000201 40.737826),-8237664.693919894,4973747.630758405,True,POINT (-74.000201 40.737826)
H08,206,206,IND,Rockaway,Beach 44 St,Q,False,A,Viaduct,40.592943,-73.776013,Manhattan,Far Rockaway,0,0,0,,POINT (-73.776013 40.592943),POINT (-73.776013 40.592943),-8212708.199917931,4952484.989306235,False,POINT (-73.776013 40.592943)
218,431,431,IRT,Lenox - White Plains Rd,Intervale Av,Bx,False,2 5,Elevated,40.822181,-73.896736,Northbound,Manhattan,0,0,0,,POINT (-73.896736 40.822181),POINT (-73.896736 40.822181),-8226147.022804968,4986148.676495216,False,POINT (-73.896736 40.822181)
201,416,416,IRT,Lenox - White Plains Rd,Wakefield-241 St,Bx,False,2,Elevated,40.903125,-73.85062,Last Stop,Manhattan,0,0,0,,POINT (-73.85062 40.903125),POINT (-73.85062 40.903125),-8221013.413167546,4998063.107257198,False,POINT (-73.85062 40.903125)
F15,233,625,IND,6th Av - Culver,Delancey St-Essex St,M,True,F,Subway,40.718611,-73.988114,Uptown,Brooklyn,0,0,0,,POINT (-73.988114 40.718611),POINT (-73.988114 40.718611),-8236319.175234675,4970925.029656476,True,POINT (-73.988114 40.718611)
J13,81,81,BMT,Jamaica,111 St,Q,False,J,Elevated,40.697418,-73.836345,Jamaica,Manhattan,0,0,0,,POINT (-73.836345 40.697418),POINT (-73.836345 40.697418),-8219424.327436471,4967812.813531437,False,POINT (-73.836345 40.697418)
F01,254,254,IND,Queens Blvd,Jamaica-179 St,Q,False,F,Subway,40.712646,-73.783817,Last Stop,Manhattan,1,1,1,,POINT (-73.783817 40.712646),POINT (-73.783817 40.712646),-8213576.937224081,4970048.962468616,False,POINT (-73.783817 40.712646)
614,372,372,IRT,Pelham,Longwood Av,Bx,False,6,Subway,40.816104,-73.896435,Northbound,Manhattan,0,0,0,,POINT (-73.896435 40.816104),POINT (-73.896435 40.816104),-8226113.515638239,4985254.768766362,False,POINT (-73.896435 40.816104)
118,308,308,IRT,Broadway - 7Av,Cathedral Pkwy (110 St),M,False,1,Subway,40.803967,-73.966847,Uptown,Downtown,0,0,0,,POINT (-73.966847 40.803967),POINT (-73.966847 40.803967),-8233951.743623976,4983469.699002928,False,POINT (-73.966847 40.803967)
R14,9,9,BMT,Broadway - Brighton,57 St-7 Av,M,True,N Q R W,Subway,40.764664,-73.980658,Uptown,Downtown,1,1,1,,POINT (-73.980658 40.764664),POINT (-73.980658 40.764664),-8235489.177111322,4977691.382862092,True,POINT (-73.980658 40.764664)
607,365,365,IRT,Pelham,Castle Hill Av,Bx,False,6,Elevated,40.834255,-73.851222,Pelham Bay,Manhattan,0,0,0,,POINT (-73.851222 40.834255),POINT (-73.851222 40.834255),-8221080.427501003,4987924.967258388,False,POINT (-73.851222 40.834255)
B21,68,68,BMT,West End,Bay Pkwy,Bk,False,D,Elevated,40.601875,-73.993728,Manhattan,Southbound,1,1,1,,POINT (-73.993728 40.601875),POINT (-73.993728 40.601875),-8236944.12285599,4953794.49112511,False,POINT (-73.993728 40.601875)
623,394,394,IRT,Lexington Av,110 St,M,False,6,Subway,40.79502,-73.94425,The Bronx,Downtown,0,0,0,,POINT (-73.94425 40.79502),POINT (-73.94425 40.79502),-8231436.257090518,4982154.012883905,False,POINT (-73.94425 40.79502)
230,333,333,IRT,Clark St,Wall St,M,True,2 3,Subway,40.706821,-74.0091,Uptown,Brooklyn,0,0,0,,POINT (-74.0091 40.706821),POINT (-74.0091 40.706821),-8238655.326068464,4969193.532530824,True,POINT (-74.0091 40.706821)
H13,201,201,IND,Rockaway,Beach 98 St,Q,False,A S,Viaduct,40.585307,-73.820558,Inbound,Rockaway Park,0,0,0,,POINT (-73.820558 40.585307),POINT (-73.820558 40.585307),-8217666.926635318,4951365.630024264,False,POINT (-73.820558 40.585307)
R15,10,10,BMT,Broadway - Brighton,49 St,M,True,N R W,Subway,40.759901,-73.984139,Uptown,Downtown,2,1,0,Uptown only,POINT (-73.984139 40.759901),POINT (-73.984139 40.759901),-8235876.680258771,4976991.360139514,True,POINT (-73.984139 40.759901)
D12,220,220,IND,Concourse,155 St,M,False,B D,Subway,40.830135,-73.938209,The Bronx,Downtown,0,0,0,,POINT (-73.938209 40.830135),POINT (-73.938209 40.830135),-8230763.7760466365,4987318.808829588,False,POINT (-73.938209 40.830135)
S16,516,516,SIR,Staten Island,Huguenot,SI,False,SIR,Open Cut,40.533674,-74.191794,Ferry,South Shore,0,0,0,,POINT (-74.191794 40.533674),POINT (-74.191794 40.533674),-8258992.729119449,4943800.1127519,False,POINT (-74.191794 40.533674)
255,350,350,IRT,Eastern Pky,Pennsylvania Av,Bk,False,3,Elevated,40.664635,-73.894895,Manhattan,New Lots,0,0,0,,POINT (-73.894895 40.664635),POINT (-73.894895 40.664635),-8225942.083622417,4963000.542351493,False,POINT (-73.894895 40.664635)
714,458,458,IRT,Flushing,46 St-Bliss St,Q,False,7,Elevated,40.743132,-73.918435,Outbound,Manhattan,0,0,0,,POINT (-73.918435 40.743132),POINT (-73.918435 40.743132),-8228562.544435691,4974527.2030434,False,POINT (-73.918435 40.743132)
213,426,426,IRT,Lenox - White Plains Rd,E 180 St,Bx,False,2 5,Elevated,40.841894,-73.873488,Northbound,Manhattan,1,1,1,,POINT (-73.873488 40.841894),POINT (-73.873488 40.841894),-8223559.067283005,4989048.961170584,False,POINT (-73.873488 40.841894)
409,384,384,IRT,Jerome Av,Burnside Av,Bx,False,4,Elevated,40.853453,-73.907684,Northbound,Manhattan,0,0,0,,POINT (-73.907684 40.853453),POINT (-73.907684 40.853453),-8227365.748590173,4990749.985842918,False,POINT (-73.907684 40.853453)
Q04,476,476,IND,Second Av,86 St,M,False,Q,Subway,40.777891,-73.951787,Uptown,Downtown,1,1,1,,POINT (-73.951787 40.777891),POINT (-73.951787 40.777891),-8232275.272092627,4979635.631013517,False,POINT (-73.951787 40.777891)
F12,276,276,IND,Queens Blvd,5 Av/53 St,M,True,E F,Subway,40.760167,-73.975224,Queens,Downtown,0,0,0,,POINT (-73.975224 40.760167),POINT (-73.975224 40.760167),-8234884.26699835,4977030.453094632,True,POINT (-73.975224 40.760167)
G30,286,286,IND,Crosstown,Broadway,Bk,False,G,Subway,40.706092,-73.950308,Queens,Southbound,0,0,0,,POINT (-73.950308 40.706092),POINT (-73.950308 40.706092),-8232110.630565745,4969086.480558706,False,POINT (-73.950308 40.706092)
A24,161,614,IND,8th Av - Fulton St,59 St-Columbus Circle,M,True,A C B D,Subway,40.768296,-73.981736,Uptown,Downtown,1,1,1,,POINT (-73.981736 40.768296),POINT (-73.981736 40.768296),-8235609.179522395,4978225.215133444,True,POINT (-73.981736 40.768296)
R25,21,624,BMT,Broadway,Cortlandt St,M,True,R W,Subway,40.710668,-74.011029,Uptown,Downtown,1,1,1,,POINT (-74.011029 40.710668),POINT (-74.011029 40.710668),-8238870.061366203,4969758.475036201,True,POINT (-74.011029 40.710668)
208,421,421,IRT,Lenox - White Plains Rd,Gun Hill Rd,Bx,False,2 5,Elevated,40.87785,-73.866256,Northbound,Manhattan,1,1,1,,POINT (-73.866256 40.87785),POINT (-73.866256 40.87785),-8222754.0047255885,4994341.227605992,False,POINT (-73.866256 40.87785)
128,318,318,IRT,Broadway - 7Av,34 St-Penn Station,M,True,1 2 3,Subway,40.750373,-73.991057,Uptown,Downtown,1,1,1,,POINT (-73.991057 40.750373),POINT (-73.991057 40.750373),-8236646.78849608,4975591.171266894,True,POINT (-73.991057 40.750373)
D38,53,53,BMT,Broadway - Brighton,Neck Rd,Bk,False,Q,Open Cut,40.595246,-73.955161,Manhattan,Southbound,0,0,0,,POINT (-73.955161 40.595246),POINT (-73.955161 40.595246),-8232650.864054565,4952822.610575585,False,POINT (-73.955161 40.595246)
A61,192,192,IND,Liberty Av,Rockaway Blvd,Q,False,A,Elevated,40.680429,-73.843853,Manhattan,Outbound,0,0,0,,POINT (-73.843853 40.680429),POINT (-73.843853 40.680429),-8220260.114173346,4965318.674473571,False,POINT (-73.843853 40.680429)
R42,36,36,BMT,4th Av,Bay Ridge Av,Bk,False,R,Subway,40.634967,-74.023377,Manhattan,Bay Ridge,0,0,0,,POINT (-74.023377 40.634967),POINT (-74.023377 40.634967),-8240244.6344385175,4958647.565740687,False,POINT (-74.023377 40.634967)
D43,58,58,BMT,Sea Beach / West End / Culver / Brighton,Coney Island-Stillwell Av,Bk,False,D F N Q,Viaduct,40.577422,-73.981233,Manhattan,Last Stop,1,1,1,,POINT (-73.981233 40.577422),POINT (-73.981233 40.577422),-8235553.185818528,4950209.904003835,False,POINT (-73.981233 40.577422)
628,399,399,IRT,Lexington Av,68 St-Hunter College,M,False,6,Subway,40.768141,-73.96387,Uptown,Downtown,1,1,1,,POINT (-73.96387 40.768141),POINT (-73.96387 40.768141),-8233620.345499883,4978202.432598559,False,POINT (-73.96387 40.768141)
G16,269,269,IND,Queens Blvd,Northern Blvd,Q,False,M R,Subway,40.752885,-73.906006,Outbound,Manhattan,1,1,1,,POINT (-73.906006 40.752885),POINT (-73.906006 40.752885),-8227178.954484622,4975960.303179642,False,POINT (-73.906006 40.752885)
L29,138,138,BMT,Canarsie,Canarsie-Rockaway Pkwy,Bk,False,L,At Grade,40.646654,-73.90185,Manhattan,Last Stop,1,1,1,,POINT (-73.90185 40.646654),POINT (-73.90185 40.646654),-8226716.310680884,4960362.085895518,False,POINT (-73.90185 40.646654)
A31,166,618,IND,8th Av - Fulton St,14 St,M,True,A C E,Subway,40.740893,-74.00169,Uptown,Downtown,1,1,1,,POINT (-74.00169 40.740893),POINT (-74.00169 40.740893),-8237830.448641684,4974198.235348999,True,POINT (-74.00169 40.740893)
G22,281,606,IND,Crosstown,Court Sq,Q,False,G,Subway,40.746554,-73.943832,Last Stop,Brooklyn,1,1,1,,POINT (-73.943832 40.746554),POINT (-73.943832 40.746554),-8231389.725543369,4975030.0057943305,False,POINT (-73.943832 40.746554)
237,340,340,IRT,Eastern Pky,Grand Army Plaza,Bk,False,2 3,Subway,40.675235,-73.971046,Manhattan,Outbound,0,0,0,,POINT (-73.971046 40.675235),POINT (-73.971046 40.675235),-8234419.174165816,4964556.275122839,False,POINT (-73.971046 40.675235)
J31,96,96,BMT,Jamaica,Kosciuszko St,Bk,False,J,Elevated,40.693342,-73.928814,Outbound,Manhattan,0,0,0,,POINT (-73.928814 40.693342),POINT (-73.928814 40.693342),-8229717.929430634,4967214.361836175,False,POINT (-73.928814 40.693342)
D19,229,601,IND,6th Av - Culver,14 St,M,True,F M,Subway,40.738228,-73.996209,Uptown,Downtown,1,1,1,,POINT (-73.996209 40.738228),POINT (-73.996209 40.738228),-8237220.306512646,4973806.691539921,True,POINT (-73.996209 40.738228)
M09,113,113,BMT,Myrtle Av,Knickerbocker Av,Bk,False,M,Elevated,40.698664,-73.919711,Inbound,Middle Village,0,0,0,,POINT (-73.919711 40.698664),POINT (-73.919711 40.698664),-8228704.588105944,4967995.762647417,False,POINT (-73.919711 40.698664)
618,376,376,IRT,Pelham,Brook Av,Bx,False,6,Subway,40.807566,-73.91924,Northbound,Manhattan,0,0,0,,POINT (-73.91924 40.807566),POINT (-73.91924 40.807566),-8228652.15662578,4983998.993949653,False,POINT (-73.91924 40.807566)
H02,197,197,IND,Rockaway,Aqueduct-N Conduit Av,Q,False,A,At Grade,40.668234,-73.834058,Manhattan,Rockaways,0,0,0,,POINT (-73.834058 40.668234),POINT (-73.834058 40.668234),-8219169.739761027,4963528.729929954,False,POINT (-73.834058 40.668234)
S21,511,511,SIR,Staten Island,Oakwood Heights,SI,False,SIR,Open Cut,40.56511,-74.12632,Ferry,South Shore,0,0,0,,POINT (-74.12632 40.56511),POINT (-74.12632 40.56511),-8251704.196779252,4948405.572843961,False,POINT (-74.12632 40.56511)
123,313,313,IRT,Broadway - 7Av,72 St,M,False,1 2 3,Subway,40.778453,-73.98197,Uptown,Downtown,1,1,1,,POINT (-73.98197 40.778453),POINT (-73.98197 40.778453),-8235635.228283242,4979718.248451523,False,POINT (-73.98197 40.778453)
B17,64,64,BMT,West End,71 St,Bk,False,D,Elevated,40.619589,-73.998864,Manhattan,Southbound,0,0,0,,POINT (-73.998864 40.619589),POINT (-73.998864 40.619589),-8237515.8597607035,4956392.021313073,False,POINT (-73.998864 40.619589)
250,345,345,IRT,Eastern Pky,Crown Hts-Utica Av,Bk,False,3 4,Subway,40.668897,-73.932942,Manhattan,Outbound,1,1,1,,POINT (-73.932942 40.668897),POINT (-73.932942 40.668897),-8230177.456288628,4963626.034613087,False,POINT (-73.932942 40.668897)
709,453,453,IRT,Flushing,82 St-Jackson Hts,Q,False,7,Elevated,40.747659,-73.883697,Outbound,Manhattan,0,0,0,,POINT (-73.883697 40.747659),POINT (-73.883697 40.747659),-8224695.527964514,4975192.371647583,False,POINT (-73.883697 40.747659)
J23,90,90,BMT,Jamaica,Van Siclen Av,Bk,False,J Z,Elevated,40.678024,-73.891688,Outbound,Manhattan,0,0,0,,POINT (-73.891688 40.678024),POINT (-73.891688 40.678024),-8225585.082015444,4964965.650062037,False,POINT (-73.891688 40.678024)
L11,122,122,BMT,Canarsie,Graham Av,Bk,False,L,Subway,40.714565,-73.944053,Manhattan,Outbound,0,0,0,,POINT (-73.944053 40.714565),POINT (-73.944053 40.714565),-8231414.327150833,4970330.793457645,False,POINT (-73.944053 40.714565)
J17,85,85,BMT,Jamaica,75 St-Elderts Ln,Q,False,J Z,Elevated,40.691324,-73.867139,Jamaica,Manhattan,0,0,0,,POINT (-73.867139 40.691324),POINT (-73.867139 40.691324),-8222852.2998359585,4966918.086003962,False,POINT (-73.867139 40.691324)
702,448,448,IRT,Flushing,Mets-Willets Point,Q,False,7,Elevated,40.754622,-73.845625,Outbound,Manhattan,0,0,0,,POINT (-73.845625 40.754622),POINT (-73.845625 40.754622),-8220457.372311032,4976215.558999811,False,POINT (-73.845625 40.754622)
638,409,409,IRT,Lexington Av,Spring St,M,True,6,Subway,40.722301,-73.997141,Uptown,Downtown,0,0,0,,POINT (-73.997141 40.722301),POINT (-73.997141 40.722301),-8237324.056278066,4971467.011610563,True,POINT (-73.997141 40.722301)
B10,224,224,IND,6th Av - Culver,57 St,M,True,M,Subway,40.763972,-73.97745,Uptown,Downtown,0,0,0,,POINT (-73.97745 40.763972),POINT (-73.97745 40.763972),-8235132.064184857,4977589.675837218,True,POINT (-73.97745 40.763972)
227,441,441,IRT,Lenox - White Plains Rd,110 St-Malcolm X Plaza,M,False,2 3,Subway,40.799075,-73.951822,Uptown,Downtown,0,0,0,,POINT (-73.951822 40.799075),POINT (-73.951822 40.799075),-8232279.168274807,4982750.292153,False,POINT (-73.951822 40.799075)
A19,157,157,IND,8th Av - Fulton St,96 St,M,False,C B,Subway,40.791642,-73.964696,Uptown,Downtown,0,0,0,,POINT (-73.964696 40.791642),POINT (-73.964696 40.791642),-8233712.295399278,4981657.312855311,False,POINT (-73.964696 40.791642)
R36,32,32,BMT,4th Av,36 St,Bk,False,D N R,Subway,40.655144,-74.003549,Manhattan,Southbound,0,0,0,,POINT (-74.003549 40.655144),POINT (-74.003549 40.655144),-8238037.39157507,4961607.784243869,False,POINT (-74.003549 40.655144)
F04,257,257,IND,Queens Blvd,Sutphin Blvd,Q,False,F,Subway,40.70546,-73.810708,Jamaica,Manhattan,0,0,0,,POINT (-73.810708 40.70546),POINT (-73.810708 40.70546),-8216570.429651004,4968993.67376164,False,POINT (-73.810708 40.70546)
A55,188,188,IND,8th Av - Fulton St,Euclid Av,Bk,False,A C,Subway,40.675377,-73.872106,Manhattan,Queens,1,1,1,,POINT (-73.872106 40.675377),POINT (-73.872106 40.675377),-8223405.22374673,4964577.117750073,False,POINT (-73.872106 40.675377)
R22,17,17,BMT,Broadway - Brighton,Prince St,M,True,R W,Subway,40.724329,-73.997702,Uptown,Downtown,0,0,0,,POINT (-73.997702 40.724329),POINT (-73.997702 40.724329),-8237386.506512401,4971764.894162043,True,POINT (-73.997702 40.724329)
111,301,301,IRT,Broadway - 7Av,181 St,M,False,1,Subway,40.849505,-73.933596,The Bronx,Downtown,0,0,0,,POINT (-73.933596 40.849505),POINT (-73.933596 40.849505),-8230250.2592356065,4990168.964034763,False,POINT (-73.933596 40.849505)
S26,506,506,SIR,Staten Island,Old Town,SI,False,SIR,Embankment,40.596612,-74.087368,Ferry,South Shore,0,0,0,,POINT (-74.087368 40.596612),POINT (-74.087368 40.596612),-8247368.079973871,4953022.8725417955,False,POINT (-74.087368 40.596612)
A34,169,169,IND,8th Av - Fulton St,Canal St,M,True,A C E,Subway,40.720824,-74.005229,Uptown,Downtown,0,0,0,,POINT (-74.005229 40.720824),POINT (-74.005229 40.720824),-8238224.408319603,4971250.0683441395,True,POINT (-74.005229 40.720824)
A02,143,143,IND,8th Av - Fulton St,Inwood-207 St,M,False,A,Subway,40.868072,-73.919899,Last Stop,Downtown,1,1,1,,POINT (-73.919899 40.868072),POINT (-73.919899 40.868072),-8228725.516170212,4992901.745786389,False,POINT (-73.919899 40.868072)
D33,49,49,BMT,Broadway - Brighton,Avenue J,Bk,False,Q,Open Cut,40.625039,-73.960803,Manhattan,Southbound,0,0,0,,POINT (-73.960803 40.625039),POINT (-73.960803 40.625039),-8233278.92862162,4957191.332241276,False,POINT (-73.960803 40.625039)
245,357,357,IRT,Nostrand,Beverly Rd,Bk,False,2 5,Subway,40.645098,-73.948959,Manhattan,Flatbush,0,0,0,,POINT (-73.948959 40.645098),POINT (-73.948959 40.645098),-8231960.460572665,4960133.798411783,False,POINT (-73.948959 40.645098)
708,452,452,IRT,Flushing,90 St-Elmhurst Av,Q,False,7,Elevated,40.748408,-73.876613,Outbound,Manhattan,0,0,0,,POINT (-73.876613 40.748408),POINT (-73.876613 40.748408),-8223906.940691735,4975302.429312135,False,POINT (-73.876613 40.748408)
M14,100,100,BMT,Jamaica,Hewes St,Bk,False,M J,Elevated,40.70687,-73.953431,Outbound,Manhattan,0,0,0,,POINT (-73.953431 40.70687),POINT (-73.953431 40.70687),-8232458.281335492,4969200.728110074,False,POINT (-73.953431 40.70687)
405,380,380,IRT,Jerome Av,Bedford Park Blvd-Lehman College,Bx,False,4,Elevated,40.873412,-73.890064,Northbound,Manhattan,0,0,0,,POINT (-73.890064 40.873412),POINT (-73.890064 40.873412),-8225404.299162394,4993687.854937827,False,POINT (-73.890064 40.873412)
L03,117,602,BMT,Canarsie,14 St-Union Sq,M,True,L,Subway,40.734789,-73.99073,West Side,Brooklyn,1,1,1,,POINT (-73.99073 40.734789),POINT (-73.99073 40.734789),-8236610.38702259,4973301.454247474,True,POINT (-73.99073 40.734789)
L14,125,125,BMT,Canarsie,Morgan Av,Bk,False,L,Subway,40.706152,-73.933147,Manhattan,Outbound,0,0,0,,POINT (-73.933147 40.706152),POINT (-73.933147 40.706152),-8230200.276784242,4969095.291376357,False,POINT (-73.933147 40.706152)
D15,225,225,IND,6th Av - Culver,47-50 Sts-Rockefeller Ctr,M,True,B D F M,Subway,40.758663,-73.981329,Uptown,Downtown,1,1,1,,POINT (-73.981329 40.758663),POINT (-73.981329 40.758663),-8235563.872489643,4976809.418293929,True,POINT (-73.981329 40.758663)
719,462,606,IRT,Flushing,Court Sq,Q,False,7,Elevated,40.747023,-73.945264,Outbound,Manhattan,1,1,1,,POINT (-73.945264 40.747023),POINT (-73.945264 40.747023),-8231549.135054183,4975098.91911654,False,POINT (-73.945264 40.747023)
135,325,325,IRT,Broadway - 7Av,Canal St,M,True,1,Subway,40.722854,-74.006277,Uptown,Downtown,0,0,0,,POINT (-74.006277 40.722854),POINT (-74.006277 40.722854),-8238341.071145954,4971548.238053207,True,POINT (-74.006277 40.722854)
A63,193,193,IND,Liberty Av,104 St,Q,False,A,Elevated,40.681711,-73.837683,Manhattan,Ozone Park,0,0,0,,POINT (-73.837683 40.681711),POINT (-73.837683 40.681711),-8219573.272915152,4965506.861505586,False,POINT (-73.837683 40.681711)
M21,105,622,BMT,Jamaica,Chambers St,M,True,J Z,Subway,40.713243,-74.003401,Brooklyn,Downtown,1,1,1,,POINT (-74.003401 40.713243),POINT (-74.003401 40.713243),-8238020.916290432,4970136.639086684,True,POINT (-74.003401 40.713243)
L05,118,118,BMT,Canarsie,3 Av,M,True,L,Subway,40.732849,-73.986122,West Side,Brooklyn,0,0,0,,POINT (-73.986122 40.732849),POINT (-73.986122 40.732849),-8236097.426809015,4973016.452582903,True,POINT (-73.986122 40.732849)
D04,212,212,IND,Concourse,Kingsbridge Rd,Bx,False,B D,Subway,40.866978,-73.893509,Northbound,Manhattan,1,1,1,,POINT (-73.893509 40.866978),POINT (-73.893509 40.866978),-8225787.794808176,4992740.704282627,False,POINT (-73.893509 40.866978)
249,344,344,IRT,Eastern Pky,Kingston Av,Bk,False,3,Subway,40.669399,-73.942161,Manhattan,Outbound,0,0,0,,POINT (-73.942161 40.669399),POINT (-73.942161 40.669399),-8231203.710674252,4963699.7108990755,False,POINT (-73.942161 40.669399)
R26,22,22,BMT,Broadway,Rector St,M,True,R W,Subway,40.70722,-74.013342,Uptown,Downtown,0,0,0,,POINT (-74.013342 40.70722),POINT (-74.013342 40.70722),-8239127.543348407,4969252.125258689,True,POINT (-74.013342 40.70722)
J19,86,86,BMT,Jamaica,Cypress Hills,Bk,False,J,Elevated,40.689941,-73.87255,Queens,Manhattan,0,0,0,,POINT (-73.87255 40.689941),POINT (-73.87255 40.689941),-8223454.649600642,4966715.043873628,False,POINT (-73.87255 40.689941)
A40,173,173,IND,8th Av - Fulton St,High St,Bk,False,A C,Subway,40.699337,-73.990531,Manhattan,Outbound,0,0,0,,POINT (-73.990531 40.699337),POINT (-73.990531 40.699337),-8236588.2344439225,4968094.580086009,False,POINT (-73.990531 40.699337)
G08,261,261,IND,Queens Blvd,Forest Hills-71 Av,Q,False,E F M R,Subway,40.721691,-73.844521,Outbound,Manhattan,1,1,1,,POINT (-73.844521 40.721691),POINT (-73.844521 40.721691),-8220334.475593197,4971377.413604884,False,POINT (-73.844521 40.721691)
L20,130,130,BMT,Canarsie,Wilson Av,Bk,False,L,Subway,40.688764,-73.904046,Manhattan,Outbound,2,1,0,Manhattan-bound only,POINT (-73.904046 40.688764),POINT (-73.904046 40.688764),-8226960.768282665,4966542.248503484,False,POINT (-73.904046 40.688764)
G33,289,289,IND,Crosstown,Bedford-Nostrand Avs,Bk,False,G,Subway,40.689627,-73.953522,Queens,Southbound,0,0,0,,POINT (-73.953522 40.689627),POINT (-73.953522 40.689627),-8232468.4114091555,4966668.945235087,False,POINT (-73.953522 40.689627)
S11,523,523,SIR,Staten Island,Arthur Kill,SI,False,SIR,At Grade,40.516578,-74.242096,Ferry,Tottenville,1,1,1,,POINT (-74.242096 40.516578),POINT (-74.242096 40.516578),-8264592.3221453335,4941296.408987804,False,POINT (-74.242096 40.516578)
L26,135,135,BMT,Canarsie,Livonia Av,Bk,False,L,Elevated,40.664038,-73.900571,Manhattan,Canarsie,1,1,1,,POINT (-73.900571 40.664038),POINT (-73.900571 40.664038),-8226573.93305216,4962912.92966323,False,POINT (-73.900571 40.664038)
131,321,321,IRT,Broadway - 7Av,18 St,M,True,1,Subway,40.74104,-73.997871,Uptown,Downtown,0,0,0,,POINT (-73.997871 40.74104),POINT (-73.997871 40.74104),-8237405.319506346,4974219.833156326,True,POINT (-73.997871 40.74104)
L19,129,129,BMT,Canarsie,Halsey St,Q,False,L,Subway,40.695602,-73.904084,Manhattan,Outbound,0,0,0,,POINT (-73.904084 40.695602),POINT (-73.904084 40.695602),-8226964.9984233165,4967546.17792994,False,POINT (-73.904084 40.695602)
724,466,609,IRT,Flushing,5 Av,M,True,7,Subway,40.753821,-73.981963,Queens,Hudson Yards,0,0,0,,POINT (-73.981963 40.753821),POINT (-73.981963 40.753821),-8235634.449046805,4976097.849528793,True,POINT (-73.981963 40.753821)
F21,237,237,IND,6th Av - Culver,Carroll St,Bk,False,F G,Subway,40.680303,-73.995048,Northbound,Southbound,0,0,0,,POINT (-73.995048 40.680303),POINT (-73.995048 40.680303),-8237091.064583836,4965300.178907575,False,POINT (-73.995048 40.680303)
241,353,353,IRT,Nostrand,President St-Medgar Evers College,Bk,False,2 5,Subway,40.667883,-73.950683,Manhattan,Flatbush,0,0,0,,POINT (-73.950683 40.667883),POINT (-73.950683 40.667883),-8232152.375374792,4963477.216077589,False,POINT (-73.950683 40.667883)
F29,244,244,IND,6th Av - Culver,Ditmas Av,Bk,False,F,Elevated,40.636119,-73.978172,Manhattan,Southbound,0,0,0,,POINT (-73.978172 40.636119),POINT (-73.978172 40.636119),-8235212.436857209,4958816.5544777475,False,POINT (-73.978172 40.636119)
F35,250,250,IND,6th Av - Culver,Kings Hwy,Bk,False,F,Elevated,40.603217,-73.972361,Manhattan,Southbound,0,0,0,,POINT (-73.972361 40.603217),POINT (-73.972361 40.603217),-8234565.559296209,4953991.25405467,False,POINT (-73.972361 40.603217)
415,390,603,IRT,Jerome Av,149 St-Grand Concourse,Bx,False,4,Subway,40.818375,-73.927351,Northbound,Manhattan,0,0,0,,POINT (-73.927351 40.818375),POINT (-73.927351 40.818375),-8229555.0690156035,4985588.816193265,False,POINT (-73.927351 40.818375)
S22,510,510,SIR,Staten Island,New Dorp,SI,False,SIR,Open Cut,40.57348,-74.11721,Ferry,South Shore,1,1,1,,POINT (-74.11721 40.57348),POINT (-74.11721 40.57348),-8250690.0762181245,4949632.165351871,False,POINT (-74.11721 40.57348)
H07,205,205,IND,Rockaway,Beach 60 St,Q,False,A,Viaduct,40.592374,-73.788522,Manhattan,Far Rockaway,0,0,0,,POINT (-73.788522 40.592374),POINT (-73.788522 40.592374),-8214100.695428264,4952401.5753346775,False,POINT (-73.788522 40.592374)
222,435,603,IRT,Lenox - White Plains Rd,149 St-Grand Concourse,Bx,False,2 5,Subway,40.81841,-73.926718,Northbound,Manhattan,0,0,0,,POINT (-73.926718 40.81841),POINT (-73.926718 40.81841),-8229484.603777931,4985593.964525785,False,POINT (-73.926718 40.81841)
R31,27,617,BMT,4th Av,Atlantic Av-Barclays Ctr,Bk,False,D N R,Subway,40.683666,-73.97881,Manhattan,Southbound,1,1,1,,POINT (-73.97881 40.683666),POINT (-73.97881 40.683666),-8235283.458692334,4965793.84635824,False,POINT (-73.97881 40.683666)
209,422,422,IRT,Lenox - White Plains Rd,Burke Av,Bx,False,2 5,Elevated,40.871356,-73.867164,Northbound,Manhattan,0,0,0,,POINT (-73.867164 40.871356),POINT (-73.867164 40.871356),-8222855.082823229,4993385.180687469,False,POINT (-73.867164 40.871356)
D25,41,41,BMT,Broadway - Brighton,7 Av,Bk,False,B Q,Subway,40.67705,-73.972367,Manhattan,Southbound,0,0,0,,POINT (-73.972367 40.67705),POINT (-73.972367 40.67705),-8234566.227213155,4964822.682468463,False,POINT (-73.972367 40.67705)
D39,54,54,BMT,Broadway - Brighton,Sheepshead Bay,Bk,False,B Q,Open Cut,40.586896,-73.954155,Manhattan,Southbound,1,1,1,,POINT (-73.954155 40.586896),POINT (-73.954155 40.586896),-8232538.876646826,4951598.55059592,False,POINT (-73.954155 40.586896)
B12,59,59,BMT,West End,9 Av,Bk,False,D,Open Cut,40.646292,-73.994324,Manhattan,Southbound,0,0,0,,POINT (-73.994324 40.646292),POINT (-73.994324 40.646292),-8237010.469272502,4960308.97483617,False,POINT (-73.994324 40.646292)
A32,167,167,IND,8th Av - Fulton St,W 4 St-Wash Sq,M,True,A C E,Subway,40.732338,-74.000495,Uptown,Downtown,1,1,1,,POINT (-74.000495 40.732338),POINT (-74.000495 40.732338),-8237697.421850187,4972941.383939534,True,POINT (-74.000495 40.732338)
G07,280,280,IND,Queens - Archer,Jamaica-Van Wyck,Q,False,E,Subway,40.702566,-73.816859,Jamaica,Manhattan,1,1,1,,POINT (-73.816859 40.702566),POINT (-73.816859 40.702566),-8217255.155838873,4968568.712114175,False,POINT (-73.816859 40.702566)
G24,282,282,IND,Crosstown,21 St,Q,False,G,Subway,40.744065,-73.949724,Court Square,Brooklyn,0,0,0,,POINT (-73.949724 40.744065),POINT (-73.949724 40.744065),-8232045.619983123,4974664.288428708,False,POINT (-73.949724 40.744065)
A11,150,150,IND,8th Av - Fulton St,155 St,M,False,C,Subway,40.830518,-73.941514,Uptown,Downtown,0,0,0,,POINT (-73.941514 40.830518),POINT (-73.941514 40.830518),-8231131.686963709,4987375.156435375,False,POINT (-73.941514 40.830518)
413,388,388,IRT,Jerome Av,167 St,Bx,False,4,Elevated,40.835537,-73.9214,Northbound,Manhattan,0,0,0,,POINT (-73.9214 40.835537),POINT (-73.9214 40.835537),-8228892.606725894,4988113.590259471,False,POINT (-73.9214 40.835537)
101,293,293,IRT,Broadway - 7Av,Van Cortlandt Park-242 St,Bx,False,1,Elevated,40.889248,-73.898583,Last Stop,Manhattan,0,0,0,,POINT (-73.898583 40.889248),POINT (-73.898583 40.889248),-8226352.629904463,4996019.468389016,False,POINT (-73.898583 40.889248)
A25,162,162,IND,8th Av - Fulton St,50 St,M,True,C E,Subway,40.762456,-73.985984,Uptown,Downtown,2,0,1,Downtown only,POINT (-73.985984 40.762456),POINT (-73.985984 40.762456),-8236082.064719286,4977366.864726591,True,POINT (-73.985984 40.762456)
632,403,403,IRT,Lexington Av,33 St,M,True,6,Subway,40.746081,-73.982076,Uptown,Downtown,0,0,0,,POINT (-73.982076 40.746081),POINT (-73.982076 40.746081),-8235647.028149266,4974960.505217466,True,POINT (-73.982076 40.746081)
122,312,312,IRT,Broadway - 7Av,79 St,M,False,1,Subway,40.783934,-73.979917,Uptown,Downtown,0,0,0,,POINT (-73.979917 40.783934),POINT (-73.979917 40.783934),-8235406.689368644,4980524.025633644,False,POINT (-73.979917 40.783934)
A47,180,180,IND,8th Av - Fulton St,Kingston-Throop Avs,Bk,False,C,Subway,40.679921,-73.940858,Manhattan,Outbound,0,0,0,,POINT (-73.940858 40.679921),POINT (-73.940858 40.679921),-8231058.6613777485,4965244.105262427,False,POINT (-73.940858 40.679921)
207,420,420,IRT,Lenox - White Plains Rd,219 St,Bx,False,2 5,Elevated,40.883895,-73.862633,Northbound,Manhattan,0,0,0,,POINT (-73.862633 40.883895),POINT (-73.862633 40.883895),-8222350.694210445,4995231.257019575,False,POINT (-73.862633 40.883895)
G12,265,265,IND,Queens Blvd,Grand Av-Newtown,Q,False,M R,Subway,40.737015,-73.877223,Outbound,Manhattan,0,0,0,,POINT (-73.877223 40.737015),POINT (-73.877223 40.737015),-8223974.845581118,4973628.481860092,False,POINT (-73.877223 40.737015)
N04,73,615,BMT,Sea Beach,New Utrecht Av,Bk,False,N,Open Cut,40.624842,-73.996353,Manhattan,Coney Island,1,1,1,,POINT (-73.996353 40.624842),POINT (-73.996353 40.624842),-8237236.3365193205,4957162.43858167,False,POINT (-73.996353 40.624842)
A12,151,151,IND,8th Av - Fulton St,145 St,M,False,A C,Subway,40.824783,-73.944216,Uptown,Downtown,0,0,0,,POINT (-73.944216 40.824783),POINT (-73.944216 40.824783),-8231432.472227832,4986531.447613904,False,POINT (-73.944216 40.824783)
R05,4,4,BMT,Astoria,Broadway,Q,False,N W,Elevated,40.76182,-73.925508,Astoria,Manhattan,0,0,0,,POINT (-73.925508 40.76182),POINT (-73.925508 40.76182),-8229349.9071940705,4977273.391393957,False,POINT (-73.925508 40.76182)
A43,176,176,IND,8th Av - Fulton St,Lafayette Av,Bk,False,C,Subway,40.686113,-73.973946,Manhattan,Outbound,0,0,0,,POINT (-73.973946 40.686113),POINT (-73.973946 40.686113),-8234742.000689115,4966153.066371181,False,POINT (-73.973946 40.686113)
D37,52,52,BMT,Broadway - Brighton,Avenue U,Bk,False,Q,Open Cut,40.5993,-73.955929,Manhattan,Southbound,0,0,0,,POINT (-73.955929 40.5993),POINT (-73.955929 40.5993),-8232736.357423494,4953416.95781739,False,POINT (-73.955929 40.5993)
A60,191,191,IND,Liberty Av,88 St,Q,False,A,Elevated,40.679843,-73.85147,Manhattan,Outbound,0,0,0,,POINT (-73.85147 40.679843),POINT (-73.85147 40.679843),-8221108.03473472,4965232.655709467,False,POINT (-73.85147 40.679843)
R35,31,31,BMT,4th Av,25 St,Bk,False,R,Subway,40.660397,-73.998091,Manhattan,Southbound,0,0,0,,POINT (-73.998091 40.660397),POINT (-73.998091 40.660397),-8237429.80979432,4962378.611968399,False,POINT (-73.998091 40.660397)
G18,270,270,IND,Queens Blvd,46 St,Q,False,M R,Subway,40.756312,-73.913333,Outbound,Manhattan,0,0,0,,POINT (-73.913333 40.756312),POINT (-73.913333 40.756312),-8227994.592393663,4976463.914471465,False,POINT (-73.913333 40.756312)
G36,292,292,IND,Crosstown,Fulton St,Bk,False,G,Subway,40.687119,-73.975375,Queens,Southbound,0,0,0,,POINT (-73.975375 40.687119),POINT (-73.975375 40.687119),-8234901.07624146,4966300.751166726,False,POINT (-73.975375 40.687119)
639,410,623,IRT,Lexington Av,Canal St,M,True,6,Subway,40.718803,-74.000193,Uptown,Downtown,1,1,1,,POINT (-74.000193 40.718803),POINT (-74.000193 40.718803),-8237663.803363968,4970953.229602557,True,POINT (-74.000193 40.718803)
423,415,620,IRT,Eastern Pky,Borough Hall,Bk,False,4 5,Subway,40.692404,-73.990151,Manhattan,Outbound,1,1,1,,POINT (-73.990151 40.692404),POINT (-73.990151 40.692404),-8236545.933037422,4967076.646780238,False,POINT (-73.990151 40.692404)
117,307,307,IRT,Broadway - 7Av,116 St-Columbia University,M,False,1,Subway,40.807722,-73.96411,Uptown,Downtown,0,0,0,,POINT (-73.96411 40.807722),POINT (-73.96411 40.807722),-8233647.062177675,4984021.937086007,False,POINT (-73.96411 40.807722)
608,366,366,IRT,Pelham,Parkchester,Bx,False,6,Elevated,40.833226,-73.860816,Northbound,Manhattan,1,1,1,,POINT (-73.860816 40.833226),POINT (-73.860816 40.833226),-8222148.426695674,4987773.571248024,False,POINT (-73.860816 40.833226)
634,405,405,IRT,Lexington Av,23 St-Baruch College,M,True,6,Subway,40.739864,-73.986599,Uptown,Downtown,1,1,1,,POINT (-73.986599 40.739864),POINT (-73.986599 40.739864),-8236150.526206124,4974047.052034152,True,POINT (-73.986599 40.739864)
H06,204,204,IND,Rockaway,Beach 67 St,Q,False,A,Viaduct,40.590927,-73.796924,Manhattan,Far Rockaway,1,1,1,,POINT (-73.796924 40.590927),POINT (-73.796924 40.590927),-8215036.00178991,4952189.451965015,False,POINT (-73.796924 40.590927)
408,383,383,IRT,Jerome Av,183 St,Bx,False,4,Elevated,40.858407,-73.903879,Northbound,Manhattan,0,0,0,,POINT (-73.903879 40.858407),POINT (-73.903879 40.858407),-8226942.1779277045,4991479.108290348,False,POINT (-73.903879 40.858407)
F11,275,612,IND,Queens Blvd,Lexington Av/53 St,M,True,E F,Subway,40.757552,-73.969055,Queens,Downtown,1,1,1,,POINT (-73.969055 40.757552),POINT (-73.969055 40.757552),-8234197.537059646,4976646.143803596,True,POINT (-73.969055 40.757552)
D26,42,42,BMT,Broadway - Brighton,Prospect Park,Bk,False,B Q S,Open Cut,40.661614,-73.962246,Northbound,Southbound,1,1,1,,POINT (-73.962246 40.661614),POINT (-73.962246 40.661614),-8233439.562646834,4962557.203789072,False,POINT (-73.962246 40.661614)
129,319,319,IRT,Broadway - 7Av,28 St,M,True,1,Subway,40.747215,-73.993365,Uptown,Downtown,0,0,0,,POINT (-73.993365 40.747215),POINT (-73.993365 40.747215),-8236903.71388083,4975127.131107203,True,POINT (-73.993365 40.747215)
R24,20,20,BMT,Broadway,City Hall,M,True,R W,Subway,40.713282,-74.006978,Uptown,Downtown,0,0,0,,POINT (-74.006978 40.713282),POINT (-74.006978 40.713282),-8238419.106109,4970142.366732305,True,POINT (-74.006978 40.713282)
F07,260,260,IND,Queens Blvd,75 Av,Q,False,E F,Subway,40.718331,-73.837324,Jamaica,Manhattan,0,0,0,,POINT (-73.837324 40.718331),POINT (-73.837324 40.718331),-8219533.309217957,4970883.904880904,False,POINT (-73.837324 40.718331)
N05,74,74,BMT,Sea Beach,18 Av,Bk,False,N,Open Cut,40.620671,-73.990414,Manhattan,Coney Island,0,0,0,,POINT (-73.990414 40.620671),POINT (-73.990414 40.620671),-8236575.210063499,4956550.705009788,False,POINT (-73.990414 40.620671)
R16,11,611,BMT,Broadway - Brighton,Times Sq-42 St,M,True,N Q R W,Subway,40.754672,-73.986754,Uptown,Downtown,1,1,1,,POINT (-73.986754 40.754672),POINT (-73.986754 40.754672),-8236167.780727197,4976222.906704203,True,POINT (-73.986754 40.754672)
112,302,605,IRT,Broadway - 7Av,168 St-Washington Hts,M,False,1,Subway,40.840556,-73.940133,Uptown,Downtown,0,0,0,,POINT (-73.940133 40.840556),POINT (-73.940133 40.840556),-8230977.954746924,4988852.079990656,False,POINT (-73.940133 40.840556)
302,437,437,IRT,Lenox - White Plains Rd,145 St,M,False,3,Subway,40.820421,-73.936245,Harlem,Downtown,0,0,0,,POINT (-73.936245 40.820421),POINT (-73.936245 40.820421),-8230545.144566719,4985889.777565001,False,POINT (-73.936245 40.820421)
A06,146,146,IND,8th Av - Fulton St,181 St,M,False,A,Subway,40.851695,-73.937969,Uptown,Downtown,1,1,1,,POINT (-73.937969 40.851695),POINT (-73.937969 40.851695),-8230737.059368845,4990491.25909025,False,POINT (-73.937969 40.851695)
107,297,297,IRT,Broadway - 7Av,215 St,M,False,1,Elevated,40.869444,-73.915279,The Bronx,Downtown,0,0,0,,POINT (-73.915279 40.869444),POINT (-73.915279 40.869444),-8228211.220122748,4993103.713846098,False,POINT (-73.915279 40.869444)
J30,95,95,BMT,Jamaica,Gates Av,Bk,False,J Z,Elevated,40.68963,-73.92227,Outbound,Manhattan,0,0,0,,POINT (-73.92227 40.68963),POINT (-73.92227 40.68963),-8228989.454682883,4966669.385666911,False,POINT (-73.92227 40.68963)
715,459,459,IRT,Flushing,40 St-Lowery St,Q,False,7,Elevated,40.743781,-73.924016,Outbound,Manhattan,0,0,0,,POINT (-73.924016 40.743781),POINT (-73.924016 40.743781),-8229183.818513808,4974622.560197865,False,POINT (-73.924016 40.743781)
F20,236,236,IND,6th Av - Culver,Bergen St,Bk,False,F G,Subway,40.686145,-73.990862,Northbound,Southbound,0,0,0,,POINT (-73.990862 40.686145),POINT (-73.990862 40.686145),-8236625.081195377,4966157.764063948,False,POINT (-73.990862 40.686145)
A48,181,181,IND,8th Av - Fulton St,Utica Av,Bk,False,A C,Subway,40.679364,-73.930729,Manhattan,Outbound,1,1,1,,POINT (-73.930729 40.679364),POINT (-73.930729 40.679364),-8229931.106255503,4965162.344004922,False,POINT (-73.930729 40.679364)
Q03,477,477,IND,Second Av,72 St,M,False,Q,Subway,40.768799,-73.958424,Uptown,Downtown,1,1,1,,POINT (-73.958424 40.768799),POINT (-73.958424 40.768799),-8233014.0995530225,4978299.148499792,False,POINT (-73.958424 40.768799)
231,334,334,IRT,Clark St,Clark St,Bk,False,2 3,Subway,40.697466,-73.993086,Manhattan,Outbound,0,0,0,,POINT (-73.993086 40.697466),POINT (-73.993086 40.697466),-8236872.6557428995,4967819.861267076,False,POINT (-73.993086 40.697466)
A22,160,160,IND,8th Av - Fulton St,72 St,M,False,C B,Subway,40.775594,-73.97641,Uptown,Downtown,0,0,0,,POINT (-73.97641 40.775594),POINT (-73.97641 40.775594),-8235016.291914431,4979297.965227895,False,POINT (-73.97641 40.775594)
A54,187,187,IND,8th Av - Fulton St,Shepherd Av,Bk,False,C,Subway,40.67413,-73.88075,Manhattan,Outbound,0,0,0,,POINT (-73.88075 40.67413),POINT (-73.88075 40.67413),-8224367.469425147,4964394.085772757,False,POINT (-73.88075 40.67413)
R41,35,35,BMT,4th Av,59 St,Bk,False,N R,Subway,40.641362,-74.017881,Manhattan,Southbound,1,1,1,,POINT (-74.017881 40.641362),POINT (-74.017881 40.641362),-8239632.822517119,4959585.695437457,False,POINT (-74.017881 40.641362)
A38,172,628,IND,8th Av - Fulton St,Fulton St,M,True,A C,Subway,40.710197,-74.007691,Uptown,Brooklyn,1,1,1,,POINT (-74.007691 40.710197),POINT (-74.007691 40.710197),-8238498.4769059345,4969689.305640543,True,POINT (-74.007691 40.710197)
602,361,361,IRT,Pelham,Buhre Av,Bx,False,6,Elevated,40.84681,-73.832569,Pelham Bay,Manhattan,0,0,0,,POINT (-73.832569 40.84681),POINT (-73.832569 40.84681),-8219003.985039236,4989772.364419152,False,POINT (-73.832569 40.84681)
D11,219,604,IND,Concourse,161 St-Yankee Stadium,Bx,False,B D,Subway,40.827905,-73.925651,Northbound,Manhattan,1,1,1,,POINT (-73.925651 40.827905),POINT (-73.925651 40.827905),-8229365.825881255,4986990.733933728,False,POINT (-73.925651 40.827905)
627,398,398,IRT,Lexington Av,77 St,M,False,6,Subway,40.77362,-73.959874,Uptown,Downtown,0,0,0,,POINT (-73.959874 40.77362),POINT (-73.959874 40.77362),-8233175.512814674,4979007.7907240745,False,POINT (-73.959874 40.77362)
D32,48,48,BMT,Broadway - Brighton,Avenue H,Bk,False,Q,Open Cut,40.62927,-73.961639,Manhattan,Southbound,1,1,1,,POINT (-73.961639 40.62927),POINT (-73.961639 40.62927),-8233371.991715925,4957811.906487604,False,POINT (-73.961639 40.62927)
139,329,329,IRT,Broadway - 7Av,Rector St,M,True,1,Subway,40.707513,-74.013783,Uptown,Downtown,0,0,0,,POINT (-74.013783 40.707513),POINT (-74.013783 40.707513),-8239176.635243849,4969295.152222248,True,POINT (-74.013783 40.707513)
R08,6,6,BMT,Astoria,39 Av-Dutch Kills,Q,False,N W,Elevated,40.752882,-73.932755,Astoria,Manhattan,0,0,0,,POINT (-73.932755 40.752882),POINT (-73.932755 40.752882),-8230156.63954385,4975959.862329072,False,POINT (-73.932755 40.752882)
D21,230,619,IND,6th Av - Culver,Broadway-Lafayette St,M,True,B D F M,Subway,40.725297,-73.996204,Uptown,Downtown,1,1,1,,POINT (-73.996204 40.725297),POINT (-73.996204 40.725297),-8237219.749915194,4971907.081933192,True,POINT (-73.996204 40.725297)
S20,512,512,SIR,Staten Island,Bay Terrace,SI,False,SIR,Embankment,40.5564,-74.136907,Ferry,South Shore,0,0,0,,POINT (-74.136907 40.5564),POINT (-74.136907 40.5564),-8252882.736228278,4947129.31744834,False,POINT (-74.136907 40.5564)
J12,80,80,BMT,Jamaica,121 St,Q,False,J Z,Elevated,40.700492,-73.828294,Jamaica,Manhattan,0,0,0,,POINT (-73.828294 40.700492),POINT (-73.828294 40.700492),-8218528.094216094,4968264.172519305,False,POINT (-73.828294 40.700492)
134,324,324,IRT,Broadway - 7Av,Houston St,M,True,1,Subway,40.728251,-74.005367,Uptown,Downtown,0,0,0,,POINT (-74.005367 40.728251),POINT (-74.005367 40.728251),-8238239.770409332,4972341.002442014,True,POINT (-74.005367 40.728251)
F02,255,255,IND,Queens Blvd,169 St,Q,False,F,Subway,40.71047,-73.793604,Jamaica,Manhattan,0,0,0,,POINT (-73.793604 40.71047),POINT (-73.793604 40.71047),-8214666.421080476,4969729.397396254,False,POINT (-73.793604 40.71047)
F30,245,245,IND,6th Av - Culver,18 Av,Bk,False,F,Elevated,40.629755,-73.976971,Manhattan,Southbound,0,0,0,,POINT (-73.976971 40.629755),POINT (-73.976971 40.629755),-8235078.742148767,4957883.045494183,False,POINT (-73.976971 40.629755)
501,442,442,IRT,Dyre Av,Eastchester-Dyre Av,Bx,False,5,At Grade,40.8883,-73.830834,Last Stop,Manhattan,0,0,0,,POINT (-73.830834 40.8883),POINT (-73.830834 40.8883),-8218810.84572271,4995879.873909538,False,POINT (-73.830834 40.8883)
G31,287,287,IND,Crosstown,Flushing Av,Bk,False,G,Subway,40.700377,-73.950234,Queens,Southbound,0,0,0,,POINT (-73.950234 40.700377),POINT (-73.950234 40.700377),-8232102.392923426,4968247.286560797,False,POINT (-73.950234 40.700377)
B16,63,615,BMT,West End,62 St,Bk,False,D,Elevated,40.626472,-73.996895,Manhattan,Southbound,1,1,1,,POINT (-73.996895 40.626472),POINT (-73.996895 40.626472),-8237296.671683331,4957401.5105127,False,POINT (-73.996895 40.626472)
251,346,346,IRT,Eastern Pky,Sutter Av-Rutland Rd,Bk,False,3,Elevated,40.664717,-73.92261,Manhattan,New Lots,0,0,0,,POINT (-73.92261 40.664717),POINT (-73.92261 40.664717),-8229027.303309754,4963012.57631633,False,POINT (-73.92261 40.664717)
214,427,427,IRT,Lenox - White Plains Rd,West Farms Sq-E Tremont Av,Bx,False,2 5,Elevated,40.840295,-73.880049,Northbound,Manhattan,0,0,0,,POINT (-73.880049 40.840295),POINT (-73.880049 40.840295),-8224289.4344621,4988813.6753806835,False,POINT (-73.880049 40.840295)
624,395,395,IRT,Lexington Av,103 St,M,False,6,Subway,40.7906,-73.947478,The Bronx,Downtown,0,0,0,,POINT (-73.947478 40.7906),POINT (-73.947478 40.7906),-8231795.596406801,4981504.10261173,False,POINT (-73.947478 40.7906)
H10,208,208,IND,Rockaway,Beach 25 St,Q,False,A,Viaduct,40.600066,-73.761353,Manhattan,Far Rockaway,0,0,0,,POINT (-73.761353 40.600066),POINT (-73.761353 40.600066),-8211076.256182902,4953529.2632933995,False,POINT (-73.761353 40.600066)
M22,106,628,BMT,Jamaica,Fulton St,M,True,J Z,Subway,40.710374,-74.007582,Brooklyn,Downtown,1,1,1,,POINT (-74.007582 40.710374),POINT (-74.007582 40.710374),-8238486.343081438,4969715.299177706,True,POINT (-74.007582 40.710374)
R21,16,16,BMT,Broadway - Brighton,8 St-NYU,M,True,R W,Subway,40.730328,-73.992629,Uptown,Downtown,0,0,0,,POINT (-73.992629 40.730328),POINT (-73.992629 40.730328),-8236821.782735606,4972646.109742359,True,POINT (-73.992629 40.730328)
L12,123,123,BMT,Canarsie,Grand St,Bk,False,L,Subway,40.711926,-73.94067,Manhattan,Outbound,1,1,1,,POINT (-73.94067 40.711926),POINT (-73.94067 40.711926),-8231037.7333134785,4969943.222869474,False,POINT (-73.94067 40.711926)
902,468,611,IRT,Lexington - Shuttle,Times Sq-42 St,M,True,S,Subway,40.755983,-73.986229,Last Stop,Grand Central,1,1,1,,POINT (-73.986229 40.755983),POINT (-73.986229 40.755983),-8236109.337994529,4976415.565485347,True,POINT (-73.986229 40.755983)
S15,517,517,SIR,Staten Island,Prince's Bay,SI,False,SIR,Open Cut,40.525507,-74.200064,Ferry,South Shore,0,0,0,,POINT (-74.200064 40.525507),POINT (-74.200064 40.525507),-8259913.34130831,4942603.97852987,False,POINT (-74.200064 40.525507)
256,351,351,IRT,Eastern Pky,Van Siclen Av,Bk,False,3,Elevated,40.665449,-73.889395,Manhattan,New Lots,0,0,0,,POINT (-73.889395 40.665449),POINT (-73.889395 40.665449),-8225329.826423054,4963120.002121398,False,POINT (-73.889395 40.665449)
701,447,447,IRT,Flushing,Flushing-Main St,Q,False,7,Subway,40.7596,-73.83003,Last Stop,Manhattan,1,1,1,,POINT (-73.83003 40.7596),POINT (-73.83003 40.7596),-8218721.34485211,4976947.123563181,False,POINT (-73.83003 40.7596)
S04,142,626,BMT,Franklin Shuttle,Botanic Garden,Bk,False,S,Open Cut,40.670343,-73.959245,Franklin Av,Prospect Park,0,0,0,,POINT (-73.959245 40.670343),POINT (-73.959245 40.670343),-8233105.492854964,4963838.259042613,False,POINT (-73.959245 40.670343)
D05,213,213,IND,Concourse,Fordham Rd,Bx,False,B D,Subway,40.861296,-73.897749,Northbound,Manhattan,0,0,0,,POINT (-73.897749 40.861296),POINT (-73.897749 40.861296),-8226259.789449141,4991904.332241224,False,POINT (-73.897749 40.861296)
236,339,339,IRT,Eastern Pky,Bergen St,Bk,False,2 3,Subway,40.680829,-73.975098,Manhattan,Outbound,0,0,0,,POINT (-73.975098 40.680829),POINT (-73.975098 40.680829),-8234870.240742511,4965377.390787763,False,POINT (-73.975098 40.680829)
M08,112,630,BMT,Myrtle Av,Myrtle-Wyckoff Avs,Bk,False,M,Elevated,40.69943,-73.912385,Inbound,Middle Village,1,1,1,,POINT (-73.912385 40.69943),POINT (-73.912385 40.69943),-8227889.061516391,4968108.235471784,False,POINT (-73.912385 40.69943)
124,314,314,IRT,Broadway - 7Av,66 St-Lincoln Center,M,False,1,Subway,40.77344,-73.982209,Uptown,Downtown,1,1,1,,POINT (-73.982209 40.77344),POINT (-73.982209 40.77344),-8235661.833641541,4978981.3314718,False,POINT (-73.982209 40.77344)
F24,240,240,IND,6th Av - Culver,7 Av,Bk,False,F G,Subway,40.666271,-73.980305,Northbound,Southbound,1,1,1,,POINT (-73.980305 40.666271),POINT (-73.980305 40.666271),-8235449.88133107,4963240.637422679,False,POINT (-73.980305 40.666271)
617,375,375,IRT,Pelham,Cypress Av,Bx,False,6,Subway,40.805368,-73.914042,Northbound,Manhattan,0,0,0,,POINT (-73.914042 40.805368),POINT (-73.914042 40.805368),-8228073.517912636,4983675.7367746495,False,POINT (-73.914042 40.805368)
A18,156,156,IND,8th Av - Fulton St,103 St,M,False,C B,Subway,40.796092,-73.961454,Uptown,Downtown,0,0,0,,POINT (-73.961454 40.796092),POINT (-73.961454 40.796092),-8233351.397610127,4982311.644700232,False,POINT (-73.961454 40.796092)
H03,198,198,IND,Rockaway,Howard Beach-JFK Airport,Q,False,A,At Grade,40.660476,-73.830301,Manhattan,Rockaways,1,1,1,,POINT (-73.830301 40.660476),POINT (-73.830301 40.660476),-8218751.5124341175,4962390.2049293555,False,POINT (-73.830301 40.660476)
244,356,356,IRT,Nostrand,Church Av,Bk,False,2 5,Subway,40.650843,-73.949575,Manhattan,Flatbush,1,1,1,,POINT (-73.949575 40.650843),POINT (-73.949575 40.650843),-8232029.033378992,4960976.698641012,False,POINT (-73.949575 40.650843)
710,454,616,IRT,Flushing,74 St-Broadway,Q,False,7,Elevated,40.746848,-73.891394,Outbound,Manhattan,1,1,1,,POINT (-73.891394 40.746848),POINT (-73.891394 40.746848),-8225552.354085151,4975073.205133503,False,POINT (-73.891394 40.746848)
J24,91,91,BMT,Jamaica,Alabama Av,Bk,False,J Z,Elevated,40.676992,-73.898654,Outbound,Manhattan,0,0,0,,POINT (-73.898654 40.676992),POINT (-73.898654 40.676992),-8226360.533588308,4964814.169063691,False,POINT (-73.898654 40.676992)
L21,131,131,BMT,Canarsie,Bushwick Av-Aberdeen St,Bk,False,L,Subway,40.682829,-73.905249,Manhattan,Outbound,0,0,0,,POINT (-73.905249 40.682829),POINT (-73.905249 40.682829),-8227094.685630091,4965670.977644064,False,POINT (-73.905249 40.682829)
R32,28,28,BMT,4th Av,Union St,Bk,False,R,Subway,40.677316,-73.98311,Manhattan,Southbound,0,0,0,,POINT (-73.98311 40.677316),POINT (-73.98311 40.677316),-8235762.132502746,4964861.726799008,False,POINT (-73.98311 40.677316)
631,402,610,IRT,Lexington Av,Grand Central-42 St,M,True,4 5 6,Subway,40.751776,-73.976848,Uptown,Downtown,1,1,1,,POINT (-73.976848 40.751776),POINT (-73.976848 40.751776),-8235065.049851399,4975797.336774315,True,POINT (-73.976848 40.751776)
J16,84,84,BMT,Jamaica,85 St-Forest Pkwy,Q,False,J,Elevated,40.692435,-73.86001,Jamaica,Manhattan,0,0,0,,POINT (-73.86001 40.692435),POINT (-73.86001 40.692435),-8222058.703186094,4967081.198099722,False,POINT (-73.86001 40.692435)
B08,223,223,IND,63rd St,Lexington Av/63 St,M,False,M Q,Subway,40.764629,-73.966113,Uptown & Queens,Downtown,1,1,1,,POINT (-73.966113 40.764629),POINT (-73.966113 40.764629),-8233870.035117733,4977686.238695233,False,POINT (-73.966113 40.764629)
R27,23,635,BMT,Broadway,Whitehall St-South Ferry,M,True,R W,Subway,40.703087,-74.012994,Uptown,Downtown,0,0,0,,POINT (-74.012994 40.703087),POINT (-74.012994 40.703087),-8239088.804165613,4968645.215595229,True,POINT (-74.012994 40.703087)
217,430,430,IRT,Lenox - White Plains Rd,Simpson St,Bx,False,2 5,Elevated,40.824073,-73.893064,Northbound,Manhattan,1,1,1,,POINT (-73.893064 40.824073),POINT (-73.893064 40.824073),-8225738.257634775,4986427.00050757,False,POINT (-73.893064 40.824073)
L27,136,136,BMT,Canarsie,New Lots Av,Bk,False,L,Elevated,40.658733,-73.899232,Manhattan,Canarsie,0,0,0,,POINT (-73.899232 40.658733),POINT (-73.899232 40.658733),-8226424.876253988,4962134.429246773,False,POINT (-73.899232 40.658733)
210,423,423,IRT,Lenox - White Plains Rd,Allerton Av,Bx,False,2 5,Elevated,40.865462,-73.867352,Northbound,Manhattan,0,0,0,,POINT (-73.867352 40.865462),POINT (-73.867352 40.865462),-8222876.010887498,4992517.546962145,False,POINT (-73.867352 40.865462)
D16,226,609,IND,6th Av - Culver,42 St-Bryant Pk,M,True,B D F M,Subway,40.754222,-73.984569,Uptown,Downtown,0,0,0,,POINT (-73.984569 40.754222),POINT (-73.984569 40.754222),-8235924.547639812,4976156.777563609,True,POINT (-73.984569 40.754222)
F36,251,251,IND,6th Av - Culver,Avenue U,Bk,False,F,Elevated,40.596063,-73.973357,Manhattan,Coney Island,0,0,0,,POINT (-73.973357 40.596063),POINT (-73.973357 40.596063),-8234676.433509039,4952942.386091424,False,POINT (-73.973357 40.596063)
416,391,391,IRT,Jerome Av,138 St-Grand Concourse,Bx,False,4 5,Subway,40.813224,-73.929849,Northbound,Manhattan,0,0,0,,POINT (-73.929849 40.813224),POINT (-73.929849 40.813224),-8229833.145103606,4984831.15835646,False,POINT (-73.929849 40.813224)
B20,67,67,BMT,West End,20 Av,Bk,False,D,Elevated,40.604556,-73.998168,Manhattan,Southbound,0,0,0,,POINT (-73.998168 40.604556),POINT (-73.998168 40.604556),-8237438.381395112,4954187.581064051,False,POINT (-73.998168 40.604556)
B13,60,60,BMT,West End,Fort Hamilton Pkwy,Bk,False,D,Elevated,40.640914,-73.994304,Manhattan,Southbound,0,0,0,,POINT (-73.994304 40.640914),POINT (-73.994304 40.640914),-8237008.242882686,4959519.972087188,False,POINT (-73.994304 40.640914)
F25,241,241,IND,6th Av - Culver,15 St-Prospect Park,Bk,False,F G,Subway,40.660365,-73.979493,Northbound,Southbound,0,0,0,,POINT (-73.979493 40.660365),POINT (-73.979493 40.660365),-8235359.489904547,4962373.916089387,False,POINT (-73.979493 40.660365)
138,328,328,IRT,Broadway - 7Av,WTC Cortlandt,M,True,1,Subway,40.711835,-74.012188,Uptown,Downtown,1,1,1,,POINT (-74.012188 40.711835),POINT (-74.012188 40.711835),-8238999.080656033,4969929.8586404165,True,POINT (-74.012188 40.711835)
D20,167,167,IND,6th Av - Culver,W 4 St-Wash Sq,M,True,B D F M,Subway,40.732338,-74.000495,Uptown,Downtown,1,1,1,,POINT (-74.000495 40.732338),POINT (-74.000495 40.732338),-8237697.421850187,4972941.383939534,True,POINT (-74.000495 40.732338)
G26,283,283,IND,Crosstown,Greenpoint Av,Bk,False,G,Subway,40.731352,-73.954449,Queens,Southbound,1,1,1,,POINT (-73.954449 40.731352),POINT (-73.954449 40.731352),-8232571.604577119,4972796.53687552,False,POINT (-73.954449 40.731352)
M18,102,625,BMT,Jamaica,Delancey St-Essex St,M,True,M J Z,Subway,40.718315,-73.987437,Brooklyn,Inbound,0,0,0,,POINT (-73.987437 40.718315),POINT (-73.987437 40.718315),-8236243.811939408,4970881.554898952,True,POINT (-73.987437 40.718315)
L06,119,119,BMT,Canarsie,1 Av,M,True,L,Subway,40.730953,-73.981628,West Side,Brooklyn,1,1,1,,POINT (-73.981628 40.730953),POINT (-73.981628 40.730953),-8235597.15701739,4972737.922902851,True,POINT (-73.981628 40.730953)
D40,55,55,BMT,Broadway - Brighton,Brighton Beach,Bk,False,B Q,Elevated,40.577621,-73.961376,Manhattan,Southbound,0,0,0,,POINT (-73.961376 40.577621),POINT (-73.961376 40.577621),-8233342.714689845,4950239.07030261,False,POINT (-73.961376 40.577621)
A27,163,611,IND,8th Av - Fulton St,42 St-Port Authority Bus Terminal,M,True,A C E,Subway,40.757308,-73.989735,Uptown,Downtown,1,1,1,,POINT (-73.989735 40.757308),POINT (-73.989735 40.757308),-8236499.624129251,4976610.285505107,True,POINT (-73.989735 40.757308)
R04,3,3,BMT,Astoria,30 Av,Q,False,N W,Elevated,40.766779,-73.921479,Astoria,Manhattan,0,0,0,,POINT (-73.921479 40.766779),POINT (-73.921479 40.766779),-8228901.4009656655,4978002.242544738,False,POINT (-73.921479 40.766779)
402,379,379,IRT,Jerome Av,Mosholu Pkwy,Bx,False,4,Elevated,40.87975,-73.884655,Woodlawn,Manhattan,1,1,1,,POINT (-73.884655 40.87975),POINT (-73.884655 40.87975),-8224802.172036693,4994620.963410205,False,POINT (-73.884655 40.87975)
H11,209,209,IND,Rockaway,Far Rockaway-Mott Av,Q,False,A,Viaduct,40.603995,-73.755405,Manhattan,Last Stop,1,1,1,,POINT (-73.755405 40.603995),POINT (-73.755405 40.603995),-8210414.127851664,4954105.325579904,False,POINT (-73.755405 40.603995)
L02,116,601,BMT,Canarsie,6 Av,M,True,L,Subway,40.737335,-73.996786,West Side,Brooklyn,1,1,1,,POINT (-73.996786 40.737335),POINT (-73.996786 40.737335),-8237284.5378588345,4973675.494815401,True,POINT (-73.996786 40.737335)
601,360,360,IRT,Pelham,Pelham Bay Park,Bx,False,6,Elevated,40.852462,-73.828121,Last Stop,Manhattan,1,1,1,,POINT (-73.828121 40.852462),POINT (-73.828121 40.852462),-8218508.835944187,4990604.138461809,False,POINT (-73.828121 40.852462)
723,465,610,IRT,Flushing,Grand Central-42 St,M,True,7,Subway,40.751431,-73.976041,Queens,Hudson Yards,1,1,1,,POINT (-73.976041 40.751431),POINT (-73.976041 40.751431),-8234975.215022328,4975746.639934731,True,POINT (-73.976041 40.751431)
613,371,371,IRT,Pelham,Hunts Point Av,Bx,False,6,Subway,40.820948,-73.890549,Northbound,Manhattan,1,1,1,,POINT (-73.890549 40.820948),POINT (-73.890549 40.820948),-8225458.289115429,4985967.299421853,False,POINT (-73.890549 40.820948)
S27,505,505,SIR,Staten Island,Grasmere,SI,False,SIR,Open Cut,40.603117,-74.084087,Ferry,South Shore,0,0,0,,POINT (-74.084087 40.603117),POINT (-74.084087 40.603117),-8247002.840724578,4953976.592001196,False,POINT (-74.084087 40.603117)
J20,87,87,BMT,Jamaica,Crescent St,Bk,False,J Z,Elevated,40.683194,-73.873785,Outbound,Manhattan,0,0,0,,POINT (-73.873785 40.683194),POINT (-73.873785 40.683194),-8223592.129171771,4965724.558195893,False,POINT (-73.873785 40.683194)
A64,194,194,IND,Liberty Av,111 St,Q,False,A,Elevated,40.684331,-73.832163,Manhattan,Ozone Park,0,0,0,,POINT (-73.832163 40.684331),POINT (-73.832163 40.684331),-8218958.789325972,4965891.467165388,False,POINT (-73.832163 40.684331)
A07,147,147,IND,8th Av - Fulton St,175 St,M,False,A,Subway,40.847391,-73.939704,Uptown,Downtown,1,1,1,,POINT (-73.939704 40.847391),POINT (-73.939704 40.847391),-8230930.198685373,4989857.863751695,False,POINT (-73.939704 40.847391)
106,296,296,IRT,Broadway - 7Av,Marble Hill-225 St,M,False,1,Elevated,40.874561,-73.909831,The Bronx,Downtown,0,0,0,,POINT (-73.909831 40.874561),POINT (-73.909831 40.874561),-8227604.751536906,4993857.0091846185,False,POINT (-73.909831 40.874561)
121,311,311,IRT,Broadway - 7Av,86 St,M,False,1,Subway,40.788644,-73.976218,Uptown,Downtown,0,0,0,,POINT (-73.976218 40.788644),POINT (-73.976218 40.788644),-8234994.918572199,4981216.509069281,False,POINT (-73.976218 40.788644)
206,419,419,IRT,Lenox - White Plains Rd,225 St,Bx,False,2 5,Elevated,40.888022,-73.860341,Northbound,Manhattan,0,0,0,,POINT (-73.860341 40.888022),POINT (-73.860341 40.888022),-8222095.549937547,4995838.938354907,False,POINT (-73.860341 40.888022)
G13,266,266,IND,Queens Blvd,Elmhurst Av,Q,False,M R,Subway,40.742454,-73.882017,Outbound,Manhattan,0,0,0,,POINT (-73.882017 40.742454),POINT (-73.882017 40.742454),-8224508.511219982,4974427.585931267,False,POINT (-73.882017 40.742454)
635,406,602,IRT,Lexington Av,14 St-Union Sq,M,True,4 5 6,Subway,40.734673,-73.989951,Uptown,Downtown,0,0,0,,POINT (-73.989951 40.734673),POINT (-73.989951 40.734673),-8236523.669139262,4973284.412677233,True,POINT (-73.989951 40.734673)
D13,151,151,IND,Concourse,145 St,M,False,B D,Subway,40.824783,-73.944216,Uptown,Downtown,0,0,0,,POINT (-73.944216 40.824783),POINT (-73.944216 40.824783),-8231432.472227832,4986531.447613904,False,POINT (-73.944216 40.824783)
D27,43,43,BMT,Broadway - Brighton,Parkside Av,Bk,False,Q,Open Cut,40.655292,-73.961495,Manhattan,Southbound,0,0,0,,POINT (-73.961495 40.655292),POINT (-73.961495 40.655292),-8233355.961709249,4961629.50100352,False,POINT (-73.961495 40.655292)
248,343,343,IRT,Eastern Pky,Nostrand Av,Bk,False,3,Subway,40.669847,-73.950466,Manhattan,Outbound,0,0,0,,POINT (-73.950466 40.669847),POINT (-73.950466 40.669847),-8232128.219045291,4963765.46231588,False,POINT (-73.950466 40.669847)
707,451,451,IRT,Flushing,Junction Blvd,Q,False,7,Elevated,40.749145,-73.869527,Outbound,Manhattan,1,1,1,,POINT (-73.869527 40.749145),POINT (-73.869527 40.749145),-8223118.130779974,4975410.724913018,False,POINT (-73.869527 40.749145)
R44,38,38,BMT,4th Av,86 St,Bk,False,R,Subway,40.622687,-74.028398,Manhattan,Bay Ridge,1,1,1,,POINT (-74.028398 40.622687),POINT (-74.028398 40.622687),-8240803.569601792,4956846.3739109095,False,POINT (-74.028398 40.622687)
412,387,387,IRT,Jerome Av,170 St,Bx,False,4,Elevated,40.840075,-73.917791,Northbound,Manhattan,1,1,1,,POINT (-73.917791 40.840075),POINT (-73.917791 40.840075),-8228490.85468362,4988781.303796248,False,POINT (-73.917791 40.840075)
221,434,434,IRT,Lenox - White Plains Rd,3 Av-149 St,Bx,False,2 5,Subway,40.816109,-73.917757,Northbound,Manhattan,1,1,1,,POINT (-73.917757 40.816109),POINT (-73.917757 40.816109),-8228487.069820932,4985255.504217091,False,POINT (-73.917757 40.816109)
108,298,298,IRT,Broadway - 7Av,207 St,M,False,1,Elevated,40.864621,-73.918822,The Bronx,Downtown,0,0,0,,POINT (-73.918822 40.864621),POINT (-73.918822 40.864621),-8228605.625078629,4992393.752788824,False,POINT (-73.918822 40.864621)
125,315,614,IRT,Broadway - 7Av,59 St-Columbus Circle,M,True,1,Subway,40.768247,-73.981929,Uptown,Downtown,1,1,1,,POINT (-73.981929 40.768247),POINT (-73.981929 40.768247),-8235630.664184119,4978218.012906996,True,POINT (-73.981929 40.768247)
H04,199,199,IND,Rockaway,Broad Channel,Q,False,A S,At Grade,40.608382,-73.815925,Inbound,Rockaways,0,0,0,,POINT (-73.815925 40.608382),POINT (-73.815925 40.608382),-8217151.1834344715,4954748.57894503,False,POINT (-73.815925 40.608382)
A44,177,177,IND,8th Av - Fulton St,Clinton-Washington Avs,Bk,False,C,Subway,40.683263,-73.965838,Manhattan,Outbound,0,0,0,,POINT (-73.965838 40.683263),POINT (-73.965838 40.683263),-8233839.422257765,4965734.687155105,False,POINT (-73.965838 40.683263)
A49,182,182,IND,8th Av - Fulton St,Ralph Av,Bk,False,C,Subway,40.678822,-73.920786,Manhattan,Outbound,0,0,0,,POINT (-73.920786 40.678822),POINT (-73.920786 40.678822),-8228824.256558547,4965082.785232434,False,POINT (-73.920786 40.678822)
711,455,455,IRT,Flushing,69 St,Q,False,7,Elevated,40.746325,-73.896403,Outbound,Manhattan,0,0,0,,POINT (-73.896403 40.746325),POINT (-73.896403 40.746325),-8226109.953414534,4974996.357461775,False,POINT (-73.896403 40.746325)
B23,70,70,BMT,West End,Bay 50 St,Bk,False,D,Elevated,40.588841,-73.983765,Manhattan,Coney Island,0,0,0,,POINT (-73.983765 40.588841),POINT (-73.983765 40.588841),-8235835.046769216,4951883.6622897675,False,POINT (-73.983765 40.588841)
G11,264,264,IND,Queens Blvd,Woodhaven Blvd,Q,False,M R,Subway,40.733106,-73.869229,Outbound,Manhattan,0,0,0,,POINT (-73.869229 40.733106),POINT (-73.869229 40.733106),-8223084.957571717,4973054.207480536,False,POINT (-73.869229 40.733106)
S09,522,522,SIR,Staten Island,Tottenville,SI,False,SIR,At Grade,40.512764,-74.251961,Ferry,Last Stop,1,1,1,,POINT (-74.251961 40.512764),POINT (-74.251961 40.512764),-8265690.488922007,4940737.937009936,False,POINT (-74.251961 40.512764)
J27,92,621,BMT,Jamaica,Broadway Junction,Bk,False,J Z,Elevated,40.679498,-73.904512,Outbound,Manhattan,0,0,0,,POINT (-73.904512 40.679498),POINT (-73.904512 40.679498),-8227012.643165376,4965182.013616672,False,POINT (-73.904512 40.679498)
L17,128,630,BMT,Canarsie,Myrtle-Wyckoff Avs,Bk,False,L,Subway,40.699814,-73.911586,Manhattan,Outbound,1,1,1,,POINT (-73.911586 40.699814),POINT (-73.911586 40.699814),-8227800.117243248,4968164.619202022,False,POINT (-73.911586 40.699814)
R09,461,461,BMT,Astoria,Queensboro Plaza,Q,False,N W,Elevated,40.750582,-73.940202,Astoria,Manhattan,1,1,1,,POINT (-73.940202 40.750582),POINT (-73.940202 40.750582),-8230985.635791788,4975621.882745286,False,POINT (-73.940202 40.750582)
M13,99,99,BMT,Jamaica,Lorimer St,Bk,False,M J,Elevated,40.703869,-73.947408,Outbound,Manhattan,0,0,0,,POINT (-73.947408 40.703869),POINT (-73.947408 40.703869),-8231787.804042444,4968760.045359866,False,POINT (-73.947408 40.703869)
S23,509,509,SIR,Staten Island,Grant City,SI,False,SIR,Open Cut,40.578965,-74.109704,Ferry,South Shore,0,0,0,,POINT (-74.109704 40.578965),POINT (-74.109704 40.578965),-8249854.512120229,4950436.05501422,False,POINT (-74.109704 40.578965)
G06,279,279,IND,Queens - Archer,Sutphin Blvd-Archer Av-JFK Airport,Q,False,E J Z,Subway,40.700486,-73.807969,Jamaica,Manhattan,1,1,1,,POINT (-73.807969 40.700486),POINT (-73.807969 40.700486),-8216265.525565721,4968263.291512053,False,POINT (-73.807969 40.700486)
716,460,460,IRT,Flushing,33 St-Rawson St,Q,False,7,Elevated,40.744587,-73.930997,Outbound,Manhattan,0,0,0,,POINT (-73.930997 40.744587),POINT (-73.930997 40.744587),-8229960.9398790365,4974740.986557181,False,POINT (-73.930997 40.744587)
A17,155,155,IND,8th Av - Fulton St,Cathedral Pkwy (110 St),M,False,C B,Subway,40.800603,-73.958161,Uptown,Downtown,0,0,0,,POINT (-73.958161 40.800603),POINT (-73.958161 40.800603),-8232984.822526946,4982974.990806059,False,POINT (-73.958161 40.800603)
F06,259,259,IND,Queens Blvd,Kew Gardens-Union Tpke,Q,False,E F,Subway,40.714441,-73.831008,Jamaica,Manhattan,1,1,1,,POINT (-73.831008 40.714441),POINT (-73.831008 40.714441),-8218830.215314108,4970312.582142517,False,POINT (-73.831008 40.714441)
130,320,320,IRT,Broadway - 7Av,23 St,M,True,1,Subway,40.744081,-73.995657,Uptown,Downtown,0,0,0,,POINT (-73.995657 40.744081),POINT (-73.995657 40.744081),-8237158.858153728,4974666.639320255,True,POINT (-73.995657 40.744081)
A42,175,175,IND,8th Av - Fulton St,Hoyt-Schermerhorn Sts,Bk,False,A C G,Subway,40.688484,-73.985001,Westbound,Queens,0,0,0,,POINT (-73.985001 40.688484),POINT (-73.985001 40.688484),-8235972.637659836,4966501.142152836,False,POINT (-73.985001 40.688484)
R20,15,602,BMT,Broadway - Brighton,14 St-Union Sq,M,True,N Q R W,Subway,40.735736,-73.990568,Uptown,Downtown,1,1,1,,POINT (-73.990568 40.735736),POINT (-73.990568 40.735736),-8236592.3532650815,4973440.579212532,True,POINT (-73.990568 40.735736)
224,438,438,IRT,Lenox - White Plains Rd,135 St,M,False,2 3,Subway,40.814229,-73.94077,Uptown,Downtown,1,1,1,,POINT (-73.94077 40.814229),POINT (-73.94077 40.814229),-8231048.865262558,4984978.978650217,False,POINT (-73.94077 40.814229)
N06,75,75,BMT,Sea Beach,20 Av,Bk,False,N,Open Cut,40.61741,-73.985026,Manhattan,Coney Island,0,0,0,,POINT (-73.985026 40.61741),POINT (-73.985026 40.61741),-8235975.420647106,4956072.461853026,False,POINT (-73.985026 40.61741)
A05,145,145,IND,8th Av - Fulton St,190 St,M,False,A,Subway,40.859022,-73.93418,Uptown,Downtown,0,0,0,,POINT (-73.93418 40.859022),POINT (-73.93418 40.859022),-8230315.2698182305,4991569.626892243,False,POINT (-73.93418 40.859022)
G35,291,291,IND,Crosstown,Clinton-Washington Avs,Bk,False,G,Subway,40.688089,-73.966839,Queens,Southbound,0,0,0,,POINT (-73.966839 40.688089),POINT (-73.966839 40.688089),-8233950.853068048,4966443.153130429,False,POINT (-73.966839 40.688089)
616,374,374,IRT,Pelham,E 143 St-St Mary's St,Bx,False,6,Subway,40.808719,-73.907657,Northbound,Manhattan,0,0,0,,POINT (-73.907657 40.808719),POINT (-73.907657 40.808719),-8227362.742963921,4984168.568532601,False,POINT (-73.907657 40.808719)
J29,94,94,BMT,Jamaica,Halsey St,Bk,False,J,Elevated,40.68637,-73.916559,Outbound,Manhattan,0,0,0,,POINT (-73.916559 40.68637),POINT (-73.916559 40.68637),-8228353.709070963,4966190.7947798995,False,POINT (-73.916559 40.68637)
D22,231,231,IND,6th Av - Culver,Grand St,M,True,B D,Subway,40.718267,-73.993753,Uptown,Brooklyn,0,0,0,,POINT (-73.993753 40.718267),POINT (-73.993753 40.718267),-8236946.905843258,4970874.504956488,True,POINT (-73.993753 40.718267)
N10,79,79,BMT,Sea Beach,86 St,Bk,False,N,Open Cut,40.592721,-73.97823,Manhattan,Coney Island,0,0,0,,POINT (-73.97823 40.592721),POINT (-73.97823 40.592721),-8235218.893387674,4952452.444579109,False,POINT (-73.97823 40.592721)
252,347,347,IRT,Eastern Pky,Saratoga Av,Bk,False,3,Elevated,40.661453,-73.916327,Manhattan,New Lots,0,0,0,,POINT (-73.916327 40.661453),POINT (-73.916327 40.661453),-8228327.882949099,4962533.577239584,False,POINT (-73.916327 40.661453)
S19,513,513,SIR,Staten Island,Great Kills,SI,False,SIR,Open Cut,40.551231,-74.151399,Ferry,South Shore,1,1,1,,POINT (-74.151399 40.551231),POINT (-74.151399 40.551231),-8254495.978288855,4946371.99478847,False,POINT (-74.151399 40.551231)
232,335,620,IRT,Clark St,Borough Hall,Bk,False,2 3,Subway,40.693219,-73.989998,Manhattan,Outbound,1,1,1,,POINT (-73.989998 40.693219),POINT (-73.989998 40.693219),-8236528.901155329,4967196.303141636,False,POINT (-73.989998 40.693219)
M06,111,111,BMT,Myrtle Av,Seneca Av,Q,False,M,Elevated,40.702762,-73.90774,Inbound,Middle Village,0,0,0,,POINT (-73.90774 40.702762),POINT (-73.90774 40.702762),-8227371.982481657,4968597.492624164,False,POINT (-73.90774 40.702762)
H15,203,203,IND,Rockaway,Rockaway Park-Beach 116 St,Q,False,A S,At Grade,40.580903,-73.835592,Inbound,Last Stop,1,1,1,,POINT (-73.835592 40.580903),POINT (-73.835592 40.580903),-8219340.503859905,4950720.106900939,False,POINT (-73.835592 40.580903)
L13,124,124,BMT,Canarsie,Montrose Av,Bk,False,L,Subway,40.707739,-73.93985,Manhattan,Outbound,0,0,0,,POINT (-73.93985 40.707739),POINT (-73.93985 40.707739),-8230946.45133103,4969328.340384897,False,POINT (-73.93985 40.707739)
D10,218,218,IND,Concourse,167 St,Bx,False,B D,Subway,40.833771,-73.91844,Northbound,Manhattan,0,0,0,,POINT (-73.91844 40.833771),POINT (-73.91844 40.833771),-8228563.101033146,4987853.756403,False,POINT (-73.91844 40.833771)
257,352,352,IRT,Eastern Pky,New Lots Av,Bk,False,3,Elevated,40.666235,-73.884079,Manhattan,Last Stop,0,0,0,,POINT (-73.884079 40.666235),POINT (-73.884079 40.666235),-8224738.052009998,4963235.35409368,False,POINT (-73.884079 40.666235)
S14,518,518,SIR,Staten Island,Pleasant Plains,SI,False,SIR,Embankment,40.52241,-74.217847,Ferry,South Shore,0,0,0,,POINT (-74.217847 40.52241),POINT (-74.217847 40.52241),-8261892.935813088,4942150.431768764,False,POINT (-74.217847 40.52241)
502,443,443,IRT,Dyre Av,Baychester Av,Bx,False,5,Open Cut,40.878663,-73.838591,Eastchester,Manhattan,0,0,0,,POINT (-73.838591 40.878663),POINT (-73.838591 40.878663),-8219674.351012792,4994460.924101515,False,POINT (-73.838591 40.878663)
G32,288,288,IND,Crosstown,Myrtle-Willoughby Avs,Bk,False,G,Subway,40.694568,-73.949046,Queens,Southbound,0,0,0,,POINT (-73.949046 40.694568),POINT (-73.949046 40.694568),-8231970.145368364,4967394.36332919,False,POINT (-73.949046 40.694568)
215,428,428,IRT,Lenox - White Plains Rd,174 St,Bx,False,2 5,Elevated,40.837288,-73.887734,Northbound,Manhattan,0,0,0,,POINT (-73.887734 40.837288),POINT (-73.887734 40.837288),-8225144.924748845,4988371.223980382,False,POINT (-73.887734 40.837288)
F09,274,606,IND,Queens Blvd,Court Sq-23 St,Q,False,E F,Subway,40.747846,-73.946,Outbound,Manhattan,2,0,1,Manhattan-bound only,POINT (-73.946 40.747846),POINT (-73.946 40.747846),-8231631.066199408,4975219.849212743,False,POINT (-73.946 40.747846)
407,382,382,IRT,Jerome Av,Fordham Rd,Bx,False,4,Elevated,40.862803,-73.901034,Northbound,Manhattan,1,1,1,,POINT (-73.901034 40.862803),POINT (-73.901034 40.862803),-8226625.473976397,4992126.150780306,False,POINT (-73.901034 40.862803)
A21,159,159,IND,8th Av - Fulton St,81 St-Museum of Natural History,M,False,C B,Subway,40.781433,-73.972143,Uptown,Downtown,0,0,0,,POINT (-73.972143 40.781433),POINT (-73.972143 40.781433),-8234541.291647216,4980156.338361343,False,POINT (-73.972143 40.781433)
S31,501,501,SIR,Staten Island,St George,SI,False,SIR,Open Cut,40.643748,-74.073643,Last Stop,South Shore,1,1,1,,POINT (-74.073643 40.643748),POINT (-74.073643 40.643748),-8245840.219962733,4959935.738390131,False,POINT (-74.073643 40.643748)
Q01,19,623,BMT,Manhattan Bridge,Canal St,M,True,N Q,Subway,40.718383,-74.00046,Uptown,Downtown,0,0,0,,POINT (-74.00046 40.718383),POINT (-74.00046 40.718383),-8237693.525668009,4970891.542326145,True,POINT (-74.00046 40.718383)
A53,186,186,IND,8th Av - Fulton St,Van Siclen Av,Bk,False,C,Subway,40.67271,-73.890358,Manhattan,Outbound,0,0,0,,POINT (-73.890358 40.67271),POINT (-73.890358 40.67271),-8225437.02709269,4964185.665396165,False,POINT (-73.890358 40.67271)
113,303,303,IRT,Broadway - 7Av,157 St,M,False,1,Subway,40.834041,-73.94489,Uptown,Downtown,0,0,0,,POINT (-73.94489 40.834041),POINT (-73.94489 40.834041),-8231507.5015646275,4987893.481402843,False,POINT (-73.94489 40.834041)
603,362,362,IRT,Pelham,Middletown Rd,Bx,False,6,Elevated,40.843863,-73.836322,Pelham Bay,Manhattan,0,0,0,,POINT (-73.836322 40.843863),POINT (-73.836322 40.843863),-8219421.767088182,4989338.698625382,False,POINT (-73.836322 40.843863)
R34,30,30,BMT,4th Av,Prospect Av,Bk,False,R,Subway,40.665414,-73.992872,Manhattan,Southbound,0,0,0,,POINT (-73.992872 40.665414),POINT (-73.992872 40.665414),-8236848.833371871,4963114.865614807,False,POINT (-73.992872 40.665414)
E01,171,624,IND,8th Av - Fulton St,World Trade Center,M,True,E,Subway,40.712582,-74.009781,Uptown,Last Stop,1,1,1,,POINT (-74.009781 40.712582),POINT (-74.009781 40.712582),-8238731.134641693,4970039.563346836,True,POINT (-74.009781 40.712582)
S03,141,141,BMT,Franklin Shuttle,Park Pl,Bk,False,S,Open Cut,40.674772,-73.957624,Franklin Av,Prospect Park,1,1,1,,POINT (-73.957624 40.674772),POINT (-73.957624 40.674772),-8232925.043960388,4964488.316724074,False,POINT (-73.957624 40.674772)
D31,47,47,BMT,Broadway - Brighton,Newkirk Plaza,Bk,False,B Q,Open Cut,40.635082,-73.962793,Manhattan,Southbound,0,0,0,,POINT (-73.962793 40.635082),POINT (-73.962793 40.635082),-8233500.454408299,4958664.4351450605,False,POINT (-73.962793 40.635082)
G19,271,271,IND,Queens Blvd,Steinway St,Q,False,M R,Subway,40.756879,-73.92074,Outbound,Manhattan,0,0,0,,POINT (-73.92074 40.756879),POINT (-73.92074 40.756879),-8228819.135861969,4976547.239881397,False,POINT (-73.92074 40.756879)
F03,256,256,IND,Queens Blvd,Parsons Blvd,Q,False,F,Subway,40.707564,-73.803326,Jamaica,Manhattan,0,0,0,,POINT (-73.803326 40.707564),POINT (-73.803326 40.707564),-8215748.669169968,4969302.641576545,False,POINT (-73.803326 40.707564)
133,323,323,IRT,Broadway - 7Av,Christopher St-Stonewall,M,True,1,Subway,40.733422,-74.002906,Uptown,Downtown,0,0,0,,POINT (-74.002906 40.733422),POINT (-74.002906 40.733422),-8237965.813142489,4973100.6300448375,True,POINT (-74.002906 40.733422)
420,414,414,IRT,Lexington Av,Bowling Green,M,True,4 5,Subway,40.704817,-74.014065,Uptown,Downtown,1,1,1,,POINT (-74.014065 40.704817),POINT (-74.014065 40.704817),-8239208.027340252,4968899.25256021,True,POINT (-74.014065 40.704817)
609,367,367,IRT,Pelham,St Lawrence Av,Bx,False,6,Elevated,40.831509,-73.867618,Northbound,Manhattan,0,0,0,,POINT (-73.867618 40.831509),POINT (-73.867618 40.831509),-8222905.621872048,4987520.955536955,False,POINT (-73.867618 40.831509)
116,306,306,IRT,Broadway - 7Av,125 St,M,False,1,Elevated,40.815581,-73.958372,Uptown,Downtown,0,0,0,,POINT (-73.958372 40.815581),POINT (-73.958372 40.815581),-8233008.310939501,4985177.840926105,False,POINT (-73.958372 40.815581)
R11,7,613,BMT,Astoria,Lexington Av/59 St,M,True,N R W,Subway,40.76266,-73.967258,Queens,Downtown,0,0,0,,POINT (-73.967258 40.76266),POINT (-73.967258 40.76266),-8233997.495934691,4977396.846928403,True,POINT (-73.967258 40.76266)
F18,235,235,IND,6th Av - Culver,York St,Bk,False,F,Subway,40.701397,-73.986751,Manhattan,Southbound,0,0,0,,POINT (-73.986751 40.701397),POINT (-73.986751 40.701397),-8236167.446768723,4968397.058688481,False,POINT (-73.986751 40.701397)
F31,246,246,IND,6th Av - Culver,Avenue I,Bk,False,F,Elevated,40.625322,-73.976127,Manhattan,Southbound,0,0,0,,POINT (-73.976127 40.625322),POINT (-73.976127 40.625322),-8234984.788498537,4957232.839525801,False,POINT (-73.976127 40.625322)
B15,62,62,BMT,West End,55 St,Bk,False,D,Elevated,40.631435,-73.995476,Manhattan,Southbound,0,0,0,,POINT (-73.995476 40.631435),POINT (-73.995476 40.631435),-8237138.709325896,4958129.469140502,False,POINT (-73.995476 40.631435)
H09,207,207,IND,Rockaway,Beach 36 St,Q,False,A,Viaduct,40.595398,-73.768175,Manhattan,Far Rockaway,0,0,0,,POINT (-73.768175 40.595398),POINT (-73.768175 40.595398),-8211835.677749094,4952844.894281663,False,POINT (-73.768175 40.595398)
M23,107,107,BMT,Jamaica,Broad St,M,True,J Z,Subway,40.706476,-74.011056,Brooklyn,Last Stop,0,0,0,,POINT (-74.011056 40.706476),POINT (-74.011056 40.706476),-8238873.066992453,4969142.869928825,True,POINT (-74.011056 40.706476)
625,396,396,IRT,Lexington Av,96 St,M,False,6,Subway,40.785672,-73.95107,The Bronx,Downtown,0,0,0,,POINT (-73.95107 40.785672),POINT (-73.95107 40.785672),-8232195.456017729,4980779.547773958,False,POINT (-73.95107 40.785672)
R17,12,607,BMT,Broadway - Brighton,34 St-Herald Sq,M,True,N Q R W,Subway,40.749567,-73.98795,Uptown,Downtown,1,1,1,,POINT (-73.98795 40.749567),POINT (-73.98795 40.749567),-8236300.918838185,4975472.734603438,True,POINT (-73.98795 40.749567)
901,469,610,IRT,Lexington - Shuttle,Grand Central-42 St,M,True,S,Subway,40.752769,-73.979189,Times Square,Last Stop,1,1,1,,POINT (-73.979189 40.752769),POINT (-73.979189 40.752769),-8235325.648779346,4975943.256972085,True,POINT (-73.979189 40.752769)
142,330,635,IRT,Broadway - 7Av,South Ferry,M,True,1,Subway,40.702068,-74.013664,Uptown,Last Stop,1,1,1,,POINT (-74.013664 40.702068),POINT (-74.013664 40.702068),-8239163.388224444,4968495.586505473,True,POINT (-74.013664 40.702068)
D06,214,214,IND,Concourse,182-183 Sts,Bx,False,B D,Subway,40.856093,-73.900741,Northbound,Manhattan,0,0,0,,POINT (-73.900741 40.856093),POINT (-73.900741 40.856093),-8226592.857365594,4991138.530381295,False,POINT (-73.900741 40.856093)
640,411,622,IRT,Lexington Av,Brooklyn Bridge-City Hall,M,True,4 5 6,Subway,40.713065,-74.004131,Uptown,Downtown,1,1,1,,POINT (-74.004131 40.713065),POINT (-74.004131 40.713065),-8238102.179518711,4970110.497567217,True,POINT (-74.004131 40.713065)
A14,152,152,IND,8th Av - Fulton St,135 St,M,False,C B,Subway,40.817894,-73.947649,Uptown,Downtown,0,0,0,,POINT (-73.947649 40.817894),POINT (-73.947649 40.817894),-8231814.632039725,4985518.063670078,False,POINT (-73.947649 40.817894)
211,424,424,IRT,Lenox - White Plains Rd,Pelham Pkwy,Bx,False,2 5,Elevated,40.857192,-73.867615,Northbound,Manhattan,1,1,1,,POINT (-73.867615 40.857192),POINT (-73.867615 40.857192),-8222905.287913578,4991300.281327501,False,POINT (-73.867615 40.857192)
N07,76,76,BMT,Sea Beach,Bay Pkwy,Bk,False,N,Open Cut,40.611815,-73.981848,Manhattan,Coney Island,0,0,0,,POINT (-73.981848 40.611815),POINT (-73.981848 40.611815),-8235621.647305364,4955251.979448211,False,POINT (-73.981848 40.611815)
225,439,439,IRT,Lenox - White Plains Rd,125 St,M,False,2 3,Subway,40.807754,-73.945495,Uptown,Downtown,0,0,0,,POINT (-73.945495 40.807754),POINT (-73.945495 40.807754),-8231574.849856555,4984026.643377055,False,POINT (-73.945495 40.807754)
B14,61,61,BMT,West End,50 St,Bk,False,D,Elevated,40.63626,-73.994791,Manhattan,Southbound,0,0,0,,POINT (-73.994791 40.63626),POINT (-73.994791 40.63626),-8237062.455474703,4958837.238195333,False,POINT (-73.994791 40.63626)
R45,39,39,BMT,4th Av,Bay Ridge-95 St,Bk,False,R,Subway,40.616622,-74.030876,Manhattan,Last Stop,1,1,1,,POINT (-74.030876 40.616622),POINT (-74.030876 40.616622),-8241079.419299978,4955956.900924717,False,POINT (-74.030876 40.616622)
G28,284,284,IND,Crosstown,Nassau Av,Bk,False,G,Subway,40.724635,-73.951277,Queens,Southbound,0,0,0,,POINT (-73.951277 40.724635),POINT (-73.951277 40.724635),-8232218.499152324,4971809.841725662,False,POINT (-73.951277 40.724635)
A33,168,168,IND,8th Av - Fulton St,Spring St,M,True,C E,Subway,40.726227,-74.003739,Uptown,Downtown,2,0,1,Downtown only,POINT (-74.003739 40.726227),POINT (-74.003739 40.726227),-8238058.5422783205,4972043.689900915,True,POINT (-74.003739 40.726227)
411,386,386,IRT,Jerome Av,Mt Eden Av,Bx,False,4,Elevated,40.844434,-73.914685,Northbound,Manhattan,0,0,0,,POINT (-73.914685 40.844434),POINT (-73.914685 40.844434),-8228145.096345217,4989422.722625845,False,POINT (-73.914685 40.844434)
A09,148,605,IND,8th Av - Fulton St,168 St,M,False,A C,Subway,40.840719,-73.939561,Uptown,Downtown,1,1,1,,POINT (-73.939561 40.840719),POINT (-73.939561 40.840719),-8230914.27999819,4988876.064555587,False,POINT (-73.939561 40.840719)
G05,278,278,IND,Queens - Archer,Jamaica Center-Parsons/Archer,Q,False,E J Z,Subway,40.702147,-73.801109,Last Stop,Manhattan,1,1,1,,POINT (-73.801109 40.702147),POINT (-73.801109 40.702147),-8215501.873858879,4968507.1867161505,False,POINT (-73.801109 40.702147)
109,299,299,IRT,Broadway - 7Av,Dyckman St,M,False,1,Elevated,40.860531,-73.925536,The Bronx,Downtown,1,1,1,,POINT (-73.925536 40.860531),POINT (-73.925536 40.860531),-8229353.024139812,4991791.732193456,False,POINT (-73.925536 40.860531)
R40,34,34,BMT,4th Av,53 St,Bk,False,R,Subway,40.645069,-74.014034,Manhattan,Southbound,0,0,0,,POINT (-74.014034 40.645069),POINT (-74.014034 40.645069),-8239204.576436037,4960129.543746992,False,POINT (-74.014034 40.645069)
A59,190,190,IND,Liberty Av,80 St,Q,False,A,Elevated,40.679371,-73.858992,Manhattan,Outbound,0,0,0,,POINT (-73.858992 40.679371),POINT (-73.858992 40.679371),-8221945.379944467,4965163.371520976,False,POINT (-73.858992 40.679371)
A50,183,183,IND,8th Av - Fulton St,Rockaway Av,Bk,False,C,Subway,40.67834,-73.911946,Manhattan,Outbound,0,0,0,,POINT (-73.911946 40.67834),POINT (-73.911946 40.67834),-8227840.192259934,4965012.03424754,False,POINT (-73.911946 40.67834)
G14,267,616,IND,Queens Blvd,Jackson Hts-Roosevelt Av,Q,False,E F M R,Subway,40.746644,-73.891338,Outbound,Manhattan,1,1,1,,POINT (-73.891338 40.746644),POINT (-73.891338 40.746644),-8225546.120193666,4975043.23006155,False,POINT (-73.891338 40.746644)
D35,51,51,BMT,Broadway - Brighton,Kings Hwy,Bk,False,B Q,Open Cut,40.60867,-73.957734,Manhattan,Southbound,1,1,1,,POINT (-73.957734 40.60867),POINT (-73.957734 40.60867),-8232937.289104376,4954790.809045048,False,POINT (-73.957734 40.60867)
626,397,397,IRT,Lexington Av,86 St,M,False,4 5 6,Subway,40.779492,-73.955589,Uptown,Downtown,2,1,0,Uptown local only,POINT (-73.955589 40.779492),POINT (-73.955589 40.779492),-8232698.508796625,4979870.98964817,False,POINT (-73.955589 40.779492)
R03,2,2,BMT,Astoria,Astoria Blvd,Q,False,N W,Elevated,40.770258,-73.917843,Astoria,Manhattan,1,1,1,,POINT (-73.917843 40.770258),POINT (-73.917843 40.770258),-8228496.643297141,4978513.602523597,False,POINT (-73.917843 40.770258)
216,429,429,IRT,Lenox - White Plains Rd,Freeman St,Bx,False,2 5,Elevated,40.829993,-73.891865,Northbound,Manhattan,0,0,0,,POINT (-73.891865 40.829993),POINT (-73.891865 40.829993),-8225604.785565313,4987297.917632864,False,POINT (-73.891865 40.829993)
D01,210,210,IND,Concourse,Norwood-205 St,Bx,False,D,Subway,40.874811,-73.878855,Last Stop,Manhattan,0,0,0,,POINT (-73.878855 40.874811),POINT (-73.878855 40.874811),-8224156.518990093,4993893.814239894,False,POINT (-73.878855 40.874811)
706,450,450,IRT,Flushing,103 St-Corona Plaza,Q,False,7,Elevated,40.749865,-73.8627,Outbound,Manhattan,0,0,0,,POINT (-73.8627 40.749865),POINT (-73.8627 40.749865),-8222358.152616328,4975516.523674024,False,POINT (-73.8627 40.749865)
243,355,355,IRT,Nostrand,Winthrop St,Bk,False,2 5,Subway,40.656652,-73.9502,Manhattan,Flatbush,0,0,0,,POINT (-73.9502 40.656652),POINT (-73.9502 40.656652),-8232098.608060738,4961829.062671852,False,POINT (-73.9502 40.656652)
F23,239,608,IND,6th Av - Culver,4 Av-9 St,Bk,False,F G,Viaduct,40.670272,-73.989779,Northbound,Southbound,0,0,0,,POINT (-73.989779 40.670272),POINT (-73.989779 40.670272),-8236504.522186846,4963827.838510215,False,POINT (-73.989779 40.670272)
F26,242,242,IND,6th Av - Culver,Fort Hamilton Pkwy,Bk,False,F G,Subway,40.650782,-73.975776,Northbound,Southbound,0,0,0,,POINT (-73.975776 40.650782),POINT (-73.975776 40.650782),-8234945.715357267,4960967.748405372,False,POINT (-73.975776 40.650782)
F38,252,252,IND,6th Av - Culver,Avenue X,Bk,False,F,Elevated,40.58962,-73.97425,Manhattan,Coney Island,0,0,0,,POINT (-73.97425 40.58962),POINT (-73.97425 40.58962),-8234775.841814318,4951997.855879961,False,POINT (-73.97425 40.58962)
205,418,418,IRT,Lenox - White Plains Rd,233 St,Bx,False,2 5,Elevated,40.893193,-73.857473,Northbound,Manhattan,1,1,1,,POINT (-73.857473 40.893193),POINT (-73.857473 40.893193),-8221776.285637951,4996600.397275075,False,POINT (-73.857473 40.893193)
L16,127,127,BMT,Canarsie,DeKalb Av,Bk,False,L,Subway,40.703811,-73.918425,Manhattan,Outbound,0,0,0,,POINT (-73.918425 40.703811),POINT (-73.918425 40.703811),-8228561.431240783,4968751.528527963,False,POINT (-73.918425 40.703811)
L28,137,137,BMT,Canarsie,East 105 St,Bk,False,L,At Grade,40.650573,-73.899485,Manhattan,Canarsie,0,0,0,,POINT (-73.899485 40.650573),POINT (-73.899485 40.650573),-8226453.040085157,4960937.082905962,False,POINT (-73.899485 40.650573)
721,464,464,IRT,Flushing,Vernon Blvd-Jackson Av,Q,False,7,Subway,40.742626,-73.953581,Outbound,Manhattan,0,0,0,,POINT (-73.953581 40.742626),POINT (-73.953581 40.742626),-8232474.979259112,4974452.8574329065,False,POINT (-73.953581 40.742626)
621,392,392,IRT,Lexington Av,125 St,M,False,4 5 6,Subway,40.804138,-73.937594,The Bronx,Downtown,1,1,1,,POINT (-73.937594 40.804138),POINT (-73.937594 40.804138),-8230695.3145598,4983494.846849095,False,POINT (-73.937594 40.804138)
S24,508,508,SIR,Staten Island,Jefferson Av,SI,False,SIR,Embankment,40.583591,-74.103338,Ferry,South Shore,0,0,0,,POINT (-74.103338 40.583591),POINT (-74.103338 40.583591),-8249145.852241838,4951114.099611574,False,POINT (-74.103338 40.583591)
137,327,327,IRT,Broadway - 7Av,Chambers St,M,True,1 2 3,Subway,40.715478,-74.009266,Uptown,Downtown,1,1,1,,POINT (-74.009266 40.715478),POINT (-74.009266 40.715478),-8238673.805103934,4970464.882652813,True,POINT (-74.009266 40.715478)
A65,195,195,IND,Liberty Av,Ozone Park-Lefferts Blvd,Q,False,A,Elevated,40.685951,-73.825798,Manhattan,Last Stop,1,1,1,,POINT (-73.825798 40.685951),POINT (-73.825798 40.685951),-8218250.240767076,4966129.284336164,False,POINT (-73.825798 40.685951)
B19,66,66,BMT,West End,18 Av,Bk,False,D,Elevated,40.607954,-74.001736,Manhattan,Southbound,0,0,0,,POINT (-74.001736 40.607954),POINT (-74.001736 40.607954),-8237835.569338261,4954685.820660367,False,POINT (-74.001736 40.607954)
M19,103,103,BMT,Jamaica,Bowery,M,True,J Z,Subway,40.72028,-73.993915,Brooklyn,Downtown,0,0,0,,POINT (-73.993915 40.72028),POINT (-73.993915 40.72028),-8236964.939600767,4971170.166282319,True,POINT (-73.993915 40.72028)
R33,29,608,BMT,4th Av,4 Av-9 St,Bk,False,R,Subway,40.670847,-73.988302,Manhattan,Southbound,0,0,0,,POINT (-73.988302 40.670847),POINT (-73.988302 40.670847),-8236340.103298945,4963912.230464753,False,POINT (-73.988302 40.670847)
239,342,626,IRT,Eastern Pky,Franklin Av-Medgar Evers College,Bk,False,2 3 4 5,Subway,40.670682,-73.958131,Manhattan,Outbound,0,0,0,,POINT (-73.958131 40.670682),POINT (-73.958131 40.670682),-8232981.48294222,4963888.013568565,False,POINT (-73.958131 40.670682)
636,407,407,IRT,Lexington Av,Astor Pl,M,True,6,Subway,40.730054,-73.99107,Uptown,Downtown,0,0,0,,POINT (-73.99107 40.730054),POINT (-73.99107 40.730054),-8236648.23564946,4972605.859124702,True,POINT (-73.99107 40.730054)
D28,44,44,BMT,Broadway - Brighton,Church Av,Bk,False,B Q,Open Cut,40.650527,-73.962982,Manhattan,Southbound,1,1,1,,POINT (-73.962982 40.650527),POINT (-73.962982 40.650527),-8233521.493792059,4960930.33357449,False,POINT (-73.962982 40.650527)
R28,24,620,BMT,Broadway,Court St,Bk,False,R,Subway,40.6941,-73.991777,Manhattan,Southbound,0,0,0,,POINT (-73.991777 40.6941),POINT (-73.991777 40.6941),-8236726.93852945,4967325.6511122845,False,POINT (-73.991777 40.6941)
J28,93,93,BMT,Jamaica,Chauncey St,Bk,False,J Z,Elevated,40.682893,-73.910456,Outbound,Manhattan,0,0,0,,POINT (-73.910456 40.682893),POINT (-73.910456 40.682893),-8227674.326218651,4965680.372568925,False,POINT (-73.910456 40.682893)
712,456,456,IRT,Flushing,61 St-Woodside,Q,False,7,Elevated,40.74563,-73.902984,Outbound,Manhattan,1,1,1,,POINT (-73.902984 40.74563),POINT (-73.902984 40.74563),-8226842.546983444,4974894.237685932,False,POINT (-73.902984 40.74563)
D41,56,56,BMT,Broadway - Brighton,Ocean Pkwy,Bk,False,Q,Elevated,40.576312,-73.968501,Manhattan,Coney Island,0,0,0,,POINT (-73.968501 40.576312),POINT (-73.968501 40.576312),-8234135.866061747,4950047.219205225,False,POINT (-73.968501 40.576312)
J21,88,88,BMT,Jamaica,Norwood Av,Bk,False,J Z,Elevated,40.68141,-73.880039,Outbound,Manhattan,0,0,0,,POINT (-73.880039 40.68141),POINT (-73.880039 40.68141),-8224288.321267192,4965462.6768617015,False,POINT (-73.880039 40.68141)
L22,132,621,BMT,Canarsie,Broadway Junction,Bk,False,L,Elevated,40.678856,-73.90324,Manhattan,Outbound,0,0,0,,POINT (-73.90324 40.678856),POINT (-73.90324 40.678856),-8226871.044773087,4965087.775985125,False,POINT (-73.90324 40.678856)
104,295,295,IRT,Broadway - 7Av,231 St,Bx,False,1,Elevated,40.878856,-73.904834,Van Cortlandt,Manhattan,1,1,1,,POINT (-73.904834 40.878856),POINT (-73.904834 40.878856),-8227048.488041411,4994489.339352658,False,POINT (-73.904834 40.878856)
G10,263,263,IND,Queens Blvd,63 Dr-Rego Park,Q,False,M R,Subway,40.729846,-73.861604,Outbound,Manhattan,0,0,0,,POINT (-73.861604 40.729846),POINT (-73.861604 40.729846),-8222236.146454419,4972575.304021964,False,POINT (-73.861604 40.729846)
A28,164,164,IND,8th Av - Fulton St,34 St-Penn Station,M,True,A C E,Subway,40.752287,-73.993391,Uptown,Downtown,1,1,1,,POINT (-73.993391 40.752287),POINT (-73.993391 40.752287),-8236906.608187592,4975872.427359198,True,POINT (-73.993391 40.752287)
H12,200,200,IND,Rockaway,Beach 90 St,Q,False,A S,Viaduct,40.588034,-73.813641,Inbound,Rockaway Park,0,0,0,,POINT (-73.813641 40.588034),POINT (-73.813641 40.588034),-8216896.929717502,4951765.365583058,False,POINT (-73.813641 40.588034)
126,316,316,IRT,Broadway - 7Av,50 St,M,True,1,Subway,40.761728,-73.983849,Uptown,Downtown,0,0,0,,POINT (-73.983849 40.761728),POINT (-73.983849 40.761728),-8235844.397606443,4977259.870168315,True,POINT (-73.983849 40.761728)
120,310,310,IRT,Broadway - 7Av,96 St,M,False,1 2 3,Subway,40.793919,-73.972323,Uptown,Downtown,1,1,1,,POINT (-73.972323 40.793919),POINT (-73.972323 40.793919),-8234561.329155559,4981992.119423536,False,POINT (-73.972323 40.793919)
A45,178,627,IND,8th Av - Fulton St,Franklin Av,Bk,False,C,Subway,40.68138,-73.956848,Manhattan,Outbound,1,1,1,,POINT (-73.956848 40.68138),POINT (-73.956848 40.68138),-8232838.660035532,4965458.273087531,False,POINT (-73.956848 40.68138)
630,401,612,IRT,Lexington Av,51 St,M,True,6,Subway,40.757107,-73.97192,Uptown,Downtown,1,1,1,,POINT (-73.97192 40.757107),POINT (-73.97192 40.757107),-8234516.467400769,4976580.746595792,True,POINT (-73.97192 40.757107)
N02,71,71,BMT,Sea Beach,8 Av,Bk,False,N,Open Cut,40.635064,-74.011719,Manhattan,Coney Island,1,1,1,,POINT (-74.011719 40.635064),POINT (-74.011719 40.635064),-8238946.871814851,4958661.794714632,False,POINT (-74.011719 40.635064)
S13,519,519,SIR,Staten Island,Richmond Valley,SI,False,SIR,Open Cut,40.519631,-74.229141,Ferry,Tottenville,0,0,0,,POINT (-74.229141 40.519631),POINT (-74.229141 40.519631),-8263150.178142106,4941743.4730324345,False,POINT (-74.229141 40.519631)
235,338,617,IRT,Eastern Pky,Atlantic Av-Barclays Ctr,Bk,False,2 3 4 5,Subway,40.684359,-73.977666,Manhattan,Outbound,1,1,1,,POINT (-73.977666 40.684359),POINT (-73.977666 40.684359),-8235156.109194867,4965895.577536533,False,POINT (-73.977666 40.684359)
247,359,359,IRT,Nostrand,Flatbush Av-Brooklyn College,Bk,False,2 5,Subway,40.632836,-73.947642,Manhattan,Last Stop,1,1,1,,POINT (-73.947642 40.632836),POINT (-73.947642 40.632836),-8231813.852803291,4958334.973600834,False,POINT (-73.947642 40.632836)
401,378,378,IRT,Jerome Av,Woodlawn,Bx,False,4,Elevated,40.886037,-73.878751,Last Stop,Manhattan,0,0,0,,POINT (-73.878751 40.886037),POINT (-73.878751 40.886037),-8224144.94176305,4995546.651712682,False,POINT (-73.878751 40.886037)
D17,227,607,IND,6th Av - Culver,34 St-Herald Sq,M,True,B D F M,Subway,40.749719,-73.987823,Uptown,Downtown,1,1,1,,POINT (-73.987823 40.749719),POINT (-73.987823 40.749719),-8236286.781262855,4975495.06994378,True,POINT (-73.987823 40.749719)
505,446,446,IRT,Dyre Av,Morris Park,Bx,False,5,Open Cut,40.854364,-73.860495,Eastchester,Manhattan,0,0,0,,POINT (-73.860495 40.854364),POINT (-73.860495 40.854364),-8222112.693139128,4990884.0613942705,False,POINT (-73.860495 40.854364)
L01,115,618,BMT,Canarsie,8 Av,M,True,L,Subway,40.739777,-74.002578,Last Stop,Brooklyn,1,1,1,,POINT (-74.002578 40.739777),POINT (-74.002578 40.739777),-8237929.300349509,4974034.269878607,True,POINT (-74.002578 40.739777)
718,461,461,IRT,Flushing,Queensboro Plaza,Q,False,7,Elevated,40.750582,-73.940202,Outbound,Manhattan,1,1,1,,POINT (-73.940202 40.750582),POINT (-73.940202 40.750582),-8230985.635791788,4975621.882745286,False,POINT (-73.940202 40.750582)
612,370,370,IRT,Pelham,Whitlock Av,Bx,False,6,Elevated,40.826525,-73.886283,Northbound,Manhattan,0,0,0,,POINT (-73.886283 40.826525),POINT (-73.886283 40.826525),-8224983.400167706,4986787.715533361,False,POINT (-73.886283 40.826525)
M12,98,98,BMT,Jamaica,Flushing Av,Bk,False,M J,Elevated,40.70026,-73.941126,Outbound,Manhattan,1,1,1,,POINT (-73.941126 40.70026),POINT (-73.941126 40.70026),-8231088.49500128,4968230.106963361,False,POINT (-73.941126 40.70026)
S28,504,504,SIR,Staten Island,Clifton,SI,False,SIR,Elevated,40.621319,-74.071402,Ferry,South Shore,0,0,0,,POINT (-74.071402 40.621319),POINT (-74.071402 40.621319),-8245590.752983866,4956645.740469127,False,POINT (-74.071402 40.621319)
228,331,624,IRT,Clark St,Park Place,M,True,2 3,Subway,40.713051,-74.008811,Uptown,Brooklyn,0,0,0,,POINT (-74.008811 40.713051),POINT (-74.008811 40.713051),-8238623.154735623,4970108.441495618,True,POINT (-74.008811 40.713051)
220,433,433,IRT,Lenox - White Plains Rd,Jackson Av,Bx,False,2 5,Elevated,40.81649,-73.907807,Northbound,Manhattan,0,0,0,,POINT (-73.907807 40.81649),POINT (-73.907807 40.81649),-8227379.44088754,4985311.54572578,False,POINT (-73.907807 40.81649)
D07,215,215,IND,Concourse,Tremont Av,Bx,False,B D,Subway,40.85041,-73.905227,Northbound,Manhattan,1,1,1,,POINT (-73.905227 40.85041),POINT (-73.905227 40.85041),-8227092.236601293,4990302.148599562,False,POINT (-73.905227 40.85041)
L08,120,120,BMT,Canarsie,Bedford Av,Bk,False,L,Subway,40.717304,-73.956872,Manhattan,Outbound,1,1,1,,POINT (-73.956872 40.717304),POINT (-73.956872 40.717304),-8232841.331703312,4970733.0665598195,False,POINT (-73.956872 40.717304)
B06,222,222,IND,63rd St,Roosevelt Island,M,False,M,Subway,40.759145,-73.95326,Queens,Downtown,1,1,1,,POINT (-73.95326 40.759145),POINT (-73.95326 40.759145),-8232439.245702566,4976880.254700141,False,POINT (-73.95326 40.759145)
J15,83,83,BMT,Jamaica,Woodhaven Blvd,Q,False,J Z,Elevated,40.693879,-73.851576,Jamaica,Manhattan,1,1,1,,POINT (-73.851576 40.693879),POINT (-73.851576 40.693879),-8221119.834600743,4967293.203844296,False,POINT (-73.851576 40.693879)
S18,514,514,SIR,Staten Island,Eltingville,SI,False,SIR,Embankment,40.544601,-74.16457,Ferry,South Shore,0,0,0,,POINT (-74.16457 40.544601),POINT (-74.16457 40.544601),-8255962.167302093,4945400.703067325,False,POINT (-74.16457 40.544601)
F14,232,232,IND,6th Av - Culver,2 Av,M,True,F,Subway,40.723402,-73.989938,Uptown,Downtown,0,0,0,,POINT (-73.989938 40.723402),POINT (-73.989938 40.723402),-8236522.221985882,4971628.730745297,True,POINT (-73.989938 40.723402)
253,348,348,IRT,Eastern Pky,Rockaway Av,Bk,False,3,Elevated,40.662549,-73.908946,Manhattan,New Lots,0,0,0,,POINT (-73.908946 40.662549),POINT (-73.908946 40.662549),-8227506.233787553,4962694.415001885,False,POINT (-73.908946 40.662549)
